62	334	51	336	66	375	60	351	55	352	61	363	57	247	23	241	22
20	235	99	456	111	491	135	497	112	494	121	534	131	557	132
61	363	57	366	117	516	119	524	138
101	460	104	384	63	382	62	338	52	330	50	332	71	398	114	498	113	501	131	534	121	474	107	477	134	487	110
165	598	162	587	159	294	36	259	28	261	40	283	33	282	39	299	42	308	77	412	82
131	557	132	558	142	339	52	338	62
46	313	45	227	18	226	19	222	16
144	405	74	406	146	571	147	574	149	172	1	170	3	173	2	175	5	182	9	196	10	204	24	244	23	247	57	364	64	385	70	350	54	348	60	367	58	333	51	334	62
163	200	9	199	27	181	4	174	2	176	16
163	591	160	593	165	598	162	587	159	294	36	281	33
132	558	142	339	52	330	50	331	67	337	51	333	58	341	53	304	41	284	33	271	31	272	34
34	272	31	274	40	290	36	293	70	350	54	346	55	356	115	508	116	513	133	536	122	532	121
148	322	46	313	45	316	97	234	20	232	21	237	23	247	57	363	61
62	338	52	330	50	332	71	398	114	505	131
121	474	107	477	134	560	139	483	109	484	140	525	119	516	117	239	21	232	20	213	12	212	14	209	11
110	485	112	495	130	533	121	534	131	557	132
110	478	109	479	111	492	138
62	334	51	333	58	341	53	310	44	307	42	299	39	278	32	276	34
27	181	4	171	1	172	149	574	147	571	146	406	74	405	144
69	395	127	518	117	519	136	551	128	481	109	478	110
92	438	88	439	166	597	161	595	164	255	25	243	22	233	20
61	352	55	355	70	293	36
139	483	109	484	140	525	119	516	117	239	21	232	20	213	12	212	14	218	16	176	2
2	175	5	185	27	199	9	187	6	188	163
19	222	16	210	11	197	9	194	8
165	596	161	257	26	246	23	248	117	517	125	545	136	551	128	552	139
83	190	7	186	6	187	9	182	5	175	2	169	1	167	0	167	1	172	149	574	147	571	146	406	74	405	144
62	334	51	336	66	375	60	351	55	352	61	363	57	247	23	241	22	214	12	207	11
144	405	74	406	146	571	147	574	149	172	1	167	0	167	1	169	2	175	5	182	9	187	6	186	7	193	163	591	160	593	165	598	162	587	159	294	36	281	33
144	410	76
92	432	86	268	30	265	34
16	210	11	201	10
16	216	13	211	12	202	10	204	24	251	56
139	523	118	465	106	470	133	559	137	538	123	402	72	392	68	389	67	337	51	334	62	371	59	374	104	460	101
144	404	73	328	49	327	48	323	47	325	97
46	320	48	320	46	322	148	322	46	320	48	327	49	328	73	403	76	407	75
110	487	134	522	118	465	106	468	124	512	116	508	115	356	55	346	54	340	53
99	456	111	479	109	478	110	487	134	522	118
28	261	40	283	33	284	41	303	44	312	94	445	95
110	478	109	482	136	545	125	543	127	395	69	379	61	378	64	359	56	292	36	259	28	258	31	272	34
16	216	13	211	12	214	22	241	23	247	57	363	61	352	55	351	60	376	68	376	60	367	58	368	62
95	442	93	383	63	382	62	338	52	330	50	330	52	339	142	558	132
83	421	88	439	166	597	161	257	26	246	23	248	117	519	136
128	551	136	545	125	527	120	531	141	357	55	346	54	347	58	368	62
99	456	111	479	109	478	110	487	134	522	118
118	522	134	487	110	478	109	479	111	456	99	453	97	316	45	313	46	322	148
30	265	34	287	37	295	38	298	162	598	165	601	164	206	10	201	11	210	16
83	190	7	186	6	187	9	199	27	181	4	174	2
134	477	107	464	106	468	124	512	116	508	115	356	55	346	54	350	70	293	36	259	28	258	31	272	34
118	465	106	467	122	499	113	498	114	507	142
165	588	159	294	36	259	28	261	40	283	33	285	42	307	44	312	94	445	95	447	105	461	101
43	300	39	278	32	278	39	299	42	307	44	312	94	345	53	344	93	383	63	382	62
52	338	62	334	51	336	66	375	60	351	55	352	61
136	519	117	248	23	244	24	253	164
8	195	10	206	164	206	10	202	12	213	20	235	99	456	111	491	135	497	112	494	121	534	131
34	286	35	262	29
62	338	52	330	50	332	71	397	72	399	113	499	122	467	106	469	129
55	353	64
29	263	43
22	243	25	249	24	252	161	597	166	439	88	438	92	436	87	435	91	440	89	441	150	576	156	582	153	583	157
142	507	114	505	131	534	121	474	107	477	134	487	110
70	355	55	354	69	394	120	529	129	550	128
33	281	36	292	56	358	57	365	69	395	127	543	125	545	136	551	128	481	109	478	110
16	210	11	197	9	194	8	194	9	200	163	591	160	594	166	599	162	298	38	288	34
62	338	52	330	50	332	71	398	114	498	113	501	131	534	121	474	107	477	134	487	110
11	201	10	206	164	601	165	588	159	294	36	259	28
97	448	96	315	45	313	46	322	148
62	334	51	333	58	341	53	304	41	284	33	271	31	272	34
61	352	55	351	60	367	58	368	62
157	585	156	576	150	441	89	424	84	191	7	186	6
78	411	77	301	39	278	32	276	34
78	411	77	412	82
61	363	57	366	117	519	136	551	128	552	139
44	303	41	284	33	283	40	290	36	294	159	588	165
99	456	111	479	109	478	110	489	139	523	118	465	106	470	133	559	137	538	123	402	72	377	60	367	58	368	62
78	413	79	311	44	310	53	341	58	368	62
134	471	106	468	124	512	116	508	115	356	55
33	281	36	294	159	586	161	595	164	206	10	202	12	213	20
55	354	69	394	120	530	136	482	109
118	521	129	544	125	546	140	525	119	516	117	239	21	232	20	213	12	212	14	218	16
101	460	104	463	105	444	93	344	53	310	44	307	42	285	33	283	40	261	28	259	36	294	159	588	165
57	247	23	241	22	203	10	195	8	194	9	187	6
46	313	45	227	18	226	19	222	16	210	11	197	9	194	8	194	9	200	163	591	160	594	166	599	162	298	38	288	34
92	432	86	268	30	265	34	276	32	278	39	299	42	307	44	312	94	345	53	344	93	383	63	382	62
144	404	73	328	49	327	48	320	46	322	148	322	46	320	48	323	47	326	98	449	96	451	100	458	111	479	109	478	110	488	135	488	110	488	135	497	112	495	130	533	121	534	131	557	132	558	142
139	483	109	484	140	562	138	457	99	453	97
33	285	42	302	41	304	53	341	58	368	62
70	306	41	302	42	308	77	411	78
62	334	51	333	58	341	53	304	41	284	33
138	240	21	232	20	234	97	316	45	313	46	322	148
62	338	52	330	50	332	71	397	72	401	115	508	116	515	141	531	120	530	136	482	109
89	440	91	435	87	436	92	438	88	437	90	422	83
55	351	60	367	58	368	62	338	52	339	142
62	334	51	336	66	375	60	351	55	352	61	363	57	247	23	241	22	214	12	198	9	182	5	175	2
46	313	45	316	97	453	99	456	111	479	109	478	110	489	139	523	118	465	106	470	133	559	137	538	123	402	72	377	60	367	58	368	62
30	265	34	272	31	258	28	259	36	293	70	350	54	348	60	377	72	399	113	502	132
109	481	128	551	136	545	125	543	127	395	69	354	55	353	64	385	70	306	41	302	42	308	77	411	78
157	579	151	577	152	577	151	577	152	580	155
34	272	31	274	40	290	36	292	56	359	64	378	61	379	69	395	127	543	125	545	136	551	128	552	139
34	272	31	258	28	259	36	292	56	358	57	366	117	519	136	482	109
16	219	15	220	19	229	20
62	338	52	330	50	330	52	339	142	558	132
83	421	88	439	166	597	161	362	56	359	64	378	61	379	69	396	141	515	116	511	123	500	113	498	114	507	142
46	313	45	316	97	234	20	232	21	237	23	247	57	363	61	352	55
110	478	109	482	136	545	125	543	127	395	69	354	55	353	64	359	56	292	36	281	33
62	334	51	333	58	341	53	343	65	386	70	360	56	362	161	597	166	439	88	421	83
118	465	106	468	124	512	116	508	115	356	55	346	54	340	53	310	44
157	583	153	582	156	576	150	441	89	440	91	435	87	436	92	432	86	268	30	265	34	272	31	271	33
46	313	45	317	98	449	96	451	100	458	111	491	135	497	112
118	521	129	554	136	545	125	517	117	248	23	245	25	255	164	601	165
33	283	40	261	28	259	36	294	159	588	165
134	487	110
101	373	59	372	63	382	62	338	52	330	50	332	71	398	114	498	113	501	131	534	121	474	107	477	134	487	110
37	295	38	288	34
62	338	52	330	50	332	71	397	72	401	115	510	141
139	483	109	484	140	525	119	516	117	239	21	232	20
124	512	116	511	123	402	72	377	60	367	58	368	62
82	309	43	300	39	278	32	276	34	287	37	295	38	298	162	587	159	586	161	595	164	206	10	203	22
38	267	30	265	34	276	32	278	39	301	77
2	175	5	182	9	194	8	194	9	200	163	591	160	594	166	599	162	298	38	288	34
20	213	12	202	10	206	164	595	161	586	159	587	162	298	38	288	34
112	472	107	474	121	534	131	557	132
22	241	23	247	57	363	61	380	115	401	72	399	113	502	132
78	411	77	308	42	302	41	306	70	360	56	256	26
134	560	139	483	109	484	140	525	119	516	117	239	21	232	20	213	12	212	14	218	16	176	2
118	465	106	470	133	559	137	538	123	402	72	392	68	376	60	367	58	368	62
8	194	9	200	163	423	83	422	90	437	88	438	92
34	287	37	295	38	298	162	587	159	586	161	595	164	206	10	203	22
78	411	77	301	39	278	32	276	34	287	37	295	38	298	162	587	159	586	161	595	164	206	10	203	22
82	412	77	411	78	413	79	417	94	345	53	344	93	383	63	382	62
132	558	142	339	52	330	50	331	67	337	51	333	58	341	53	310	44	307	42	299	39	278	32	276	34
157	585	156	576	150	441	89	440	91	435	87	436	92	432	86	268	30	265	34
11	207	12	213	20	232	21	239	117	518	127	549	141
16	219	15	220	19	229	20	232	21	239	117	517	125	527	120	466	106	467	122	535	131
99	456	111	479	109	478	110	489	139	523	118	465	106	470	133	559	137	538	123	402	72	377	60	367	58	368	62
144	404	73	403	76	329	49	327	48	320	46	322	148	322	46	320	48	320	46	313	45	316	97	453	99	457	138	492	111	479	109
22	236	21	239	117	517	125	545	136	554	129	521	118	465	106	464	107	472	112
92	438	88	439	166	597	161	362	56	358	57	363	61
144	404	73	328	49	327	48	320	46	322	148	322	46	320	48	320	46	313	45	316	97	234	20	232	21	237	23	247	57	363	61	352	55
33	281	36	293	70	355	55	357	141	542	124	468	106	464	107	477	134	560	139
61	352	55	355	70	306	41	302	42
148	322	46	320	48	327	49	329	76
121	533	130	495	112	497	135	488	110	478	109	479	111	456	99
118	465	106	468	124	512	116	508	115	356	55	346	54	349	65	305	41	284	33
81	420	82	420	81	415	79	413	78	413	79	417	94	345	53	344	93	383	63	382	62
142	339	52	338	62
101	460	104	463	105	444	93	344	53	343	65	386	70	360	56	362	161	595	164	253	24	242	22	214	12	198	9	182	5	175	2
132	557	131	534	121	494	112	497	135	491	111	456	99	235	20
46	313	45	227	18	226	19	222	16	210	11	197	9	194	8
44	312	94	445	95	447	105	461	101
148	569	145	225	17	179	3	178	16	210	11	208	13	211	12	214	22	241	23	247	57	363	61	352	55	351	60	367	58	368	62
62	338	52	339	142	507	114	505	131
46	313	45	316	97	453	99	456	111	479	109	478	110	487	134	522	118
157	579	151	579	157	585	156	576	150	441	89	424	84	425	90	437	88	438	92	438	88	439	166	603	165	601	164	206	10	203	22
34	272	31	274	40	290	36	292	56	358	57	366	117	519	136	551	128
34	272	31	274	40	290	36	292	56	359	64	378	61	379	69	395	127	543	125	545	136	554	129	521	118
34	287	37	295	38	298	162	599	166	594	160	591	163	200	9	194	8	194	9	197	11	210	16	221	17
80	414	79	413	78
61	352	55	355	70	293	36
46	313	45	227	18	226	19	222	16	210	11	197	9	194	8
118	521	129	529	120	394	69	354	55	353	64	359	56	292	36	281	33
101	460	104	384	63	342	53	304	41	284	33
62	338	52	339	142	507	114	505	131
82	412	77	411	78	413	79	417	94	345	53	344	93	383	63	382	62
62	334	51	336	66	375	60	351	55	352	61	363	57	247	23	241	22	203	10	195	8	194	9	187	6
46	313	45	316	97
121	534	131	557	132	558	142	339	52	330	50	330	52	338	62
136	554	129	521	118	465	106	467	122	535	131	557	132
165	598	162	587	159	294	36	259	28	258	31	271	33	285	42
62	338	52	330	50	332	71	391	68	392	72	402	123	538	137	559	133	470	106	464	107	477	134	560	139
62	371	59	373	101
2	175	5	182	9	196	10	206	164
144	405	74	406	146	571	147	574	149	172	1	170	3	178	16
148	322	46	313	45	316	97	453	99	457	138	562	140	553	128
101	460	104	384	63	342	53	340	54	346	55	352	61
33	285	42	302	41	304	53	341	58	368	62
165	601	164	206	10	201	11	210	16
16	210	11	201	10
155	584	158
20	232	21	239	117	516	119	525	140	553	128	481	109	478	110
20	232	21	239	117	517	125	527	120	531	141	515	116	514	137	503	113	502	132
62	338	52	330	50	332	71	397	72	401	115	393	69	394	120	530	136	482	109
101	460	104	384	63	335	51	337	67	331	50	332	71	397	72	401	115	510	141
2	176	16	219	15	220	19	229	20	232	21	239	117	516	119	525	140	484	109
144	404	73	328	49	327	48	323	47	324	96	450	99
34	265	30	268	86	432	92	438	88	437	90	422	83
70	360	56	251	24	242	22	233	20	235	99
2	175	5	183	11	207	12	202	10	204	24	251	56	359	64	353	55
34	265	30	268	86	432	92
154	429	85	428	91	435	87	436	92	432	86	268	30	267	38	295	37	273	31	271	33
55	356	115	508	116	512	124	468	106	464	107	477	134	560	139
44	303	41	306	70	360	56	362	161	595	164	253	24	242	22	214	12	198	9	182	5	175	2
53	340	54	346	55	352	61	363	57	247	23	241	22	214	12	207	11	210	16
110	478	109	484	140	525	119	516	117	239	21	232	20	213	12	212	14	218	16
61	352	55	346	54	340	53	344	93
78	411	77	301	39	278	32	276	34	287	37	295	38	298	162	599	166	594	160	591	163	200	9	194	8	194	9	197	11	210	16
46	322	148	322	46	320	48	327	49	328	73	403	76
62	371	59	374	104	463	105	447	95	445	94	417	79	413	78
62	334	51	333	58	341	53	310	44	311	79	413	78	411	77	412	82
33	285	42	302	41	304	53	341	58	368	62
34	287	37	295	38	297	86	434	166	602	164	206	10	203	22
101	373	59	372	63	382	62	338	52	330	50	332	71	397	72	402	123	538	137	537	122	467	106	465	118
82	412	77	411	78	413	79	417	94	345	53	344	93	383	63	382	62
157	585	156	576	150	441	89	440	91	435	87	436	92	432	86	268	30	265	34
55	352	61	363	57	247	23	241	22	214	12	207	11	210	16
34	276	32	278	39	299	42	307	44	312	94	445	95
62	338	52	330	50	332	71	391	68	376	60	351	55	354	69	394	120	530	136
157	579	151	577	152	580	155	584	158
2	177	17	223	18	226	19	229	20	235	99
110	478	109	479	111	456	99	453	97	316	45	313	46
16	219	15	220	19	229	20	232	21	239	117	517	125	544	129
6	187	9	182	5	175	2	169	1	167	0	168	143	408	75	407	76	410	144	405	74
132	502	113	399	72	401	115	380	61	363	57	247	23	241	22
44	307	42	299	39	278	32	276	34	265	30	268	86	432	92
20	234	97	316	45	313	46	322	148
136	519	117	518	127	395	69	354	55	353	64	385	70	306	41	302	42	308	77	411	78	411	77	412	82
61	363	57	247	23	237	21	232	20	229	19	222	16	176	2
82	412	77	411	78	413	79	417	94	445	95
165	603	166	439	88	438	92	438	88	437	90	437	88	438	92
34	272	31	274	40	290	36	292	56	359	64	378	61	379	69	395	127	543	125	517	117	516	119	524	138
2	177	17	223	18	227	45	313	46
52	338	62	334	51	336	66	375	60	351	55	352	61	363	57	247	23	241	22
132	557	131	534	121	474	107	477	134	560	139
165	593	160	591	163	200	9	194	8	194	9	197	11	210	16	221	17	225	145	569	148
131	534	121	533	130	495	112	497	135	488	110	478	109	479	111	456	99	453	97	316	45	313	46	320	48	320	46	322	148	322	46	320	48	327	49	328	73	404	144
144	404	73	328	49	327	48	320	46	322	148	322	46	320	48	320	46	313	45	316	97	453	99	457	138	562	140	561	136
62	338	52	330	50	332	71	397	72	402	123	538	137	537	122	467	106	465	118
62	338	52	330	50	330	52	339	142	558	132	557	131	535	122	467	106	465	118
20	233	22	243	25	255	164	595	161	586	159	587	162	587	159	294	36	259	28	261	40	283	33	282	39	301	77	411	78
157	585	156	576	150	441	89	424	84	425	90	437	88	438	92	432	86	268	30	265	34
34	287	37	295	38	298	162	599	166	594	160	591	163	200	9	194	8	194	9	197	11	210	16	221	17	225	145	569	148
125	527	120	394	69	393	115	509	123	402	72	377	60	367	58	368	62
34	272	31	274	40	290	36	293	70	350	54	346	55	356	115	508	116	512	124	468	106	465	118
16	221	17	223	18	226	19	231	97	453	99	456	111	479	109	478	110	488	135	497	112
62	338	52	330	50	332	71	397	72	399	113	503	137	541	124
62	334	51	333	58	341	53	304	41	284	33
139	483	109	482	136	545	125	543	127	395	69	354	55	353	64	359	56	292	36	259	28	258	31	272	34
110	478	109	479	111	456	99	453	97	316	45	313	46	322	148
95	442	93	344	53	343	65	386	70	360	56	251	24	253	164
34	276	32	280	43	309	82
82	309	43	280	32	275	33
165	598	162	587	159	294	36	259	28	261	40	283	33	284	41	304	53
16	221	17	225	145	569	148	322	46	320	48	327	49	329	76	403	73	404	144	405	74
144	410	76	409	143	563	146	571	147	574	149	172	1	170	3	173	2
34	276	32	280	43	309	82
33	281	36	293	70	350	54	348	60	377	72	399	113	501	131
134	471	106	470	133	559	137	538	123	402	72	377	60	367	58	368	62
61	363	57	247	23	241	22	214	12	207	11	210	16
78	411	77	301	39	278	32	276	34	287	37	295	38	298	162	598	165
118	465	106	467	122	537	137	538	123	402	72	392	68	376	60	367	58	368	62
6	187	9	194	8	195	10	205	25	254	26	246	23	247	57	364	64	385	70	350	54	348	60	367	58	333	51	334	62
33	281	36	294	159	586	161	595	164	206	10	202	12	213	20
64	359	56	251	24	204	10	201	11	210	16
148	569	145	225	17	179	3	178	16	210	11	197	9
160	593	165	598	162	587	159	294	36	259	28	261	40	283	33	285	42	302	41	304	53	342	63	382	62
34	287	37	295	38	298	162	599	166	594	160	591	163	200	9	194	8	194	9	197	11	210	16
16	210	11	197	9	194	8	194	9	200	163	591	160	594	166	599	162	298	38	288	34
26	250	24	252	161	597	166	439	88	438	92
132	502	113	503	137	514	116	515	141	531	120	527	125	517	117	239	21	232	20	213	12	212	14	218	16	176	2
62	371	59	374	104	463	105	447	95	445	94	417	79	413	78	411	77	412	82
33	275	32	276	34	287	37	295	38	298	162	587	159	586	161	595	164	206	10	203	22
165	593	160	591	163	423	83
62	334	51	336	66	375	60	351	55	352	61	363	57	247	23	241	22	214	12	198	9	182	5	175	2
96	324	47	323	48	327	49	328	73	404	144
105	444	93	344	53	340	54	346	55	356	115	508	116	512	124	468	106	465	118
118	521	129	554	136	545	125	517	117	239	21	236	22
134	477	107	464	106	468	124	512	116	508	115	356	55	355	70	306	41
62	338	52	339	142	558	132
110	487	134	522	118	465	106	468	124	512	116	508	115	356	55	346	54	340	53	344	93
138	524	119	525	140	484	109	481	128	552	139	560	134
46	313	45	316	97	453	99	457	138	562	140	561	136
61	363	57	366	117	519	136	551	128	552	139
62	338	52	339	142	558	132	557	131	535	122	467	106
30	265	34	276	32	278	39	301	77	411	78
57	365	69	394	120	529	129	521	118
34	272	31	258	28	259	36	292	56	358	57	363	61
141	357	55	351	60	376	68	389	67	337	51	334	62	371	59	374	104	460	101
142	339	52	330	50	330	52	338	62
82	412	77	411	78	411	77	308	42	302	41	305	65
34	272	31	274	40	290	36	292	56	358	57	365	69	394	120	529	129
157	583	153	582	156	576	150	441	89	440	91	435	87	436	92	432	86	268	30	265	34	276	32	278	39	299	42	307	44	312	94	345	53	344	93	383	63	382	62
34	272	31	271	33	284	41	303	44	312	94	345	53	344	93	383	63	382	62	338	52	339	142
2	177	17	223	18	226	19	231	97
99	457	138	562	140	561	136
163	200	9	196	10	203	22	236	21	239	117	517	125
73	328	49	327	48	323	47	324	96
34	272	31	258	28	259	36	293	70	350	54	348	60	377	72	399	113	502	132
2	175	5	182	9	194	8	194	9	200	163	591	160	593	165	598	162	587	159	294	36	281	33
132	558	142	339	52	330	50	331	67	337	51	333	58	341	53	304	41	284	33
134	471	106	468	124	512	116	508	115	356	55	346	54	350	70	293	36	281	33
34	276	32	278	39	299	42	307	44	312	94	345	53	344	93	383	63	382	62
62	338	52	339	142	558	132	557	131	535	122	467	106	465	118
62	338	52	330	50	332	71	398	114	498	113	501	131	534	121	474	107	477	134	560	139
6	187	9	182	5	175	2	169	1	172	149	574	147	571	146	565	144
34	276	32	278	39	299	42	307	44	312	94	345	53	344	93	383	63	382	62
26	256	56	359	64	359	56	292	36	281	33	282	39	301	77	411	78
144	405	74	406	146	571	147	574	149	172	1	170	3	178	16	210	11
144	405	74	406	146	571	147	574	149	172	1	167	0	167	1	169	2	175	5	182	9	187	6	187	9	194	8
62	338	52	330	50	332	71	398	114	498	113	501	131	534	121	474	107	477	134	560	139
139	523	118	465	106	468	124	512	116	508	115	356	55	346	54	349	65	305	41	302	42	308	77	411	78
101	460	104	463	105	444	93	344	53	343	65	386	70	360	56	362	161	595	164	253	24	242	22	214	12	198	9	182	5	175	2
118	521	129	554	136	545	125	517	117	248	23	244	24	249	25	255	164	601	165
78	413	79	414	80
20	233	22	243	25	255	164	595	161	586	159	587	162	298	38	288	34
61	352	55	355	70	306	41	302	42	308	77	411	78	413	79	414	80
110	478	109	482	136	545	125	517	117	248	23	244	24	252	161	597	166	439	88	438	92	436	87	435	91	440	89	441	150	576	156	582	153	583	157
118	521	129	554	136	545	125	517	117	248	23	244	24	253	164
34	276	32	278	39	301	77	411	78
2	175	5	182	9	194	8	194	9	200	163	591	160	594	166	599	162	298	38	267	30	267	38
34	276	32	278	39	299	42	307	44	312	94	345	53	344	93	383	63	382	62	338	52
78	411	77	308	42	302	41	305	65	349	54	346	55	356	115	508	116	512	124	468	106	465	118
2	169	1	172	149	570	145	569	148
157	583	153	582	156	576	150	441	89	440	91	435	87	436	92	432	86	268	30	265	34	276	32	278	39	299	42	307	44	312	94	345	53	344	93	383	63	382	62
42	307	44	312	94	345	53	344	93	383	63	382	62
132	558	142	339	52	330	50	331	67	337	51	333	58	341	53	304	41	284	33
92	438	88	439	166	597	161	252	24	244	23	248	117	516	119	525	140
139	523	118	465	106	467	122	535	131	557	132	558	142	339	52	338	62
134	471	106	468	124	512	116	508	115	356	55
118	521	129	554	136	545	125	517	117	248	23	245	25	255	164	601	165
101	373	59	371	62
95	445	94	417	79	413	78
128	551	136	519	117	248	23	246	26
55	352	61
61	352	55	355	70	306	41	302	42	308	77	411	78
6	187	9	182	5	175	2	169	1
165	593	160	591	163
16	210	11	197	9	194	8	194	9	200	163	423	83	422	90	437	88	438	92
78	411	77	301	39	278	32	276	34	265	30
16	210	11	197	9	194	8	194	9	200	163	423	83	422	90	437	88	438	92
97	231	19	222	16	210	11	197	9	194	8	194	9	200	163	423	83
78	411	77	308	42	302	41	306	70	355	55	352	61
118	521	129	544	125	517	117	248	23	245	25	255	164	601	165
136	519	117	518	127	395	69	354	55	353	64	359	56	292	36	281	33
68	388	66	336	51	333	58	341	53	310	44	311	79	413	78
109	482	136	545	125	543	127	395	69	354	55
61	363	57	247	23	241	22	214	12	207	11	210	16
142	507	114	505	131	534	121	474	107	472	112
44	303	41	304	53	341	58	368	62
132	557	131	534	121	474	107	477	134	560	139	483	109
55	353	64	359	56	251	24	204	10	196	9	182	5	175	2
49	327	48	320	46	322	148	322	46	320	48	320	46	313	45	316	97	234	20	233	22	241	23	247	57	363	61	352	55	351	60	376	68	376	60	367	58	368	62
53	342	63	372	59	373	101
92	432	86	433	162
34	272	31	274	40	290	36	292	56	359	64	378	61	379	69	395	127	543	125	545	136	551	128	481	109	478	110
22	236	21	239	117	517	125	545	136	551	128	481	109	478	110
11	209	14	217	15	220	19	229	20	232	21	239	117	516	119	525	140	546	125	544	129	521	118
101	460	104	384	63	382	62	338	52	330	50	332	71	397	72	401	115	510	141
139	483	109	482	136	545	125	543	127	395	69	379	61	378	64	385	70	306	41	302	42
165	598	162	298	38	267	30	265	34
30	265	34	276	32	278	39	299	42	307	44	312	94	445	95
138	457	99	453	97	316	45	313	46	320	48	320	46	322	148	566	144
83	422	90	437	88	438	92
104	374	59	371	62	338	52	330	50	332	71	397	72	402	123	538	137	537	122	467	106	465	118
109	484	140	525	119	516	117	239	21	232	20	213	12	212	14	218	16
165	588	159	361	56	359	64	378	61	379	69	396	141	542	124	468	106
99	450	96	324	47	323	48	327	49	328	73	404	144
62	334	51	336	66	375	60	351	55	352	61	363	57	247	23	241	22	214	12	198	9	182	5	175	2
139	523	118	465	106	467	122	535	131	557	132	558	142	339	52	338	62
34	286	35	262	29
118	521	129	544	125	517	117	248	23	245	25	255	164	601	165
33	281	36	292	56	359	64	378	61	379	69	395	127	543	125	544	129	521	118
92	438	88	437	90	422	83	190	7	186	6	187	9	182	5	175	2	169	1	167	0	167	1	172	149	574	147	571	146	563	143	409	76	410	144	405	74	405	144
8	194	9	200	163	423	83	422	90	437	88	438	92
62	338	52	330	50	332	71	397	72	401	115	508	116	515	141	531	120	527	125
34	265	30	268	86	432	92	436	87	435	91	428	85	429	154	581	153	578	151	577	152	580	155
22	241	23	247	57	363	61	352	55	346	54	340	53	344	93	444	105	461	101
21	237	23	247	57	363	61	352	55	346	54	340	53	344	93	442	95
21	236	22	243	25	249	24	252	161	586	159	587	162	298	38	288	34
162	433	86	268	30	265	34
2	176	16	219	15	220	19	229	20	232	21	239	117	516	119	525	140	484	109
128	551	136	519	117	248	23	246	26
165	588	159	361	56	358	57	366	117	519	136
2	176	16	219	15	220	19	229	20	232	21	239	117	516	119	525	140	561	136	554	129	521	118
165	598	162	587	159	294	36	259	28	261	40	283	33	285	42	302	41	304	53	341	58	368	62
144	405	74
78	411	77	308	42	302	41	306	70	385	64	353	55	354	69	394	120	527	125
121	532	122	537	137	514	116	515	141	396	69	379	61	378	64	359	56	292	36	259	28
61	352	55	351	60	367	58	368	62
34	272	31	274	40	290	36	292	56	359	64	378	61	379	69	395	127	518	117	519	136
55	352	61	363	57	247	23	241	22	214	12	211	13	208	11	210	16	221	17	225	145	569	148
56	358	57	363	61	352	55	351	60	376	68	389	67	337	51	334	62
101	460	104	374	59	371	62
62	338	52	330	50	332	71	397	72	402	123	538	137	559	133	470	106	465	118	521	129	554	136
34	276	32	278	39	299	42	307	44	312	94	345	53	344	93	383	63	382	62
34	272	31	274	40	290	36	292	56	359	64	353	55	354	69	395	127	518	117	519	136	551	128
140	561	136	545	125	527	120	531	141	515	116	508	115	356	55	346	54	347	58	368	62
62	334	51	333	58	341	53	343	65	386	70	360	56	361	159	588	165
61	363	57	247	23	241	22	203	10	195	8
62	334	51	336	66	375	60	351	55	352	61	363	57	247	23	241	22	214	12	207	11	210	16
165	603	166	439	88	438	92	436	87	435	91	428	85	429	154	581	153	578	151	577	152	580	155	584	158
34	272	31	274	40	290	36	293	70	350	54	346	55	356	115	508	116	512	124	468	106	465	118
34	272	31	274	40	290	36	292	56	359	64	378	61	379	69	395	127	543	125	545	136	551	128	481	109	478	110
72	399	113	501	131
151	577	152	580	155
109	481	128	551	136	554	129	521	118	465	106	467	122	535	131	557	132	558	142	339	52	338	62
33	271	31	258	28	259	36	294	159	586	161	595	164	206	10	201	11	210	16
34	287	37	295	38	298	162	599	166	594	160	591	163	200	9	194	8	194	9	197	11	183	5	175	2
132	558	142	339	52	338	62	371	59	373	101	446	95
118	521	129	554	136	561	140	525	119	516	117	239	21	232	20	213	12	198	9	194	8
61	363	57	247	23	245	25	249	24	252	161	597	166	439	88	438	92
99	457	138	562	140	484	109	483	139
141	357	55	346	54	340	53	342	63	372	59	374	104	460	101
114	498	113	503	137	514	116	515	141	531	120	527	125	517	117	239	21	232	20	213	12	212	14	218	16
83	421	88	439	166	597	161	257	26	246	23	248	117	519	136
70	355	55	354	69	394	120	466	106	465	118
20	213	12	202	10	206	164	595	161	586	159	587	162	587	159	294	36	259	28	261	40	283	33	285	42
64	359	56	362	161	597	166	439	88	438	92
34	276	32	275	33	284	41	304	53	342	63	382	62
33	281	36	292	56	358	57	366	117	519	136
62	371	59	373	101
30	265	34	287	37	295	38	298	162	599	166	594	160	591	163	200	9	194	8	194	9	197	11	183	5	175	2
82	309	43	300	39	278	32	276	34	287	37	295	38	298	162	599	166	594	160	591	163	200	9	197	11	210	16
148	569	145	228	18	226	19	222	16	176	2
75	408	143	564	147	574	149	172	1	170	3	173	2	175	5	182	9	196	10	204	24	250	26
62	338	52	330	50	332	71	397	72	402	123	538	137	537	122	467	106	465	118
16	216	13	211	12	214	22	241	23	247	57	363	61	352	55	351	60	376	68	376	60	367	58	368	62
33	281	36	292	56	359	64	353	55	354	69	395	127	543	125	545	136	554	129	521	118
110	478	109	482	136	545	125	517	117	248	23	244	24	252	161	597	166	439	88	421	83
62	334	51	333	58	341	53	304	41	284	33
99	235	20	232	21	237	23	247	57	363	61	352	55
62	371	59	374	104	460	101
53	340	54	346	55	354	69	395	127	518	117	519	136	551	128
155	584	158
22	241	23	247	57	363	61
92	436	87	435	91	440	89	441	150	576	156	582	153	583	157
133	470	106	466	120	527	125	517	117	239	21	232	20	213	12	212	14	209	11
154	429	85	428	91	435	87	436	92	432	86	268	30	267	38	295	37	273	31	271	33
82	412	77	301	39	282	33
33	281	36	294	159	588	165
62	334	51	333	58	341	53	304	41	284	33	271	31	272	34
119	516	117	248	23	245	25	249	24	252	161	597	166	439	88	421	83
62	338	52	330	50	332	71	397	72	401	115	508	116	515	141	531	120	530	136
62	338	52	330	50	332	71	398	114	498	113	501	131	534	121	474	107	477	134	560	139
124	512	116	508	115	356	55	346	54	349	65	305	41	302	42	308	77	411	78
44	303	41	291	36	292	56	358	57	366	117	516	119
148	322	46	313	45	316	97	453	99	457	138	492	111	479	109
92	432	86	268	30	265	34	276	32	278	39	299	42	307	44	312	94	345	53	344	93	383	63	382	62
62	338	52	330	50	332	71	397	72	402	123	538	137	537	122	467	106	465	118
163	200	9	194	8	194	9	197	11	210	16	221	17	223	18	226	19	229	20	235	99
8	195	10	206	164	601	165	598	162	587	159	294	36	281	33
46	313	45	316	97	453	99	456	111	479	109	478	110	488	135	488	110	488	135	497	112	495	130	533	121	534	131	557	132	558	142	339	52	338	62
62	334	51	333	58	341	53	304	41	284	33
62	334	51	336	66	375	60	351	55	352	61	363	57	247	23	241	22	214	12	211	13	208	11	210	16	221	17	225	145	569	148
33	285	42	302	41	304	53	341	58	333	51	337	67	331	50	330	52	339	142	558	132
157	583	153	582	156	576	150	441	89	440	91	435	87	436	92	438	88	439	166	603	165	601	164	206	10	203	22
101	373	59	371	62
82	412	77	411	78	413	79	311	44	303	41	305	65	349	54	346	55	356	115	508	116	512	124	468	106	464	107	477	134	487	110
165	596	161	257	26	246	23	248	117	517	125	545	136	551	128	481	109	478	110
2	175	5	183	11	207	12	202	10	204	24	251	56	359	64	353	55
61	379	69	394	120	466	106	464	107	474	121
157	579	151	577	152	580	155
41	291	36	294	159	588	165
101	460	104	374	59	371	62
16	210	11	197	9	194	8	194	9	200	163	591	160	594	166	599	162	587	159	294	36	259	28	261	40	283	33	282	39	299	42	308	77	411	78
2	175	5	182	9	196	10	204	24	244	23	247	57	364	64	385	70	350	54	340	53	344	93	444	105	461	101
124	468	106	465	118	523	139	489	110	478	109	479	111	456	99
55	346	54	347	58	368	62	338	52	339	142
34	272	31	258	28	259	36	292	56	256	26
132	502	113	503	137	541	124
22	214	12	211	13	208	11	210	16	176	2	169	1	172	149	574	147	571	146	406	74	405	144
66	370	58	341	53	304	41	284	33
95	442	93	344	53	340	54	346	55	356	115	508	116	513	133
151	578	153	582	156	576	150	441	89	440	91	435	87	436	92	438	88	439	166	603	165
83	422	90	425	84	424	89	441	150	575	153	578	151	577	152	577	151	578	153	581	154
34	287	37	295	38	298	162	587	159	586	161	595	164	206	10	203	22
97	231	19	222	16	176	2
68	392	72	402	123	538	137	559	133	470	106	464	107	477	134	560	139
30	265	34	276	32	278	39	299	42	307	44	310	53	344	93	444	105	461	101
62	338	52	330	50	332	71	391	68	392	72	402	123	538	137	559	133	470	106	465	118	523	139	489	110	478	109	479	111	456	99
33	283	40	261	28	259	36	294	159	586	161	595	164	253	24	242	22	214	12	198	9	182	5	175	2
118	465	106	467	122	537	137	538	123	402	72	377	60	367	58	368	62
62	334	51	336	66	375	60	351	55	353	64
166	600	163	200	9	194	8	194	9	197	11	210	16
8	195	10	206	164	253	24	244	23	247	57	363	61
110	487	134	522	118	465	106	468	124	512	116	508	115	356	55	346	54	349	65	305	41	303	44
36	293	70	350	54	346	55	351	60	376	68	376	60	367	58	368	62
118	521	129	554	136	561	140	525	119	516	117	239	21	232	20	213	12	212	14	218	16	176	2
62	334	51	333	58	341	53	304	41	302	42	299	39	278	32	276	34
144	410	76	409	143	168	0	167	1	167	0	167	1	169	2	175	5	182	9	187	6	187	9	194	8
105	444	93	344	53	304	41	306	70	385	64
33	271	31	258	28	259	36	294	159	589	166	439	88	421	83
155	584	158
132	557	131	534	121	474	107	477	134	560	139
101	460	104	463	105	444	93	344	53	304	41	284	33	283	40	261	28	259	36	294	159	588	165
132	502	113	499	122	467	106	465	118
33	281	36	294	159	586	161	595	164	253	24	242	22	214	12	198	9	182	5	175	2
148	569	145	225	17	179	3	173	2	175	5	182	9	196	10	204	24	244	23	247	57	364	64	385	70	350	54	348	60	367	58	333	51	334	62
44	303	41	304	53	341	58	333	51	337	67	331	50	330	52	339	142	558	132
34	287	37	295	38	298	162	587	159	586	161	595	164	255	25	243	22	233	20
118	465	106	468	124	512	116	508	115	356	55	346	54	350	70	293	36	281	33
78	411	77	301	39	278	32	276	34	287	37	295	38	298	162	587	159	586	161	595	164	206	10	203	22
124	526	120	527	125	546	140	562	138	457	99
136	530	120	531	141	515	116	508	115	401	72	392	68	376	60	367	58	368	62
33	281	36	294	159	586	161	595	164	253	24	242	22	214	12	198	9	182	5	175	2
148	322	46	313	45	316	97	453	99	457	138	492	111	479	109
136	519	117	248	23	245	25	249	24	252	161	596	165	598	162	433	86	432	92
11	209	14	217	15	220	19	229	20	232	21	239	117	517	125	527	120	466	106	470	133
78	411	77	301	39	282	33	281	36	292	56	358	57	366	117	519	136
128	481	109	478	110
125	544	129	550	128
22	233	20	235	99	456	111	491	135	497	112	494	121
20	232	21	239	117	517	125	527	120	531	141	515	116	514	137	503	113	502	132
2	175	5	183	11	207	12	202	10	204	24	251	56	359	64	353	55
78	411	77	308	42	302	41	305	65	349	54	346	55	357	141	542	124
148	322	46	313	45	316	97
132	502	113	499	122	467	106	465	118	521	129	554	136	561	140	525	119	516	117	239	21	232	20	213	12	212	14	218	16
121	532	122	499	113	399	72	401	115	356	55	346	54	350	70	293	36	290	40	274	31	272	34
118	465	106	467	122	535	131	505	114	507	142
134	471	106	468	124	512	116	508	115	356	55	346	54	349	65	305	41	303	44	311	79	413	78	413	79	414	80
16	210	11	197	9	194	8
62	334	51	336	66	370	58	347	54	350	70
144	405	74	406	146	571	147	574	149	172	1	167	0	167	1	169	2	175	5	182	9	187	6	186	7	193	163	591	160	594	166	599	162	298	38	288	34
62	338	52	330	50	332	71	398	114	498	113	501	131	534	121	474	107	477	134	487	110
78	413	79	417	94	345	53	344	93	383	63	382	62
2	175	5	185	27	199	9	187	6	186	7	193	163	591	160	594	166	599	162	587	159	294	36	259	28	261	40	283	33	282	39	299	42	308	77	411	78
165	596	161	257	26	246	23	248	117	517	125	545	136	551	128	552	139
165	596	161	257	26	246	23	237	21
121	532	122	499	113	399	72	377	60	348	54	340	53	310	44
8	195	10	206	164	253	24	244	23	248	117	516	119	516	117	517	125	544	129	521	118
95	442	93	344	53	343	65	386	70	360	56	362	161	595	164	253	24	242	22	214	12	198	9	182	5	175	2
55	352	61	363	57	247	23	237	21	232	20	235	99
97	453	99	457	138	562	140	561	136	545	125	527	120	531	141
109	484	140	525	119	516	117	239	21	232	20	213	12	198	9	194	8
148	322	46	313	45	316	97	453	99	457	138	524	119
16	219	15	220	19	229	20	232	21	239	117	516	119	525	140	546	125	544	129	521	118
157	583	153	582	156	576	150	441	89	440	91	435	87	436	92
16	210	11	197	9	194	8	195	10	206	164	601	165	598	162	587	159	294	36	281	33
62	338	52	330	50	332	71	398	114	505	131	534	121	474	107	477	134	560	139
125	517	117	366	57	364	64	359	56	292	36
62	338	52	330	50	332	71	398	114	498	113	501	131	534	121	474	107	477	134	487	110
6	188	163	591	160	593	165	598	162	298	38	288	34
34	272	31	258	28
125	546	140	562	138	457	99	453	97
62	371	59	374	104	463	105	447	95	445	94	417	79	413	78	413	79	414	80
80	418	81	420	82
165	588	159	361	56	359	64	378	61	379	69	396	141	515	116	511	123	504	114	507	142
139	523	118	465	106	467	122	535	131	557	132	558	142	339	52	338	62
16	216	13	211	12	214	22	241	23	247	57	363	61
95	442	93	344	53	340	54	346	55	352	61
61	363	57	247	23	237	21	232	20
2	175	5	182	9	196	10	204	24	244	23	247	57	364	64	385	70	350	54	340	53	344	93	442	95
2	175	5	182	9	196	10	205	25	245	23	247	57	363	61
136	519	117	248	23	245	25	249	24	252	161	597	166	439	88	438	92	436	87	435	91	440	89	441	150	576	156	582	153	583	157
61	352	55	351	60	367	58	368	62
99	450	96	315	45	313	46
20	232	21	239	117	517	125	527	120	531	141	515	116	508	115	401	72	392	68	389	67	337	51	334	62	371	59	374	104	460	101
34	276	32	278	39	301	77	411	78
44	303	41	304	53	341	58	368	62	338	52
82	412	77	411	78	413	79	311	44	303	41	305	65	349	54	346	55	356	115	508	116	512	124	468	106	464	107	477	134	487	110
132	558	142	339	52	330	50	331	67	337	51	333	58	341	53	310	44
36	292	56	358	57	363	61
132	558	142	339	52	330	50	331	67	337	51	333	58	341	53	310	44	311	79	413	78
110	478	109	484	140	525	119	516	117	239	21	232	20	213	12	212	14	218	16
16	210	11	197	9	194	8	194	9	200	163	591	160	594	166	599	162	587	159	294	36	259	28	261	40	283	33	282	39	299	42	308	77	411	78
142	507	114	498	113	499	122	467	106	465	118
62	334	51	333	58	341	53	304	41	284	33
62	338	52	330	50	332	71	391	68	392	72	401	115	508	116	515	141	531	120	527	125	517	117	239	21	232	20
62	334	51	336	66	375	60	351	55	352	61
139	523	118	465	106	466	120	531	141
148	322	46	320	48	320	46	313	45	316	97	453	99	457	138	562	140	553	128
62	338	52	330	50	332	71	391	68	392	72	402	123	538	137	559	133	470	106	465	118	523	139	489	110	478	109	479	111	456	99	453	97	316	45	313	46
110	478	109	479	111	456	99	453	97	316	45	313	46	320	48	320	46	322	148	322	46	320	48	327	49	328	73	404	144
136	530	120	531	141	515	116	508	115	401	72	377	60	367	58	368	62
163	200	9	197	11	210	16
118	465	106	468	124	512	116	515	141	396	69	354	55	353	64	359	56	292	36	259	28	258	31	272	34
132	502	113	399	72	401	115	380	61	363	57	247	23	241	22
118	522	134	487	110	478	109	479	111	456	99
46	313	45	230	19	229	20
75	407	76	410	144
34	272	31	274	40	290	36	293	70	350	54	346	55	356	115	508	116	513	133	536	122	532	121
128	551	136	519	117	366	57	364	64	359	56	292	36	290	40	274	31	272	34
22	203	10	195	8	194	9	187	6
95	442	93	344	53	304	41	284	33
95	442	93	344	53	343	65
55	352	61	363	57	247	23	241	22	214	12	211	13	208	11	210	16	176	2	169	1	172	149	574	147	571	146	565	144
132	558	142	339	52	330	50	331	67	337	51	333	58	341	53	304	41	284	33	271	31	272	34
16	210	11	197	9	200	163	591	160	594	166	599	162	298	38	288	34
21	239	117	517	125	527	120	531	141	515	116	514	137	503	113	502	132
64	353	55	351	60	367	58	368	62
165	596	161	257	26	246	23	248	117	517	125	545	136	551	128	552	139
139	483	109	482	136	545	125	517	117	248	23	245	25	255	164	601	165
138	562	140	561	136	545	125	543	127	395	69	379	61	378	64	359	56	292	36	290	40	274	31	272	34
131	534	121	474	107	477	134	560	139
125	543	127	395	69	379	61	378	64	359	56	292	36	259	28	258	31	272	34
95	442	93	344	53	340	54	346	55	352	61	363	57	247	23	241	22	214	12	211	13	208	11	210	16	176	2	169	1	172	149	574	147	571	146	406	74	405	144
46	313	45	230	19	229	20
62	338	52	330	50	332	71	391	68	392	72	401	115	508	116	515	141	531	120	527	125	517	117	516	119
62	334	51	333	58	341	53	343	65	305	41	291	36
55	352	61	363	57	247	23	237	21	232	20	235	99
33	281	36	292	56	359	64	353	55	354	69	395	127	543	125	545	136	551	128	481	109	478	110
132	558	142	339	52	330	50	331	67	337	51	333	58	341	53
2	175	5	182	9	196	10	205	25	254	26	256	56	359	64	385	70	386	65
46	313	45	316	97	234	20	213	12	202	10	206	164	601	165
11	207	12	214	22	241	23	247	57	363	61	352	55	351	60	376	68	376	60	367	58	368	62
33	281	36	292	56	359	64	353	55	354	69	395	127	518	117	519	136
128	553	140	562	138	457	99	453	97	316	45	313	46	322	148
6	186	7	190	83	422	90	437	88	438	92
132	502	113	503	137	541	124
119	516	117	366	57	363	61	380	115	401	72	400	114	507	142
139	523	118	465	106	467	122	535	131	557	132
134	560	139	483	109	484	140	525	119	516	117	239	21	232	20	213	12	212	14	218	16	176	2
56	358	57	363	61	380	115	401	72	399	113	502	132
36	292	56	251	24	204	10	201	11	210	16
141	381	61
55	353	64
157	583	153	582	156	576	150	441	89	440	91	435	87	436	92	438	88	439	166	597	161	362	56	358	57	363	61
34	265	30	268	86	433	162
132	502	113	503	137	514	116	515	141	531	120	527	125	517	117	239	21	232	20	213	12	212	14	218	16	176	2
65	349	54	346	55	352	61	363	57	247	23	241	22	214	12	198	9	182	5	175	2
6	188	163	591	160	593	165
53	340	54	346	55	356	115	508	116	512	124	468	106	465	118
37	295	38	298	162	598	165
62	334	51	333	58	341	53	343	65	386	70	360	56	361	159	588	165
101	446	95
62	338	52	330	50	332	71	397	72	402	123	538	137	537	122	467	106	465	118
101	373	59	372	63	342	53	340	54	346	55	352	61	363	57	247	23	241	22
33	281	36	293	70
121	474	107	477	134	560	139	483	109	484	140	525	119	516	117	239	21	232	20	213	12	212	14	218	16
2	176	16	219	15	220	19	229	20	232	21	239	117	516	119	525	140	484	109	481	128	552	139	560	134	477	107	474	121
33	271	31	258	28	259	36	294	159	586	161	595	164	206	10	195	8	194	9	197	11	210	16	176	2	169	1	172	149	570	145	567	146	565	144
101	460	104	384	63	342	53	340	54	346	55	352	61
62	338	52	330	50	332	71	398	114	498	113	501	131	534	121	474	107	477	134	560	139
128	551	136	545	125	527	120	531	141	515	116	508	115	401	72	392	68
62	371	59	373	101
155	580	152	577	151	578	153	581	154	429	85	428	91	435	87	436	92	432	86	268	30	265	34
55	346	54	349	65	305	41	302	42	308	77	411	78	413	79	414	80
128	481	109
117	366	57	363	61	380	115	401	72	399	113	502	132
101	460	104	384	63	342	53	343	65	386	70	360	56	362	161	595	164	206	10	195	8
33	285	42	302	41	304	53	341	58	333	51	337	67	331	50	330	52	339	142	507	114	505	131
121	474	107	477	134	560	139	483	109	484	140	525	119	516	117	239	21	232	20	213	12	212	14	218	16
104	384	63	342	53	343	65	386	70	360	56	362	161	595	164	253	24	242	22	214	12	198	9	182	5	175	2
20	234	97	316	45	313	46	320	48	320	46	322	148	322	46	320	48	327	49	328	73	404	144
2	176	16	219	15	220	19	229	20	232	21	239	117	516	119	525	140	546	125	544	129	521	118
80	414	79	413	78	413	79	311	44	303	41	305	65	349	54	346	55	356	115	508	116	512	124	468	106	464	107	477	134	487	110
2	175	5	183	11	207	12	214	22	241	23	247	57	363	61	352	55	351	60	376	68	389	67	337	51	334	62
62	338	52	339	142	558	132	557	131	534	121	474	107	477	134	560	139	483	109
139	523	118	465	106	467	122	535	131	557	132	558	142	339	52	338	62
118	523	139	483	109
165	588	159	361	56	359	64	378	61	379	69	396	141	515	116	513	133	536	122	475	107	472	112	495	130
34	276	32	278	39	299	42	307	44	312	94	345	53	344	93	383	63	382	62
78	413	79	414	80
20	232	21	239	117	517	125	527	120	531	141	515	116	508	115	356	55	346	54	347	58	368	62
62	338	52	330	50	332	71	397	72	401	115	508	116	515	141	531	120	530	136
139	483	109	484	140	562	138	457	99	453	97
34	287	37	295	38	298	162	599	166	594	160	591	163	200	9	194	8	194	9	197	11	210	16
99	235	20	213	12	202	10	206	164	601	165
125	517	117	366	57	363	61
34	287	37	295	38	298	162	587	159	586	161	595	164	255	25	243	22	233	20
53	341	58	333	51	337	67	331	50	330	52	339	142	558	132
55	346	54	349	65	305	41	302	42	308	77	411	78
6	187	9	182	5	175	2	169	1
83	190	7	189	9	196	10	203	22
46	313	45	230	19	229	20
125	517	117	366	57	363	61
64	353	55	346	54	346	55	346	54	347	58	368	62
61	363	57	247	23	245	25	255	164
61	363	57	358	56	292	36	259	28	258	31	272	34
55	351	60	367	58	368	62	338	52
22	214	12	211	13	208	11	210	16	176	2	169	1	172	149	570	145	567	146	565	144
139	523	118	465	106	467	122	535	131	557	132
62	338	52	330	50	332	71	398	114	498	113	501	131	534	121	533	130	495	112	497	135	488	110	478	109	479	111	456	99	450	96
28	259	36	293	70	350	54	346	55	356	115	508	116	513	133	536	122	532	121
132	558	142	339	52	330	50	331	67	337	51	333	58	341	53	310	44	311	79	413	78	411	77	412	82	420	81
101	373	59	371	62
165	596	161	595	164	255	25	243	22	233	20	235	99
41	305	65
41	305	65
155	580	152	577	151	577	152	580	155	584	158
136	519	117	366	57	363	61
130	495	112	494	121	532	122	467	106	466	120	394	69	379	61
99	235	20	233	22	243	25	255	164	595	161	586	159	587	162	587	159	294	36	281	33
55	355	70	293	36	290	40	274	31	272	34
8	194	9	197	11	210	16	221	17	223	18	227	45	313	46
62	334	51	336	66	375	60	351	55	352	61	363	57	247	23	241	22	214	12	198	9	182	5	175	2
78	411	77	301	39	278	32	276	34	265	30	268	86	432	92
92	436	87	435	91	440	89	441	150	576	156	582	153	583	157
154	581	153	578	151	577	152	580	155	584	158
92	438	88	437	90	422	83	190	7	186	6
95	445	94	417	79	413	78	411	77	412	82
33	271	31	258	28	259	36	294	159	586	161	595	164	206	10	195	8	194	9	197	11	210	16
34	287	37	295	38	298	162	599	166	594	160	591	163	200	9	194	8	194	9	197	11	210	16
33	284	41	304	53	341	58	333	51	337	67	331	50	330	52	339	142	558	132
2	175	5	185	27	199	9	187	6	186	7	190	83	422	90	437	88	438	92
147	564	143	408	75	407	76	410	144	405	74
110	487	134	522	118	465	106	470	133	559	137	538	123	402	72	377	60	367	58	368	62
46	313	45	227	18	226	19	222	16
139	483	109	482	136
118	523	139	483	109
118	523	139	483	109
144	410	76	407	75
128	550	129	529	120	531	141	515	116	508	115	401	72	392	68	389	67	337	51	334	62	371	59	374	104	460	101
124	468	106	465	118	523	139	489	110	478	109	479	111	456	99	453	97	316	45	313	46
125	517	117	366	57	363	61
55	352	61
2	176	16	219	15	220	19	229	20	232	21	239	117	516	119	525	140	484	109	483	139
162	598	165	601	164	206	10	195	8	194	9	197	11	210	16
16	210	11	197	9	194	8	195	10	206	164	601	165
99	456	111	479	109	478	110	488	135	497	112	495	130	533	121	534	131
11	197	9	189	7	190	83
132	558	142	339	52	330	50	331	67	337	51	333	58	341	53	310	44	307	42	299	39	278	32	276	34
20	232	21	237	23	247	57	363	61
101	460	104	384	63	342	53	343	65	386	70	360	56	362	161	595	164	206	10	195	8	194	9	197	11	210	16
99	235	20	213	12	212	14	218	16	176	2
75	408	143	563	146	565	144	566	148	322	46	320	48	320	46	313	45	316	97	453	99	457	138	492	111	479	109
125	517	117	366	57	364	64	359	56	292	36	281	33
80	414	79	413	78
136	561	140	562	138	457	99	453	97	316	45	313	46
34	287	37	295	38	298	162	599	166	594	160	591	163	200	9	197	11	210	16
46	313	45	316	97	453	99	456	111	479	109	478	110
110	487	134	522	118	465	106	468	124	512	116	508	115	356	55	346	54	349	65	305	41	302	42	308	77	411	78
139	523	118	465	106	468	124	512	116	508	115	356	55
78	411	77	308	42	302	41	306	70	385	64	364	57	366	117	519	136	482	109
157	583	153	582	156	576	150	441	89	440	91	435	87	436	92	438	88	439	166	603	165
6	187	9	197	11
99	450	96	315	45	313	46
33	283	40	261	28	259	36	294	159	586	161	595	164	206	10	195	8	194	9	197	11	210	16
61	378	64	359	56	292	36	281	33	275	32
62	338	52	330	50	332	71	398	114	498	113	501	131	534	121	474	107	477	134	560	139
97	453	99	456	111	479	109	478	110	487	134
36	293	70	350	54	346	55	351	60	367	58	368	62
16	216	13	211	12	202	10	204	24	251	56	359	64	353	55
138	562	140	561	136	545	125	543	127	395	69	379	61	378	64	359	56	292	36	259	28	258	31	272	34
139	483	109	482	136	545	125	517	117	248	23	244	24	252	161	597	166	439	88	438	92
99	235	20	232	21	237	23	247	57	363	61
33	281	36	293	70	355	55	357	141
22	214	12	211	13	208	11	210	16	221	17	223	18	227	45	313	46
2	175	5	182	9	196	10	205	25	254	26	256	56	359	64	385	70	350	54	340	53	344	93	444	105
41	306	70	385	64	353	55	354	69	395	127	518	117	519	136	482	109
62	338	52	330	50	332	71	391	68	392	72	401	115	508	116	515	141	531	120	527	125	545	136	561	140	562	138
157	585	156	576	150	441	89	424	84	425	90	437	88	438	92	432	86	268	30	265	34
110	487	134	522	118	465	106	470	133	559	137	538	123	402	72	392	68	389	67	337	51	334	62	371	59	373	101
62	338	52	330	50	332	71	398	114	498	113	501	131	534	121	494	112	495	130
105	444	93	344	53	304	41	284	33	271	31	272	34
144	404	73	328	49	327	48	320	46	322	148	322	46	320	48	320	46	313	45	316	97	234	20
34	287	37	295	38	298	162	599	166	594	160	591	163	200	9	194	8	194	9	197	11	183	5	175	2
101	460	104	463	105	444	93	344	53	343	65	386	70	360	56	362	161	595	164	206	10	195	8	194	9	197	11	210	16	176	2	169	1	172	149	574	147	571	146	406	74	405	144
30	265	34	287	37	295	38	298	162	587	159	586	161	595	164	255	25	243	22	233	20
26	246	23	248	117	519	136	551	128
124	526	120	394	69	365	57	247	23	245	25	255	164	601	165
134	560	139	489	110	478	109	479	111	456	99
136	482	109	483	139
33	281	36	292	56	358	57	366	117	519	136
165	596	161	257	26	246	23	248	117	517	125	545	136	551	128	552	139
34	287	37	295	38	298	162	599	166	594	160	591	163	200	9	197	11
29	262	35	286	34	272	31	271	33
118	523	139	489	110	478	109	479	111	456	99	453	97	316	45	313	46
78	411	77	301	39	282	33	281	36	292	56	358	57	366	117	519	136
110	487	134	522	118	465	106	470	133	559	137	538	123	402	72	392	68	389	67	337	51	334	62	371	59	374	104	460	101
99	235	20	213	12	202	10	206	164	595	161	586	159	587	162	298	38	288	34
2	175	5	185	27	199	9	187	6	186	7	193	163	591	160	594	166	599	162	587	159	294	36	259	28	261	40	283	33	284	41	303	44
22	236	21	239	117	517	125	544	129	521	118
34	272	31	274	40	290	36	292	56	358	57	366	117	519	136
148	322	46	313	45	316	97	234	20	232	21	237	23	247	57	363	61
101	373	59	371	62	338	52	330	50	332	71	398	114	498	113	501	131	534	121	474	107	477	134	560	139
55	353	64	359	56	251	24	204	10	201	11	210	16
6	188	163	591	160	593	165
136	554	129	521	118	465	106	467	122	535	131
99	235	20	233	22	241	23	247	57	363	61	352	55
62	338	52	330	50	332	71	398	114	498	113	501	131	535	122	467	106
165	588	159	361	56	358	57	365	69	394	120	529	129
92	436	87	435	91	440	89	441	150
2	169	1	167	0	167	1	169	2	175	5	182	9	187	6	186	7	191	84	424	89	441	150	576	156	582	153	583	157
141	531	120	527	125	545	136	561	140	562	138
78	411	77	308	42	302	41	306	70	385	64	353	55	354	69	394	120	529	129
20	213	12	202	10	206	164	595	161	586	159	587	162	587	159	294	36	281	33
62	334	51	336	66	375	60	351	55	352	61	363	57	247	23	241	22	214	12
8	195	10	206	164	206	10	205	25	254	26	256	56	359	64	385	70	350	54	348	60	367	58	333	51	334	62
91	440	89
16	210	11	197	9	194	8	195	10	206	164	601	165
62	338	52	339	142
99	457	138	562	140	561	136	545	125	527	120	531	141
33	271	31	272	34	265	30	268	86	432	92	436	87	435	91	428	85	429	154
139	523	118	465	106	470	133	559	137	538	123	402	72	392	68	376	60	367	58	368	62
16	210	11	207	12	214	22	241	23	247	57	363	61	352	55	351	60	376	68	389	67	337	51	334	62
16	219	15	220	19	229	20	232	21	239	117	516	119	525	140	546	125	544	129	521	118	465	106
148	322	46	320	48	323	47	326	98	449	96	451	100	458	111	479	109
154	429	85	428	91	435	87	436	92	438	88	439	166	603	165	601	164	206	10	203	22
165	588	159	294	36	281	33
80	414	79	413	78	411	77	308	42	302	41	306	70	355	55
95	442	93	344	53	340	54	346	55	352	61	363	57	247	23	237	21	232	20
2	169	1	172	149	574	147	571	146	565	144	404	73	404	144	404	73	328	49
78	413	79	311	44	307	42	285	33	283	40	261	28	259	36	294	159	588	165
44	307	42	299	39	278	32	276	34	265	30	268	86	432	92
157	583	153	582	156	576	150	441	89	440	91	435	87	436	92	432	86	268	30	265	34
16	210	11	197	9	194	8	195	10	206	164	601	165	598	162	587	159	294	36	281	33
101	460	104	374	59	371	62
41	304	53	341	58	368	62
29	262	35	286	34
55	352	61	363	57	247	23	237	21	232	20	235	99
89	440	91	435	87	436	92	438	88	437	90	422	83
165	596	161	595	164	255	25	243	22	233	20	235	99
136	554	129	521	118	465	106	467	122	535	131
118	523	139	489	110	478	109	479	111	458	100	451	96
165	588	159	361	56	359	64	378	61	379	69	393	115	401	72	399	113
62	334	51	336	66	375	60	351	55	352	61	363	57	247	23	241	22	214	12	207	11	210	16
16	219	15	220	19	229	20	232	21	239	117	516	119	525	140	546	125	544	129	521	118
134	471	106	468	124	512	116	508	115	356	55	346	54	349	65	305	41	303	44	311	79	413	78
61	352	55	351	60	367	58	368	62
139	483	109	482	136	545	125	543	127	395	69	379	61	378	64	359	56	292	36	290	40	274	31	272	34
110	478	109	479	111	456	99	453	97	316	45	313	46	320	48	320	46	322	148	322	46	320	48	327	49	328	73	404	144
132	557	131	534	121	474	107	472	112
110	485	112	495	130	533	121	534	131	557	132	558	142	339	52	338	62
33	271	31	258	28	259	36	294	159	586	161	595	164	206	10	195	8	194	9	197	11	210	16
128	550	129	529	120	531	141	515	116	508	115	401	72	392	68	389	67	337	51	334	62	371	59	374	104	460	101
78	411	77	308	42	302	41	306	70	385	64	364	57	366	117
131	557	132	558	142	339	52	338	62
34	287	37	295	38	298	162	599	166	594	160	591	163	200	9	194	8	194	9	197	11	210	16	176	2	169	1	172	149	570	145	567	146	565	144
78	411	77	308	42	302	41	306	70	385	64	353	55	354	69	394	120	527	125
33	281	36	292	56	358	57	365	69	394	120	529	129
148	569	145	570	149	172	1	167	0	167	1	169	2	175	5	182	9	187	6	186	7	193	163	591	160	594	166	599	162	298	38	288	34
62	334	51	336	66	375	60	351	55	352	61	363	57	247	23	241	22	214	12	207	11	210	16
139	483	109	482	136	545	125	517	117	248	23	245	25	255	164	601	165
34	276	32	278	39	299	42	307	44	312	94	345	53	344	93	383	63	382	62
83	422	90	437	88	438	92	436	87	435	91	440	89
110	478	109	482	136	545	125	543	127	395	69	379	61	378	64	359	56	292	36	290	40	274	31	272	34
155	580	152	577	151	578	153	581	154	429	85	428	91	435	87	436	92	432	86	268	30	267	38	295	37	273	31	271	33
61	352	55	346	54	340	53	344	93	444	105	461	101
61	379	69	394	120	466	106	464	107	474	121
128	550	129	529	120	531	141	515	116	508	115	401	72	392	68	376	60	367	58	368	62
139	489	110
33	284	41	303	44	312	94	345	53	344	93	383	63	382	62
101	460	104	463	105	444	93	344	53	343	65	386	70	360	56	362	161	595	164	206	10	195	8	194	9	197	11	210	16	176	2	169	1	172	149	574	147	571	146	406	74	405	144
20	232	21	239	117	517	125	527	120	531	141	515	116	508	115	356	55	346	54	347	58	368	62
2	175	5	182	9	194	8	194	9	200	163	591	160	594	166	599	162	298	38	288	34	276	32	278	39	300	43
78	411	77	301	39	278	32	276	34	287	37	295	38	298	162	599	166	594	160	591	163	200	9	197	11	210	16
74	405	144	410	76	407	75	408	143	563	146	572	148
62	371	59	373	101
62	334	51	333	58	341	53	310	44
31	273	37	295	38	298	162	433	86	431	88	438	92	436	87	435	91	440	89	441	150	576	156	582	153	583	157
112	472	107	474	121	534	131	557	132
139	523	118	465	106	467	122	499	113	502	132
61	363	57	247	23	244	24	253	164
78	413	79	414	80
8	194	9	200	163	591	160	594	166	599	162	587	159	294	36	259	28	261	40	283	33	284	41	303	44
136	519	117	248	23	245	25	255	164	601	165
99	450	96	324	47	323	48	327	49
11	197	9	194	8	194	9	200	163	423	83	422	90	425	84	424	89	441	150	576	156	582	153	583	157
62	334	51	336	66	375	60	351	55	352	61	363	57	247	23	241	22	214	12	211	13	216	16	176	2
61	378	64	353	55	346	54	340	53	344	93	444	105	461	101
165	588	159	361	56	358	57	366	117	519	136
139	483	109	484	140	525	119	516	117	239	21	232	20	213	12	212	14	218	16
34	287	37	295	38	298	162	587	159	586	161	595	164	255	25	243	22	233	20
8	195	10	206	164	206	10	203	22
165	588	159	294	36	259	28	261	40	283	33	285	42	302	41	304	53	341	58	368	62
2	177	17	223	18	227	45	313	46
22	233	20	235	99	456	111	491	135	497	112	494	121	534	131
34	272	31	274	40	290	36	292	56	359	64	353	55	354	69	394	120	527	125
21	236	22	243	25	249	24	252	161	586	159	587	162	587	159	294	36	259	28	258	31	271	33
2	175	5	185	27	199	9	187	6	186	7	193	163	591	160	594	166	599	162	298	38	288	34	276	32	278	39	300	43	309	82
55	352	61	363	57	247	23	237	21	232	20
22	243	25	249	24	252	161	596	165	603	166	439	88	438	92	436	87	435	91	440	89	441	150	576	156	582	153	583	157
157	583	153	582	156	576	150	441	89	440	91	435	87	436	92	438	88	439	166	597	161	362	56	358	57	363	61
62	334	51	333	58	341	53	304	41	284	33	283	40	296	37	295	38	267	30	267	38
62	338	52	330	50	332	71	397	72	401	115	393	69	394	120	530	136
139	483	109	484	140	562	138	457	99
141	357	55	351	60	376	68	389	67	337	51	334	62	371	59	374	104	460	101
62	334	51	333	58	341	53	343	65	386	70	360	56	361	159	588	165
62	334	51	333	58	341	53	304	41	284	33	271	31	272	34
140	561	136	545	125	543	127	395	69	354	55
165	593	160	591	163	200	9	194	8	194	9	197	11	210	16	221	17	225	145	569	148
138	524	119	516	117	517	125	527	120	531	141	515	116	508	115	356	55	346	54	347	58	368	62
85	426	86	432	92
144	404	73	328	49	327	48	323	47	324	96	450	99
138	562	140	561	136	545	125	543	127	395	69	354	55	353	64	359	56	292	36	259	28	258	31	272	34
2	176	16	219	15	220	19	229	20	232	21	239	117	516	119	525	140	561	136
22	243	25	249	24	252	161	586	159	587	162	587	159	294	36	259	28	261	40	283	33	282	39	301	77	411	78
78	411	77	301	39	282	33	281	36	292	56	359	64
26	256	56	360	70	350	54	340	53	344	93	442	95
36	292	56	358	57	365	69	395	127	543	125	545	136	554	129	521	118
34	276	32	278	39	299	42	307	44	312	94	345	53	344	93	383	63	382	62
62	334	51	336	66	375	60	351	55	352	61	363	57	247	23	241	22	214	12	198	9	182	5	175	2
30	265	34	276	32	278	39	301	77	411	78
101	460	104	384	63	342	53	304	41	284	33	271	31	273	37
22	241	23	247	57	363	61	352	55	346	54	340	53	344	93	442	95
44	303	41	306	70	355	55	354	69	394	120	466	106	464	107	477	134
27	185	5	182	9	196	10	203	22	241	23	247	57	365	69	396	141
144	404	73	328	49	327	48	323	47	324	96	450	99
34	287	37	295	38	298	162	587	159	586	161	595	164	255	25	243	22	233	20	235	99
117	519	136	551	128	481	109	478	110
62	334	51	333	58	341	53	310	44	307	42	299	39	278	32	276	34	265	30	268	86	432	92
22	203	10	195	8	194	9	200	163
165	588	159	294	36	259	28	261	40	283	33	282	39	301	77
61	352	55	355	70	293	36
62	334	51	336	66	375	60	351	55	352	61	363	57	247	23	241	22	214	12	211	13	216	16	176	2
92	438	88	437	90	422	83	190	7	186	6	187	9	199	27	181	4	174	2
16	219	15	220	19	229	20	232	21	239	117	516	119	525	140	484	109	481	128	552	139	560	134
110	478	109	482	136	545	125	517	117	239	21	236	22
139	523	118	465	106	470	133	559	137	538	123	402	72	377	60	367	58	368	62
118	522	134	487	110	478	109	479	111	456	99	453	97
75	407	76	410	144
78	413	79	311	44	310	53	342	63	382	62	338	52	330	50	330	52	339	142	558	132
144	404	73	328	49	327	48	320	46	322	148	322	46	320	48	320	46	313	45	227	18	226	19	222	16
78	411	77	301	39	278	32	276	34	265	30	267	38
136	519	117	366	57	364	64	385	70	306	41	302	42	308	77	411	78	411	77	412	82
101	460	104	374	59	371	62	338	52	339	142	558	132
131	557	132	558	142	339	52	330	50	331	67	337	51	333	58	341	53	304	41	284	33
113	499	122	467	106	466	120	530	136
101	460	104	384	63	335	51	337	67	331	50	332	71	397	72	401	115	393	69	394	120	527	125
78	411	77	301	39	278	32	276	34	287	37	295	38	298	162	598	165
132	558	142	339	52	338	62	371	59	374	104	460	101
101	373	59	371	62	338	52	330	50	332	71	398	114	498	113	499	122	532	121
139	483	109	482	136	545	125	543	127	395	69	379	61	378	64	359	56	292	36	281	33
92	436	87	435	91
61	352	55	351	60	367	58	368	62
55	355	70	293	36	259	28	258	31	272	34
139	523	118	465	106	470	133	559	137	538	123	402	72	377	60	367	58	368	62
8	195	10	206	164	206	10	203	22	236	21	239	117	517	125	545	136	551	128	552	139
83	421	88	439	166	597	161	362	56	359	64	353	55
80	414	79	413	78	411	77	412	82	309	43
165	596	161	595	164	255	25	243	22	233	20	235	99
21	237	23	247	57	363	61	352	55
109	481	128	550	129	521	118	465	106	470	133	559	137	538	123	402	72	377	60	367	58	368	62
42	307	44	312	94	345	53	344	93	383	63	382	62	338	52	339	142
61	363	57	247	23	237	21	232	20
77	411	78
61	352	55	346	54	340	53	344	93	442	95
109	483	139	523	118	465	106	470	133	559	137	538	123	402	72	392	68	376	60	367	58	368	62
165	588	159	294	36	259	28	261	40	283	33	285	42	302	41	304	53	341	58	368	62
53	340	54	346	55	354	69	394	120	530	136
78	411	77	308	42	302	41	306	70	385	64	378	61	379	69	365	57	366	117	520	140
139	523	118	465	106	470	133	559	137	538	123	402	72	377	60	367	58	368	62
142	507	114	400	72
124	526	120	394	69	354	55	353	64	359	56	292	36	259	28	258	31	272	34
16	184	5	185	27	199	9	187	6
134	477	107	474	121	534	131	557	132	558	142	339	52	338	62
33	271	31	258	28	259	36	294	159	586	161	595	164	206	10	195	8	194	9	197	11	210	16	176	2	169	1	172	149	570	145	567	146	565	144
165	593	160	591	163	200	9	194	8	194	9	197	11	210	16	221	17	225	145	569	148
33	285	42	302	41	304	53	341	58	368	62
105	444	93	344	53	343	65	386	70	360	56	362	161	595	164	206	10	195	8	194	9	197	11
61	363	57	247	23	241	22	214	12	211	13	208	11	210	16	221	17	225	145	569	148
46	313	45	316	97	453	99	456	111	479	109	478	110	488	135	488	110	488	135	497	112	495	130	533	121	534	131	557	132	558	142	339	52	338	62
109	482	136	519	117	518	127	395	69	354	55	353	64	359	56	292	36	290	40	274	31	272	34
21	236	22	243	25	249	24	252	161	586	159	587	162	587	159	294	36	259	28	261	40	283	33	284	41	303	44
16	210	11	197	9	194	8	194	9	200	163	591	160	594	166	599	162	298	38	288	34
97	453	99	457	138	562	140	484	109	483	139
16	219	15	220	19	229	20	232	21	239	117	517	125	527	120	531	141	515	116	514	137	503	113	502	132
92	438	88	439	166	597	161	252	24	244	23	248	117	517	125	545	136	551	128	481	109	478	110
55	352	61
78	411	77	412	82	420	81
62	338	52	330	50	332	71	391	68	392	72	401	115	508	116	515	141	531	120	527	125	545	136	482	109
132	502	113	503	137	514	116	508	115	356	55	353	64	359	56	256	26	257	161	596	165
61	378	64	359	56	292	36	281	33
125	527	120	526	124	512	116	514	137	538	123	402	72	377	60	367	58	368	62
22	241	23	247	57	363	61	352	55	351	60	376	68	376	60	367	58	368	62
101	460	104	384	63	382	62	338	52	330	50	332	71	398	114	498	113	501	131	534	121	474	107	477	134	560	139
132	558	142	339	52	330	50	331	67	337	51	333	58	341	53	310	44	311	79	413	78
139	523	118	465	106	467	122	535	131	557	132	558	142	339	52	338	62
16	210	11	197	9	194	8	194	9	200	163	591	160	594	166	599	162	587	159	294	36	259	28	261	40	283	33	284	41	303	44
155	580	152	577	151	579	157
62	338	52	330	50	332	71	398	114	498	113	501	131	534	121	533	130	495	112	497	135	488	110	478	109	479	111	456	99
92	432	86	268	30	265	34
61	380	115	401	72	399	113	501	131
96	450	99	238	21	237	23	247	57	364	64
34	272	31	271	33	284	41	304	53
144	404	73	328	49	327	48	323	47	324	96	450	99
128	551	136	545	125	543	127	395	69	354	55	353	64	359	56	292	36	259	28	258	31	272	34
55	346	54	349	65	305	41	302	42	308	77	411	78
121	534	131	557	132	558	142	339	52	338	62
2	177	17	223	18	226	19	231	97
6	187	9	196	10	203	22	236	21	239	117	517	125
62	371	59	373	101
22	243	25	249	24	252	161	586	159	587	162	298	38	288	34	276	32	278	39	300	43	309	82
2	175	5	182	9	196	10	204	24	244	23	247	57	364	64	385	70	350	54	340	53	344	93	444	105	461	101
110	478	109	484	140	525	119	516	117	239	21	232	20	213	12	212	14	218	16	176	2
139	523	118	465	106	467	122	535	131	557	132	558	142	339	52	338	62
110	478	109	479	111	456	99	453	97	316	45	313	46	320	48	320	46	322	148	322	46	320	48	327	49	328	73	403	76
6	186	7	193	163	591	160	593	165
95	442	93	344	53	340	54	346	55	356	115	508	116	512	124	468	106	464	107	477	134	487	110
164	253	24	244	23	247	57	363	61
2	175	5	182	9	194	8	194	9	200	163	591	160	594	166	599	162	298	38	288	34
99	450	96	315	45	313	46	322	148	566	144
62	334	51	336	66	375	60	351	55	352	61	363	57	247	23	241	22	214	12	207	11	210	16
33	283	40	261	28	259	36	294	159	589	166	594	160	591	163	200	9	194	8
78	411	77	301	39	278	32	276	34	287	37	295	38	298	162	599	166	594	160	591	163	200	9	197	11
16	219	15	220	19	229	20	232	21	239	117	516	119	516	117	517	125	544	129	521	118
165	588	159	294	36	259	28	261	40	283	33	285	42	302	41	304	53	341	58	368	62
34	272	31	274	40	290	36	293	70	350	54	346	55	356	115	508	116	512	124	468	106
78	413	79	417	94	445	95	447	105	461	101
61	363	57	247	23	245	25	249	24	252	161	597	166	439	88	438	92
78	413	79	311	44	310	53	342	63	335	51	337	67	331	50	330	52	339	142	558	132
44	310	53	341	58	333	51	337	67	331	50	330	52	339	142	558	132
61	352	55	351	60	367	58	368	62
33	271	31	272	34	265	30	268	86	432	92	436	87	435	91	440	89	441	150	576	156	582	153	583	157
82	309	43	300	39	278	32	276	34	287	37	295	38	298	162	598	165
34	272	31	274	40	290	36	292	56	359	64	353	55	354	69	394	120	530	136
61	352	55	351	60	367	58	368	62
163	200	9	196	10	203	22
118	521	129	554	136	561	140	525	119	516	117	239	21	232	20	213	12	212	14	218	16
112	472	107	474	121	534	131	557	132
55	356	115	508	116	512	124	468	106	464	107	477	134	487	110
112	472	107	464	106	465	118	521	129	554	136	545	125	517	117	239	21	236	22
22	243	25	249	24	252	161	586	159	587	162	298	38	288	34	276	32	278	39	300	43	309	82
34	272	31	274	40	290	36	292	56	359	64	378	61	379	69	395	127	543	125	545	136	551	128	481	109	478	110
132	557	131	534	121	533	130	495	112	497	135	488	110	478	109	479	111	456	99	453	97	316	45	313	46
34	287	37	295	38	298	162	599	166	594	160	591	163	200	9	194	8	194	9	197	11	210	16	176	2	169	1	172	149	574	147	571	146	406	74	405	144
62	334	51	333	58	341	53	304	41	284	33
165	598	162	587	159	294	36	259	28	261	40	283	33	282	39	299	42	308	77	411	78
118	465	106	468	124	512	116	508	115	356	55	346	54	350	70	293	36	290	40	274	31	272	34
136	545	125	543	127	395	69	379	61	378	64	359	56	292	36	281	33
16	219	15	220	19	229	20	232	21	239	117	516	119	525	140	561	136	554	129	521	118	465	106	467	122	535	131
2	175	5	183	11	207	12	214	22	241	23	247	57	363	61	352	55	351	60	376	68	389	67	337	51	334	62
92	438	88	439	166	603	165	601	164	206	10	203	22
139	483	109	482	136	545	125	517	117	248	23	244	24	252	161	597	166	439	88	421	83
22	242	24	252	161	586	159	587	162	587	159	294	36	259	28	261	40	283	33	284	41	303	44
62	338	52	330	50	332	71	397	72	401	115	508	116	512	124	539	129	550	128
61	352	55	346	54	340	53	344	93	444	105
33	284	41	304	53	341	58	368	62
20	232	21	239	117	517	125	527	120	531	141	515	116	514	137	503	113	501	131
92	432	86	426	85	426	86	268	30	266	35	262	29
97	453	99	456	111	479	109	478	110	487	134	522	118
132	558	142	339	52	330	50	331	67	337	51	333	58	341	53	304	41	284	33
157	579	151
11	209	14	217	15	220	19	229	20	232	21	239	117	516	119	525	140	561	136
132	558	142	339	52	338	62
55	354	69	394	120	530	136
11	210	16	221	17	225	145	569	148	322	46	320	48	327	49
70	293	36	259	28	258	31	272	34
125	517	117	239	21	232	20	213	12	212	14	218	16	176	2	169	1	172	149	574	147	571	146	406	74	405	144
22	243	25	249	24	252	161	597	166	439	88	438	92	436	87	435	91	428	85	429	154
148	322	46	320	48	320	46	313	45	316	97	234	20	233	22
43	309	82	412	77	411	78
33	281	36	292	56	358	57	365	69	394	120	466	106	465	118
92	432	86	268	30	265	34	272	31	271	33	284	41	303	44
55	346	54	340	53	344	93	444	105	461	101
144	405	74	406	146	571	147	574	149	172	1	170	3	178	16
138	524	119	516	117	248	23	244	24	252	161	597	166	439	88	438	92
62	338	52	330	50	332	71	397	72	402	123	538	137	537	122	467	106	465	118
20	232	21	239	117	517	125	527	120	531	141	515	116	508	115	401	72	377	60	367	58	368	62
20	232	21	239	117	517	125	527	120	531	141	515	116	514	137	503	113	502	132
136	519	117	366	57	364	64	385	70	306	41	302	42	308	77	411	78	411	77	412	82
34	272	31	274	40	290	36	293	70	350	54	346	55	356	115	508	116	512	124	468	106	471	134
6	187	9	182	5	175	2	169	1	167	0	168	143	408	75
95	442	93	344	53	340	54	346	55	354	69	394	120	529	129	550	128
165	588	159	361	56	360	70
157	583	153	582	156	576	150	441	89	440	91	435	87	436	92	438	88	439	166	603	165
101	460	104	384	63	382	62	338	52	330	50	330	52	339	142	507	114	505	131
22	236	21	239	117	517	125	527	120	531	141	515	116	514	137	503	113	502	132
92	432	86	433	162	598	165	601	164	206	10	203	22
101	373	59	371	62
125	527	120	526	124	541	137	538	123	402	72	392	68	389	67	337	51	334	62	371	59	374	104	460	101
61	363	57	247	23	241	22	203	10	195	8
55	352	61
157	585	156	576	150	441	89	440	91	435	87	436	92	438	88	439	166	603	165	601	164	206	10	203	22
125	517	117	366	57	363	61
46	313	45	230	19	229	20
82	412	77	411	78
62	371	59	374	104	463	105	447	95	445	94	417	79	413	78	411	77	412	82
34	287	37	295	38	298	162	599	166	594	160	591	163	200	9	194	8	194	9	197	11	210	16	221	17	225	145	569	148
157	583	153	582	156	576	150	441	89	440	91	435	87	436	92	438	88	439	166	597	161	595	164	255	25	243	22	233	20
165	598	162	587	159	294	36	259	28	261	40	283	33	282	39	299	42	308	77	412	82
6	187	9	199	27	181	4	174	2	176	16
110	478	109	484	140	525	119	516	117	239	21	232	20	213	12	212	14	218	16	176	2
139	523	118	521	129	544	125	517	117	239	21	232	20	213	12	198	9	189	7	191	84	191	7	189	9	196	10	204	24	251	56	360	70	350	54	347	58	368	62
136	530	120	531	141	515	116	508	115	401	72	377	60	367	58	368	62
95	442	93	344	53	340	54	346	55	357	141
144	405	74	405	144	410	76	409	143	563	146	571	147	574	149	172	1	167	0	167	1	169	2	175	5	182	9	187	6	186	7	190	83	422	90	437	88	438	92
118	465	106	467	122	535	131	557	132
163	423	83
22	243	25	249	24	252	161	586	159	587	162	298	38	288	34
134	477	107	464	106	466	120	394	69	379	61
55	353	64	359	56	362	161	597	166	439	88	438	92	436	87	435	91	440	89	441	150	576	156	582	153	583	157
164	253	24	244	23	247	57	363	61	381	141
34	265	30	268	86	432	92	436	87	435	91	428	85	429	154	581	153	578	151	577	152	580	155	584	158
163	600	166	599	162	298	38	288	34
131	557	132	558	142	339	52	338	62
20	233	22	242	24	251	56	360	70
2	175	5	182	9	196	10	204	24	244	23	247	57	364	64	385	70	350	54	348	60	367	58	333	51	334	62
112	472	107	474	121	534	131	557	132
34	287	37	295	38	298	162	587	159	586	161	595	164	206	10	203	22
132	502	113	503	137	514	116	515	141	357	55	353	64	359	56	256	26	257	161	596	165
78	411	77	308	42	302	41	306	70	385	64	353	55	354	69	394	120	530	136	482	109
163	591	160	593	165
75	408	143	168	0	167	1	169	2	175	5	182	9	187	6
118	465	106	467	122	535	131	557	132	558	142	339	52	338	62
29	264	82	412	77	411	78
16	210	11	197	9	194	8	195	10	204	24	250	26	246	23	247	57	364	64	385	70	350	54	340	53	344	93	444	105	461	101
163	200	9	196	10	203	22	236	21	239	117	519	136
109	481	128	550	129	521	118	465	106	467	122	535	131	557	132	558	142	339	52	338	62
44	310	53	341	58	368	62
77	412	82	412	77	301	39	278	32	276	34
22	243	25	249	24	252	161	596	165	603	166	439	88	438	92	436	87	435	91	440	89	441	150	576	156	582	153	578	151	577	152	577	151	578	153	581	154
20	233	22	243	25	255	164	595	161	586	159	587	162	587	159	294	36	281	33
144	404	73	328	49	327	48	320	46	322	148	322	46	320	48	323	47	326	98	449	96	451	100	458	111	479	109	478	110	488	135	488	110	488	135	497	112	495	130	556	131
136	530	120	531	141	515	116	508	115	356	55	346	54	349	65	305	41	302	42	308	77	411	78
20	213	12	202	10	206	164	595	161	586	159	587	162	298	38	288	34
82	412	77	411	78	411	77	308	42	302	41	306	70	355	55	352	61
33	271	31	272	34	265	30	268	86	432	92
62	334	51	336	66	375	60	351	55	353	64	359	56	251	24	204	10	195	8	194	9	187	6
101	373	59	371	62
91	440	89	441	150	441	89	424	84	191	7	186	6	187	9	199	27	181	4	174	2
61	378	64	353	55	346	54	340	53	344	93	442	95
62	371	59	374	104	460	101
106	467	122	535	131	557	132	558	142
139	483	109	484	140	562	138	457	99
22	243	25	249	24	252	161	597	166	439	88	438	92
131	557	132	558	142	339	52	330	50	331	67	337	51	333	58	341	53	310	44	311	79	413	78
157	579	151	579	157	585	156	576	150	441	89	424	84	425	90	422	83	423	163	200	9	197	11
165	588	159	361	56	358	57	365	69	394	120	526	124
62	334	51	336	66	370	58	347	54	350	70	360	56	251	24	242	22
144	404	73	328	49	327	48	320	46	322	148	322	46	320	48	320	46	313	45	316	97	234	20
20	213	12	202	10	206	164	595	161	597	166	439	88	438	92	436	87	435	91	440	89	441	150	576	156	582	153	583	157
33	281	36	293	70	355	55	357	141
128	551	136	545	125	527	120	531	141	515	116	508	115	401	72	392	68	376	60	367	58	368	62
52	330	50	332	71	397	72	402	123	538	137	537	122	467	106	465	118
83	190	7	193	163
155	580	152	577	151	578	153	581	154
97	234	20	233	22
55	355	70	306	41
104	374	59	371	62	338	52	330	50	332	71	398	114	498	113	501	131	534	121	474	107	477	134	487	110
136	530	120
110	478	109	482	136	545	125	517	117	248	23	244	24	249	25	249	24	252	161	586	159
101	446	95	445	94	312	44	307	42	299	39	278	32	276	34
33	271	31	258	28	259	36	294	159	586	161	595	164	253	24	242	22	214	12	198	9	182	5	175	2
55	346	54	340	53	344	93	444	105	461	101
56	251	24	242	22	233	20	235	99
109	479	111	458	100	451	96	449	98	317	45	313	46	320	48	320	46	322	148	322	46	320	48	327	49	328	73	404	144
142	507	114	498	113	503	137	514	116	515	141	531	120	527	125	517	117	239	21	232	20	213	12	212	14	209	11
33	271	31	272	34	286	35	262	29
34	272	31	274	40	290	36	292	56	359	64	353	55	354	69	395	127	518	117	519	136	551	128
140	546	125	527	120	531	141	515	116	508	115	401	72	377	60	367	58	368	62
101	446	95
163	200	9	199	27	181	4	174	2
101	460	104	374	59	371	62
61	363	57	366	117	519	136	482	109
62	371	59	374	104	463	105	447	95	445	94	417	79	413	78	411	77	412	82
154	429	85	428	91	435	87	436	92	438	88	439	166	603	165	601	164	206	10	203	22
16	176	2	169	1	172	149	574	147	571	146	563	143	409	76	410	144	405	74
132	558	142	339	52	338	62
62	338	52	330	50	332	71	391	68	392	72	402	123	538	137	559	133	470	106	465	118	521	129	554	136
2	177	17	223	18	226	19	231	97
144	404	73	328	49	327	48	320	46	322	148	322	46	320	48	320	46	313	45	316	97	453	99	457	138	562	140	561	136
99	235	20	232	21	237	23	247	57	363	61
110	478	109	482	136	545	125	517	117	248	23	244	24	252	161	597	166	439	88	438	92
12	198	9	200	163
128	553	140	562	138	457	99	453	97	316	45	313	46	320	48	320	46	322	148	322	46	320	48	327	49	328	73	404	144
142	507	114	498	113	503	137	514	116	515	141	531	120	527	125	517	117	239	21	232	20	213	12	212	14	218	16
33	271	31	258	28	259	36	294	159	586	161	595	164	206	10	195	8
148	569	145	570	149	172	1	167	0	167	1	169	2	175	5	182	9	187	6	186	7	193	163	591	160	593	165	598	162	587	159	294	36	281	33
44	303	41	291	36
62	338	52	339	142	558	132	557	131	534	121	474	107	477	134	487	110
134	560	139	483	109	484	140	525	119	516	117	239	21	232	20	213	12	212	14	218	16
101	373	59	371	62	368	58	347	54	346	55	352	61
20	232	21	239	117	516	119	525	140	484	109	481	128	552	139	560	134	496	112	495	130
101	460	104	384	63	342	53	340	54	346	55	352	61	363	57	247	23	241	22
92	438	88	439	166	597	161	257	26	246	23	248	117	519	136
2	169	1	167	0	167	1	169	2	175	5	182	9	187	6	186	7	191	84	424	89	441	150	575	153	578	151	577	152	580	155
101	460	104	463	105	444	93	344	53	343	65	386	70	360	56	362	161	595	164	253	24	242	22	214	12	198	9	182	5	175	2
34	287	37	295	38	298	162	587	159	586	161	595	164	255	25	243	22	233	20
78	413	79	415	81
6	186	7	190	83
95	442	93	344	53	343	65	386	70	360	56	362	161	595	164	253	24	242	22	214	12	198	9	182	5	175	2
118	465	106	467	122	537	137	538	123	402	72	377	60	367	58	368	62
62	338	52	330	50	332	71	398	114	498	113	501	131	534	121	533	130	495	112	497	135	488	110	478	109	479	111	456	99	453	97	316	45	313	46
131	534	121	533	130	495	112	497	135	488	110	478	109	479	111	458	100	451	96
34	287	37	295	38	298	162	599	166	594	160	591	163	200	9	194	8	194	9	197	11	183	5	175	2
78	413	79	311	44	310	53	342	63	335	51	337	67	331	50	330	52	339	142	558	132
62	338	52	330	50	332	71	398	114	498	113	501	131	534	121	474	107	477	134	487	110
110	485	112	495	130	533	121	534	131	557	132	558	142	339	52	338	62
121	534	131	557	132	558	142	339	52	338	62	371	59	374	104	460	101
70	293	36	259	28	258	31	272	34
34	276	32	278	39	299	42	307	44	312	94	345	53	344	93	383	63	382	62
9	197	11	210	16	221	17	223	18	227	45	313	46
62	334	51	333	58	341	53	343	65	386	70	360	56	362	161	597	166	594	160	591	163
109	481	128	551	136	554	129	521	118	465	106	467	122	535	131	557	132	558	142	339	52	338	62	368	58	341	53	304	41	291	36	294	159	589	166	439	88	437	90	425	84	191	7	189	9	196	10	204	24	251	56	360	70	350	54	347	58	368	62
95	442	93	383	63	382	62
132	502	113	499	122	467	106	465	118	521	129	554	136
95	442	93	383	63	382	62	338	52	330	50	330	52	339	142	507	114	505	131
62	371	59	374	104	463	105	447	95	445	94	417	79	413	78
118	523	139	489	110	478	109	479	111	456	99	453	97	316	45	313	46
16	219	15	217	14	212	12	214	22	241	23	247	57	363	61	380	115	401	72	399	113
11	210	16	176	2	169	1	172	149
6	188	163	200	9	194	8	195	10	203	22	236	21	239	117	517	125	527	120	466	106	470	133
92	438	88	437	90	422	83
26	246	23	247	57	365	69	394	120	466	106	467	122	532	121
133	470	106	466	120	394	69	365	57	247	23	241	22
22	203	10	195	8	194	9	187	6
131	501	113	503	137	514	116	515	141	531	120	527	125	517	117	239	21	232	20	213	12	212	14	218	16	176	2
91	440	89	441	150	576	156	582	153
2	175	5	185	27	199	9	187	6	186	7	193	163	591	160	594	166	589	159	294	36	259	28
165	598	162	298	38	288	34	272	31	271	33
144	565	146	571	147	574	149	172	1	170	3	178	16
101	373	59	371	62
149	172	1	169	2	175	5	182	9	187	6
53	340	54	346	55	354	69	394	120	529	129
132	502	113	503	137	514	116	515	141	531	120	527	125	517	117	239	21	232	20	213	12	212	14	218	16	176	2
16	221	17	225	145	567	146	406	74
110	485	112	495	130	556	131	557	132	558	142	339	52	338	62	368	58	341	53	304	41	291	36	294	159	589	166	439	88	437	90	425	84	191	7	189	9	196	10	204	24	251	56	360	70	350	54	347	58	368	62
131	534	121	494	112	497	135	491	111	456	99	238	21	232	20	213	12	212	14	218	16	176	2
55	352	61	363	57	247	23	237	21	232	20	235	99
20	213	12	202	10	195	8	194	9	200	163	193	7	191	84	424	89	441	150	576	156	582	153	583	157
157	583	153	582	156	576	150	441	89	440	91	435	87	436	92	432	86	433	162	598	165
139	523	118	465	106	468	124	512	116	508	115	356	55
80	414	79	413	78	411	77	308	42	302	41	306	70	355	55
33	285	42	302	41	304	53	341	58	368	62
2	175	5	182	9	196	10	204	24	244	23	247	57	364	64	378	61	363	57	247	23	246	26
44	303	41	291	36	292	56	251	24	253	164	206	10	201	11	210	16
101	460	104	463	105	444	93	344	53	304	41	284	33
118	465	106	470	133	559	137	538	123	402	72	377	60	367	58	368	62
62	338	52	339	142	558	132	557	131	535	122	467	106	465	118	521	129	550	128	481	109
141	510	115	401	72	399	113	502	132
101	460	104	463	105	447	95	442	93	344	53	304	41	284	33
165	588	159	361	56	359	64	353	55
22	243	25	249	24	252	161	586	159	587	162	298	38	288	34
101	460	104	384	63	382	62	338	52	330	50	332	71	398	114	498	113	501	131	534	121	474	107	477	134	560	139
78	411	77	412	82	264	29
46	313	45	230	19	222	16	210	11	201	10	206	164
121	532	122	536	133	513	116	508	115	356	55	346	54	340	53	310	44
53	343	65	386	70	360	56	362	161	595	164	206	10	201	11
2	175	5	182	9	196	10	204	24	244	23	247	57	364	64	385	70	350	54	347	58	333	51	334	62
42	285	33	283	40	261	28	259	36	294	159	586	161	595	164	206	10	203	22
110	478	109	482	136	545	125	517	117	248	23	244	24	252	161	597	166	439	88	438	92
139	523	118	465	106	467	122	535	131	557	132
22	241	23	247	57	363	61	352	55	351	60	376	68	376	60	367	58	368	62
132	502	113	503	137	514	116	515	141	531	120	527	125	517	117	239	21	236	22	203	10	195	8
104	384	63	342	53	304	41	284	33
147	574	149	172	1	169	2	175	5	182	9	187	6
132	502	113	503	137	514	116	515	141	531	120	527	125	517	117	239	21	232	20	213	12	212	14	218	16
134	477	107	464	106	468	124	512	116	508	115	356	55	351	60
34	276	32	278	39	299	42	307	44	312	94	445	95	447	105	461	101
60	348	54	350	70	360	56	251	24	242	22	233	20	235	99
20	213	12	202	10	206	164	601	165
132	557	131	534	121	474	107	477	134	487	110
132	557	131	534	121	533	130	495	112	497	135	488	110	478	109	479	111	456	99
44	303	41
62	338	52	330	50	332	71	397	72	402	123	538	137	537	122	467	106	465	118
92	432	86	268	30	265	34	276	32	275	33	284	41	303	44
20	232	21	239	117	517	125	527	120	531	141	515	116	508	115	401	72	392	68	389	67	337	51	334	62	371	59	374	104	460	101
136	519	117	248	23	245	25	255	164	601	165
155	584	158
22	241	23	247	57	363	61	352	55
62	338	52	339	142	507	114	505	131
34	272	31	271	33	284	41	303	44	312	94	445	95
155	580	152	577	151	579	157
136	530	120	531	141	515	116	508	115	356	55	346	54	347	58	368	62
20	213	12	202	10	195	8	194	9	187	6
121	532	122	467	106	466	120	527	125	517	117	248	23	244	24	253	164
165	588	159	294	36	259	28	261	40	283	33	284	41	303	44	312	94	445	95
94	345	53	341	58	368	62
101	373	59	372	63	335	51	336	66
41	305	65	349	54	346	55	356	115	508	116	512	124	468	106	464	107	477	134
142	339	52	330	50	331	67	337	51	336	66	370	58	347	54	350	70	293	36	281	33
82	412	77	411	78	413	79	417	94	345	53	344	93	383	63	382	62	338	52	330	50	330	52	339	142	558	132
6	187	9	196	10	203	22	236	21	239	117	519	136
141	357	55	346	54	349	65	305	41	284	33
2	176	16	219	15	220	19	229	20	232	21	239	117	516	119	525	140	484	109	481	128	552	139	560	134	477	107	474	121
81	420	82	420	81	415	79	413	78
22	241	23	247	57	363	61	352	55	346	54	340	53	344	93	444	105	461	101
44	303	41	305	65	349	54	346	55	356	115	508	116	512	124	468	106	464	107	477	134	560	139
8	195	10	206	164	206	10	204	24	251	56	359	64	353	55	351	60	367	58	368	62
132	558	142	339	52	330	50	331	67	337	51	333	58	341	53	310	44	311	79	413	78
142	339	52	338	62	334	51	333	58	341	53	310	44
78	411	77	301	39	278	32	276	34
26	246	23	248	117	519	136	551	128	481	109	478	110
62	334	51	333	58	341	53	345	94
75	408	143	563	146	565	144	566	148	322	46	320	48	320	46	313	45	316	97	234	20
44	303	41	306	70	385	64
70	293	36	294	159	588	165
55	355	70
26	246	23	247	57	363	61
61	379	69	394	120	466	106	464	107	472	112	495	130
117	366	57	363	61	352	55	351	60	367	58	368	62
62	338	52	330	50	332	71	398	114	498	113	499	122	532	121
139	483	109	482	136	545	125	543	127	395	69	354	55	355	70
110	478	109	482	136	545	125	517	117	248	23	244	24	252	161	597	166	439	88	438	92	436	87	435	91	440	89	441	150	576	156	582	153	583	157
22	236	21	239	117	519	136	551	128	481	109	478	110
62	334	51	336	66	375	60	351	55	352	61	363	57	247	23	241	22	214	12	198	9	182	5	175	2
22	241	23	247	57	363	61	352	55	351	60	376	68	376	60	367	58	368	62
131	557	132	558	142	339	52	338	62	371	59	374	104	443	93	442	95
16	219	15	220	19	229	20	232	21	239	117	516	119	525	140	484	109	483	139
46	313	45	227	18	226	19	222	16
142	339	52	330	50	330	52	338	62
142	339	52	338	62	334	51	336	66	375	60
157	583	153	582	156	576	150	441	89	440	91	435	87	436	92
2	175	5	182	9	194	8
33	285	42	302	41	304	53	341	58	368	62
148	322	46	320	48	320	46	313	45	317	98	449	96	451	100	458	111	491	135	488	110
44	303	41	304	53	342	63	382	62	338	52	339	142
136	519	117	248	23	245	25	249	24	252	161	597	166	439	88	421	83
8	195	10	206	164	253	24	251	56	359	64
148	569	145	225	17	179	3	173	2	175	5	182	9	196	10	204	24	244	23	247	57	364	64	385	70	350	54	348	60	367	58	333	51	334	62
110	485	112	495	130	533	121	534	131	557	132	558	142
34	272	31	274	40	290	36	292	56	358	57	366	117	519	136	482	109
80	414	79	413	78	411	77	301	39	278	32	276	34
136	561	140	562	138	457	99	453	97	316	45	313	46	320	48	320	46	322	148	566	144
118	465	106	467	122	535	131	557	132
46	320	48	327	49	328	73
110	478	109	479	111	456	99	453	97	316	45	313	46	320	48	320	46	322	148	322	46	320	48	327	49	328	73	404	144	405	74
61	352	55	355	70	293	36
101	460	104	384	63	382	62	338	52	330	50	332	71	398	114	498	113	501	131	534	121	474	107	477	134	487	110
165	596	161	595	164	255	25	243	22	233	20	235	99
80	414	79	413	78	411	77	308	42	302	41	305	65	349	54	346	55	356	115	508	116	512	124	468	106	464	107	477	134
34	272	31	274	40	290	36	292	56	359	64	378	61	379	69	395	127	543	125	545	136	551	128	552	139
95	445	94	312	44	303	41	284	33	283	40	261	28	259	36	294	159	588	165
8	194	9	200	163	591	160	594	166	599	162	587	159	294	36	259	28	261	40	283	33	284	41	303	44
62	338	52	330	50	332	71	398	114	498	113	501	131	535	122	467	106
132	502	113	399	72	401	115	380	61
119	516	117	366	57	363	61	380	115	401	72	399	113	502	132
2	176	16	219	15	220	19	229	20	232	21	239	117	516	119	525	140	484	109	483	139
132	558	142	339	52	330	50	331	67	337	51	333	58	341	53	310	44	311	79	413	78	411	77	412	82
46	313	45	316	97	453	99	456	111	479	109	478	110	487	134	522	118
62	334	51	336	66	375	60	351	55	353	64	359	56	256	26
76	410	144
20	232	21	239	117	517	125	527	120	531	141	515	116	508	115	401	72	392	68	376	60	367	58	368	62
118	465	106	467	122	535	131	557	132
34	265	30	268	86	432	92	436	87	435	91	440	89	441	150	576	156	582	153	583	157
165	603	166	439	88	438	92	436	87	435	91	440	89	441	150	576	156	582	153	583	157
30	265	34	272	31	274	40	290	36	292	56	358	57	363	61
148	322	46	313	45	316	97	453	99	457	138	562	140	561	136
136	561	140	525	119	516	117	239	21	232	20	213	12	212	14	209	11
2	176	16	219	15	220	19	229	20	232	21	239	117	516	119	525	140	546	125	544	129	521	118
165	601	164	206	10	202	12	213	20
2	175	5	183	11	207	12	202	10	204	24	251	56	359	64	353	55
34	276	32	278	39	299	42	307	44	312	94	345	53	344	93	383	63	382	62
22	243	25	249	24	252	161	597	166	439	88	438	92	436	87	435	91	428	85	429	154	581	153	578	151	577	152	580	155
33	271	31	258	28	259	36	294	159	589	166	439	88	421	83
148	322	46	313	45	316	97	234	20	213	12	202	10	206	164
74	405	144	410	76	407	75	408	143	168	0	167	1	169	2	175	5	182	9	187	6
62	338	52	330	50	332	71	397	72	401	115	510	141
118	465	106	466	120	394	69	354	55	346	54	347	58	368	62
92	438	88	437	90	422	83	423	163
62	338	52	330	50	330	52	339	142
132	557	131	534	121	533	130	495	112	497	135	488	110	478	109	479	111	456	99
132	502	113	399	72	377	60	351	55	353	64
33	284	41	304	53	341	58	368	62	338	52
136	519	117	248	23	245	25	255	164	601	165
62	334	51	336	66	375	60	351	55	352	61	363	57	247	23	241	22	214	12	207	11
144	565	146	571	147	574	149	172	1	167	0	167	1	169	2	175	5	182	9	187	6	186	7	193	163	591	160	593	165
2	177	17	223	18	227	45	313	46
154	581	153	578	151	577	152	580	155	580	152	577	151	577	152	580	155
62	338	52	330	50	332	71	397	72	402	123	538	137	537	122	467	106	465	118
34	265	30	268	86	432	92	436	87	435	91	440	89	441	150	576	156	582	153	578	151	577	152	580	155
46	313	45	227	18	226	19	222	16	210	11	197	9	194	8	194	9	200	163	591	160	594	166	599	162	298	38	288	34
55	353	64	359	56	251	24	204	10	201	11	210	16
8	194	9	197	11	210	16	221	17	223	18	227	45	313	46
121	532	122	467	106	465	118	521	129	550	128	481	109
11	201	10	205	25	254	26	256	56	359	64	353	55	346	54	340	53
34	276	32	278	39	299	42	307	44	312	94	345	53	344	93	383	63	382	62
16	210	11	197	9	194	8	194	9	200	163	423	83	422	90	437	88	438	92
99	235	20	233	22	243	25	255	164	595	161	586	159	587	162	587	159	294	36	281	33
8	195	10	206	164	206	10	202	12	213	20	235	99	456	111	491	135	497	112	494	121	534	131
158	584	155	580	152	577	151	578	153	581	154	429	85	428	91	435	87	436	92	438	88	439	166	603	165
128	550	129	529	120	528	127	395	69	354	55	353	64	385	70	306	41	303	44
139	483	109	484	140	525	119	516	117	239	21	232	20	213	12	212	14	218	16	176	2
62	334	51	336	66	375	60	351	55	352	61	363	57	247	23	241	22	214	12	211	13	208	11	210	16	221	17	225	145	569	148
82	309	43	280	32	276	34
22	243	25	249	24	252	161	596	165	598	162	433	86	432	92
118	521	129	544	125	546	140	525	119	516	117	239	21	232	20	213	12	212	14	218	16	176	2
165	596	161	257	26	246	23	248	117	517	125	545	136	551	128	552	139
26	250	24	204	10	201	11	210	16
1	167	0	168	143
155	580	152	577	151	579	157
101	460	104	384	63	342	53	310	44	311	79	413	78
16	210	11	197	9	194	8	194	9	200	163	591	160	594	166	599	162	298	38	288	34	272	31	271	33
165	588	159	361	56	358	57	365	69	394	120
132	502	113	399	72	401	115	380	61	363	57	247	23	241	22
87	435	91	440	89	424	84	424	89	440	91	435	87	436	92
28	259	36	294	159	586	161	595	164	255	25	243	22	233	20	234	97	448	96
62	334	51	336	66	375	60	351	55	352	61	363	57	247	23	241	22	214	12	207	11	210	16
165	588	159	294	36	293	70	355	55	357	141
132	502	113	503	137	514	116	515	141	531	120	527	125	517	117	239	21	232	20	213	12	212	14	218	16	176	2
134	477	107	464	106	468	124	512	116	508	115	356	55	346	54	349	65	305	41	303	44
131	501	113	399	72	401	115	380	61
74	405	144	410	76	407	75	408	143	168	0	167	1	169	2	175	5	182	9	187	6
165	596	161	595	164	255	25	243	22	233	20	234	97
132	502	113	503	137	514	116	515	141	531	120	527	125	517	117	239	21	236	22	203	10	195	8
136	561	140	562	138	457	99	450	96
2	175	5	182	9	196	10	205	25	254	26	256	56	359	64	353	55	346	54	348	60
2	176	16	219	15	220	19	229	20	232	21	239	117	516	119	525	140	484	109	483	139
165	601	164	206	10	201	11	210	16
157	583	153	582	156	576	150	441	89	440	91	435	87	436	92	438	88	439	166	597	161	362	56	359	64	353	55
82	412	77	411	78	413	79	417	94	345	53	344	93	383	63	382	62
92	436	87	435	91	440	89
16	219	15	220	19	229	20	232	21	239	117	516	119	525	140	484	109	483	139
155	580	152	577	151	578	153	582	156	576	150	441	89	440	91	435	87	436	92
33	283	40	261	28	259	36	294	159	589	166	594	160	591	163	193	7	189	9	199	27	181	4
62	338	52	330	50	332	71	397	72	402	123	538	137	537	122	467	106	465	118
165	588	159	361	56	359	64	353	55
93	344	53	341	58	333	51	337	67	331	50	330	52	339	142	558	132	557	131	534	121
62	338	52	330	50	332	71	398	114	498	113	499	122	475	107	477	134	560	139
101	460	104	374	59	371	62
132	557	131	534	121	474	107	477	134	487	110
96	315	45	313	46	320	48	320	46	322	148	322	46	320	48	327	49	328	73	404	144	404	73
22	236	21	239	117	517	125	545	136	551	128	481	109	478	110
101	460	104	384	63	342	53	340	54	346	55	352	61
110	487	134	522	118	465	106	470	133	559	137	538	123	402	72	392	68	389	67	337	51	334	62	371	59	374	104	460	101
83	422	90	437	88	438	92	432	86	268	30	265	34	276	32	278	39	301	77	411	78
62	338	52	330	50	332	71	397	72	401	115	393	69	394	120	530	136
97	448	96	315	45	313	46	320	48	320	46	322	148	322	46	320	48	327	49	328	73	404	144
136	519	117	518	127	395	69	354	55	353	64	359	56	292	36	290	40	274	31	272	34
142	339	52	338	62	334	51	333	58	341	53	304	41	284	33	282	39	278	32	276	34
62	334	51	336	66	375	60	351	55	352	61	363	57	247	23	241	22	214	12	211	13	208	11	210	16	176	2	169	1	172	149	574	147	571	146	406	74	405	144
109	482	136	519	117	239	21	236	22	203	10	195	8
53	340	54	346	55	352	61	363	57	247	23	237	21	232	20
97	453	99	456	111	479	109	478	110	488	135	488	110	488	135	497	112	495	130	533	121	534	131
99	456	111	491	135	497	112
62	334	51	333	58	341	53	343	65	386	70	360	56	362	161	597	166	439	88	421	83
34	272	31	274	40	290	36	293	70	350	54	346	55	356	115	508	116	513	133	536	122	532	121
97	231	19	222	16
55	354	69	394	120	466	106	464	107	477	134
132	557	131	534	121	474	107	477	134	487	110
136	519	117	518	127	395	69	354	55	353	64	385	70	306	41	303	44
139	483	109	484	140	525	119	516	117	239	21	232	20	213	12	212	14	218	16
6	186	7	190	83	422	90
34	272	31	274	40	290	36	292	56	359	64	353	55	354	69	395	127	543	125	545	136	551	128	552	139
33	271	31	272	34	265	30	268	86	432	92	436	87	435	91	428	85	429	154	581	153	578	151	577	152	580	155
165	598	162	587	159	294	36	259	28	261	40	283	33	285	42	302	41	304	53	341	58	368	62
75	408	143	564	147	574	149	172	1	170	3	173	2
55	355	70	360	56	362	161	597	166	439	88	438	92	436	87	435	91	440	89	441	150	576	156	582	153	583	157
110	478	109	484	140	525	119	516	117	239	21	232	20	213	12	212	14	218	16
22	203	10	195	8	194	9	187	6
11	197	9	194	8	195	10	206	164	601	165	598	162	587	159	294	36	281	33
34	287	37	295	38	298	162	599	166	594	160	591	163	200	9	194	8	194	9	197	11	210	16
158	584	155	580	152	577	151	578	153	581	154	429	85	428	91	435	87	436	92	432	86	268	30	265	34
136	554	129	521	118	465	106	467	122	535	131
2	175	5	182	9	196	10	204	24	244	23	247	57	364	64	385	70	350	54	340	53	344	93	442	95
139	523	118	465	106	470	133	559	137	538	123	402	72	377	60	367	58	368	62
33	283	40	261	28	259	36	294	159	586	161	595	164	206	10	201	11
118	465	106	467	122	535	131	557	132	558	142	339	52	338	62
22	241	23	247	57	363	61	352	55	346	54	340	53	344	93	444	105	461	101
62	371	59	374	104	460	101
55	354	69	394	120	466	106	465	118
109	483	139	523	118	465	106	467	122	535	131	557	132	558	142	339	52	338	62
26	250	24	204	10	195	8
34	272	31	274	40	290	36	292	56	359	64	378	61	379	69	395	127	543	125	545	136	551	128	552	139
62	334	51	336	66	375	60	351	55	352	61	363	57	247	23	241	22	214	12	198	9	182	5	175	2
62	334	51	336	66	375	60	351	55	352	61	363	57	247	23	241	22	214	12	211	13	208	11	210	16	221	17	225	145	569	148
44	303	41	304	53	341	58	368	62
144	404	73	328	49	327	48	320	46	322	148	322	46	320	48	320	46	313	45	316	97	234	20
2	176	16	219	15	220	19	229	20	232	21	239	117	516	119	525	140	484	109	483	139
16	216	13	211	12	202	10	204	24	251	56	359	64	353	55
139	483	109	482	136	545	125	517	117	239	21	236	22
55	346	54	340	53	310	44
62	338	52	330	50	332	71	397	72	401	115	508	116	515	141	531	120	527	125	545	136	561	140	484	109
128	550	129	544	125	527	120	531	141	515	116	508	115	401	72	392	68	376	60	367	58	368	62
119	516	117	366	57	363	61	352	55
109	481	128	550	129	521	118	465	106	467	122	535	131	557	132	558	142	339	52	338	62
34	272	31	271	33	284	41	303	44	312	94	445	95
20	233	22	243	25	255	164	595	161	586	159	587	162	587	159	294	36	281	33
139	523	118	465	106	470	133	559	137	538	123	402	72	392	68	376	60	367	58	368	62
157	585	156	576	150	441	89	440	91	435	87	436	92	438	88	439	166	597	161	362	56	359	64	353	55	354	69	394	120	466	106	465	118
101	460	104	463	105	444	93	344	53	340	54	346	55	352	61	363	57	247	23	241	22
62	334	51	336	66	375	60	351	55	352	61	363	57	247	23	241	22	214	12	207	11	210	16
99	457	138	562	140	561	136	545	125	527	120	531	141
125	517	117	239	21	232	20	213	12	212	14	218	16	176	2	169	1	172	149	574	147	571	146	406	74	405	144
62	338	52	330	50	332	71	391	68	392	72	402	123	538	137	559	133	470	106	464	107	477	134	560	139
110	487	134	522	118	465	106	470	133	559	137	538	123	402	72	392	68	389	67	337	51	334	62	371	59	374	104	463	105
33	271	31	272	34	265	30	268	86	432	92	436	87	435	91	440	89	441	150	576	156	582	153	583	157
78	411	77	301	39	278	32	276	34	287	37	295	38	298	162	599	166	594	160	591	163	200	9	194	8	194	9	197	11	210	16
61	363	57	247	23	241	22	214	12	211	13	208	11	210	16	176	2	169	1	172	149	574	147	571	146	565	144
69	395	127	543	125	545	136	551	128	481	109	478	110
22	243	25	249	24	252	161	586	159	587	162	587	159	294	36	259	28	261	40	283	33	282	39	299	42	308	77	411	78	413	79	414	80
44	312	94	445	95	447	105	461	101
165	601	164	206	10	201	11	210	16
2	169	1	172	149	574	147	571	146	565	144	404	73	404	144	404	73	328	49
121	534	131	557	132	558	142	339	52	338	62
62	334	51	336	66	375	60	351	55	352	61	363	57	247	23	241	22	214	12	207	11	210	16
33	281	36	292	56	358	57	366	117	519	136	482	109
99	235	20	233	22	242	24	253	164	595	161	597	166	439	88	438	92
62	338	52	339	142	558	132
33	271	31	258	28	259	36	294	159	586	161	595	164
165	593	160	591	163	193	7	186	6	187	9	199	27	181	4	174	2
80	414	79	413	78	413	79	417	94	445	95
22	243	25	249	24	252	161	597	166	439	88	438	92
136	530	120	531	141	515	116	508	115	401	72	392	68	376	60	367	58	368	62
22	233	20	235	99	456	111	491	135	497	112	494	121	534	131
138	524	119	516	117	517	125	527	120	531	141	515	116	508	115	401	72	392	68	376	60	367	58	368	62
78	411	77	301	39	278	32	276	34	287	37	295	38	298	162	599	166	600	163	200	9	197	11
1	170	3	173	2
62	371	59	374	104	384	63	342	53	310	44	311	79	413	78
65	305	41	291	36	294	159	588	165
62	338	52	339	142	558	132	557	131	534	121	474	107	477	134	560	139	483	109
9	196	10	203	22	236	21	239	117	517	125	545	136	551	128	481	109	478	110
104	443	93	344	53	343	65	386	70	360	56	359	64	359	56	256	26
132	502	113	399	72	401	115	380	61	363	57	366	117	239	21	232	20	213	12	212	14	218	16
16	219	15	220	19	229	20	232	21	239	117	516	119	525	140	484	109	481	128	552	139	560	134
110	487	134	522	118	465	106	470	133	559	137	538	123	402	72	392	68	389	67	337	51	334	62	371	59	374	104
101	460	104	463	105	447	95	445	94	312	44	303	41	284	33	271	31	272	34
2	175	5	183	11	207	12	214	22	241	23	247	57	363	61	352	55	351	60	376	68	389	67	337	51	334	62
110	478	109	482	136	545	125	543	127	395	69	354	55	353	64	359	56	292	36	281	33
62	334	51	336	66	375	60	351	55	352	61	363	57	247	23	241	22	214	12	198	9	182	5	175	2
46	313	45	316	97	453	99	456	111	479	109	478	110	487	134	522	118
34	272	31	258	28	259	36	293	70	350	54	348	60	377	72	399	113	502	132
132	558	142	339	52	330	50	331	67	337	51	333	58	341	53	310	44	307	42	299	39	278	32	276	34
20	213	12	202	10	206	164	601	165
2	176	16	219	15	220	19	229	20	232	21	239	117	516	119	525	140	561	136	554	129	521	118
83	190	7	189	9	196	10	203	22
46	313	45	227	18	226	19	222	16	210	11	197	9	194	8
130	495	112	472	107	475	122	536	133	513	116	508	115	356	55	346	54	349	65	305	41	302	42	308	77	411	78
144	405	74	406	146	571	147	574	149	172	1	170	3	178	16	210	11	208	13	211	12	214	22	241	23	247	57	363	61
134	477	107	464	106	468	124	512	116	508	115	356	55	346	54	350	70	293	36	290	40	274	31	272	34
144	404	73	328	49	327	48	320	46	322	148	322	46	320	48	320	46	313	45	316	97	234	20	232	21	237	23	247	57	363	61	352	55
148	322	46	320	48	320	46	313	45	316	97	234	20	233	22
110	487	134	522	118	465	106	470	133	559	137	538	123	402	72	377	60	367	58	368	62
92	438	88	437	90	422	83	190	7	186	6	187	9	199	27	181	4	174	2	176	16
92	432	86	268	30	265	34	276	32	278	39	299	42	307	44	312	94	345	53	344	93	383	63	382	62
139	483	109	484	140	525	119	516	117	239	21	232	20	213	12	212	14	218	16	176	2
34	265	30	268	86	432	92
157	579	151	577	152	580	155
62	338	52	339	142	558	132	557	131	535	122	467	106	465	118	521	129	550	128	481	109
110	478	109	484	140	525	119	516	117	239	21	232	20	213	12	212	14	218	16	176	2
119	516	117	239	21	236	22	203	10	195	8	194	9	187	6
78	411	77	308	42	302	41	306	70	385	64	353	55	354	69	394	120	527	125
78	411	77	301	39	282	33
106	467	122	499	113	498	114	507	142	339	52	338	62
62	338	52	330	50	332	71	397	72	401	115	393	69	394	120	527	125
34	265	30	268	86	432	92
62	338	52	330	50	332	71	398	114	505	131	534	121	474	107	477	134	560	139
138	562	140	561	136	545	125	527	120	531	141	515	116	508	115	356	55	346	54	347	58	368	62
125	517	117	239	21	236	22	203	10	195	8
64	364	57	366	117	519	136	482	109
34	272	31	258	28	259	36	292	56	358	57	363	61
61	378	64	359	56	292	36	259	28	258	31	272	34
92	438	88	437	90	422	83	423	163	200	9	194	8
8	194	9	197	11	210	16
92	432	86	268	30	265	34	276	32	278	39	299	42	307	44	312	94	345	53	344	93	383	63	382	62
8	194	9	200	163	591	160	594	166	599	162	587	159	294	36	259	28	261	40	283	33	282	39	299	42	308	77	411	78
52	338	62	334	51	333	58	341	53	304	41	284	33	271	31	272	34
136	561	140	525	119	516	117	239	21	232	20	213	12	212	14	218	16	176	2
144	404	73	328	49	327	48	320	46	322	148	322	46	320	48	320	46	313	45	316	97	234	20	232	21	237	23	247	57	363	61
62	334	51	333	58	341	53	343	65	386	70	360	56	361	159	588	165
53	340	54	346	55
144	404	73	328	49	327	48	320	46	322	148	322	46	320	48	323	47	326	98	449	96	451	100	458	111	479	109	478	110	487	134	522	118
92	432	86	268	30	265	34	276	32	278	39	299	42	307	44	312	94	445	95	446	101
48	323	47	324	96	448	97
81	420	82	420	81	415	79	413	78
110	487	134	522	118	465	106	468	124	512	116	508	115	356	55	346	54	340	53	344	93	442	95
95	442	93	344	53	340	54	346	55	356	115	508	116	512	124	468	106	464	107	477	134	487	110
62	334	51	333	58	341	53	304	41	284	33
134	471	106	468	124	512	116	508	115	356	55	355	70	293	36	290	40	274	31	272	34
157	583	153	582	156	576	150	441	89	440	91	435	87	436	92	432	86	268	30	265	34
157	583	153	582	156	576	150	441	89	440	91	435	87	436	92	432	86	268	30	265	34
165	588	159	361	56	359	64	353	55	354	69	396	141	542	124	468	106	464	107	477	134
34	276	32	278	39	299	42	307	44	312	94	345	53	344	93	383	63	382	62
142	339	52	330	50	332	71	397	72	401	115	510	141
62	338	52	330	50	332	71	398	114	498	113	501	131	534	121	474	107	477	134	560	139	483	109
1	169	2	175	5	182	9	187	6
157	585	156	576	150	441	89	424	84	191	7	186	6	187	9	199	27	181	4	174	2
125	517	117	248	23	245	25	249	24	252	161	597	166	439	88	438	92
92	438	88	437	90	422	83	190	7	186	6
8	195	10	206	164	206	10	203	22	241	23	248	117	517	125	527	120	531	141	515	116	514	137	503	113	498	114	507	142
134	560	139	483	109	482	136	545	125	517	117	239	21	236	22
34	272	31	274	40	290	36	293	70	355	55
2	176	16	219	15	220	19	229	20	232	21	239	117	517	125	527	120	531	141	357	55	351	60	376	68
62	334	51	336	66	375	60	351	55	352	61
115	356	55	346	54	340	53	344	93	442	95
110	478	109	484	140	525	119	516	117	239	21	232	20	213	12	212	14	218	16
61	363	57	247	23	241	22	214	12	211	13	208	11	210	16	176	2	169	1	172	149	574	147	571	146	565	144
52	330	50	332	71	398	114	498	113	501	131	534	121	474	107	477	134	487	110
62	338	52	330	50	332	71	391	68	392	72	401	115	508	116	515	141	531	120	527	125	517	117	239	21	232	20
55	351	60	377	72	399	113	502	132
110	478	109	482	136	545	125	517	117	239	21	236	22
62	338	52	330	50	332	71	391	68	392	72	402	123	538	137	559	133	470	106	464	107	477	134	487	110
16	176	2	169	1	167	0	168	143	408	75
132	558	142	339	52	330	50	331	67	337	51	333	58	341	53	310	44	311	79	413	78
136	561	140	562	138	457	99	453	97	316	45	313	46
29	262	35	286	34	287	37	295	38	298	162	587	159	586	161	595	164	206	10	203	22
22	243	25	249	24	252	161	597	166	439	88	438	92	436	87	435	91	428	85	429	154	581	153	578	151	577	152	580	155
105	444	93	344	53	340	54	346	55	352	61
22	236	21	239	117	517	125	545	136	551	128	481	109	478	110
22	236	21	239	117	517	125	545	136	551	128	552	139	560	134
2	176	16	219	15	220	19	229	20	232	21	239	117	516	119	525	140	553	128	552	139
33	271	31	258	28	259	36	294	159	586	161	595	164	253	24	242	22	214	12	198	9	182	5	175	2
125	517	117	239	21	236	22	203	10	195	8	194	9	187	6
97	231	19	222	16	210	11
62	338	52	339	142	558	132	557	131	534	121	474	107	477	134	560	139
62	338	52	330	50	332	71	398	114	505	131	534	121	474	107	477	134	487	110
109	482	136	519	117	518	127	395	69	354	55	353	64	385	70	306	41	303	44
82	309	43	280	32	276	34
92	432	86	433	162	598	165	588	159	361	56	359	64
64	359	56	362	161	596	165	598	162	433	86	432	92
64	353	55	346	54	347	58	368	62
164	595	161	586	159	294	36	281	33
139	483	109	484	140	525	119	516	117	239	21	232	20	213	12	212	14	218	16	176	2
165	588	159	361	56	359	64	378	61	379	69	396	141	515	116	511	123	500	113	502	132
34	272	31	274	40	290	36	293	70	350	54	348	60
141	531	120	527	125	517	117	239	21	232	20	213	12	212	14	218	16
134	477	107	474	121	534	131	534	121	494	112	497	135	491	111	456	99	235	20	213	12	198	9	189	7	191	84	191	7	189	9	196	10	204	24	251	56	360	70	350	54	347	58	368	62
78	413	79	415	81
44	303	41	291	36	292	56	358	57	366	117	519	136
34	272	31	274	40	290	36	292	56	359	64	378	61	379	69	395	127	543	125	545	136	551	128	552	139
83	421	88	439	166	603	165	588	159	361	56	358	57	366	117	519	136
22	233	20	234	97
22	243	25	249	24	252	161	597	166	439	88	438	92
85	426	86	432	92
144	405	74	406	146	571	147	574	149	172	1	170	3	178	16	219	15	220	19	229	20	232	21	239	117	517	125
92	432	86	426	85
85	426	86	432	92
92	432	86	426	85	426	86
118	521	129	544	125	546	140	562	138
61	352	55	355	70	293	36
81	420	82	420	81	415	79	413	78
155	580	152	577	151	579	157
11	197	9	194	8	194	9	200	163	423	83	422	90	437	88	438	92
92	436	87	435	91	440	89
139	523	118	521	129	544	125	517	117	239	21	232	20	213	12	198	9	189	7	191	84	191	7	189	9	196	10	204	24	251	56	360	70	350	54	347	58	368	62
139	523	118	521	129	544	125	517	117	239	21	232	20	213	12	198	9	189	7	191	84	191	7	189	9	196	10	204	24	251	56	360	70	350	54	347	58	368	62
92	438	88	439	166	597	161	362	56	359	64	378	61	379	69	396	141	542	124	468	106	465	118
33	281	36	292	56	359	64	378	61	379	69	395	127	543	125	545	136	551	128	481	109	478	110
17	221	16	210	11	197	9	194	8	194	9	200	163	591	160	594	166	599	162	298	38	288	34
139	483	109	484	140	525	119	516	117	239	21	232	20	213	12	212	14	218	16	176	2
62	334	51	336	66	375	60	351	55	352	61	363	57	247	23	241	22	214	12	207	11	210	16
148	569	145	225	17	179	3	178	16	210	11
46	313	45	315	96	450	99
165	596	161	362	56	359	64	378	61	379	69	396	141	542	124	468	106
139	523	118	465	106	470	133	559	137	538	123	402	72	377	60	367	58	368	62
118	521	129	554	136	561	140	525	119	516	117	239	21	232	20	213	12	212	14	218	16	176	2
99	457	138	562	140	546	125
136	530	120	394	69	354	55	353	64	385	70	306	41	303	44
33	281	36	292	56	358	57	363	61
2	176	16	219	15	220	19	229	20	232	21	239	117	516	119	525	140	553	128	481	109	478	110
62	334	51	336	66	375	60	351	55	352	61	363	57	247	23	241	22	214	12	198	9	182	5	175	2
99	235	20	233	22	243	25	255	164	595	161	586	159	587	162	587	159	294	36	259	28	261	40	283	33	284	41	303	44
144	410	76	409	143	563	146	571	147	574	149	172	1	170	3	178	16	219	15	220	19	229	20	232	21	239	117	517	125
62	334	51	336	66	375	60	351	55	352	61
16	210	11	197	9	194	8	194	9	200	163	591	160	594	166	599	162	298	38	288	34	276	32
118	523	139	489	110	478	109	479	111	456	99	453	97	316	45	313	46	322	148
61	352	55	351	60	367	58	368	62
78	411	77	308	42	302	41	305	65	349	54	346	55	356	115
75	408	143	563	146	565	144	566	148	322	46	320	48	320	46	313	45	316	97	234	20
164	253	24	244	23	248	117	517	125
136	561	140	562	138	457	99	453	97	316	45	313	46	320	48	320	46	322	148	566	144
125	527	120	466	106	467	122	499	113	502	132
99	450	96	315	45	313	46	322	148
62	334	51	333	58	341	53	343	65	386	70	360	56	361	159	588	165
118	521	129	554	136	561	140	525	119	516	117	239	21	232	20	213	12	212	14	218	16
62	334	51	333	58	341	53	304	41	284	33	282	39	278	32	276	34
139	483	109	484	140	525	119	516	117	239	21	232	20	213	12	212	14	218	16	176	2
6	187	9	196	10	203	22
22	243	25	249	24	252	161	597	166	439	88	438	92	436	87	435	91	428	85	429	154	581	153	578	151	577	152	580	155
78	411	77	308	42	302	41	306	70
62	334	51	336	66	375	60	351	55	352	61	363	57	247	23	241	22	214	12	207	11
99	235	20	213	12	202	10	206	164	601	165
155	580	152	577	151	578	153	581	154	429	85	428	91	435	87	436	92	438	88	439	166	603	165	601	164	206	10	203	22
139	483	109	484	140	562	138	457	99	453	97
62	334	51	336	66	375	60	351	55	352	61	363	57	247	23	241	22	214	12	211	13	208	11	210	16	176	2	169	1	172	149	574	147	571	146	406	74	405	144
62	338	52	330	50	332	71	398	114	498	113	501	131	534	121	474	107	477	134	560	139	483	109
2	175	5	183	11	207	12	214	22	241	23	247	57	363	61	352	55	351	60	376	68	376	60	367	58	368	62
62	334	51	333	58	341	53	343	65	386	70	360	56	361	159	588	165
44	303	41	306	70	385	64
165	601	164	206	10	195	8	194	9	197	11	210	16
109	484	140	562	138	457	99	453	97	316	45	313	46
2	176	16	219	15	220	19	229	20	232	21	239	117	516	119	525	140	553	128	481	109	478	110
34	286	35	262	29
118	521	129	554	136	561	140	525	119	516	117	239	21	232	20	213	12	212	14	218	16
62	334	51	336	66	375	60	351	55	352	61	363	57	247	23	241	22	214	12	207	11	210	16
139	483	109	484	140	562	138	457	99
140	561	136	545	125	543	127	395	69	354	55	355	70	306	41	302	42	308	77	411	78
2	177	17	223	18	227	45	313	46
139	483	109	482	136	545	125	543	127	395	69	354	55	353	64	359	56	292	36	259	28	258	31	272	34
62	334	51	336	66	375	60	351	55	352	61	363	57	247	23	241	22	214	12	198	9	182	5	175	2
19	222	16	176	2	169	1	167	0	167	1	169	2	175	5	182	9	187	6	186	7	191	84	424	89	441	150	575	153	578	151
16	210	11	201	10	205	25	254	26	256	56	359	64	385	70	350	54	340	53	344	93	442	95
78	411	77	301	39	278	32	276	34	287	37	295	38	298	162	599	166	594	160	591	163	200	9	197	11	210	16
118	521	129	554	136	545	125	517	117	248	23	244	24	252	161	597	166	439	88	438	92
121	532	122	537	137	514	116	508	115	356	55	346	54	340	53	304	41	284	33	271	31	272	34
61	352	55	351	60	376	68	376	60	367	58	368	62
125	517	117	239	21	236	22	203	10	195	8	194	9	187	6
46	313	45	227	18	226	19	222	16	176	2
4	180	5	183	11
11	209	14	217	15	220	19	229	20	232	21	239	117	516	119	525	140	546	125	544	129	521	118
2	175	5	182	9	194	8
55	346	54	349	65	305	41	302	42	308	77	411	78	413	79	414	80
80	418	81	420	82	420	81
125	517	117	366	57	364	64	359	56	292	36	259	28	258	31	272	34
78	413	79	417	94	345	53	344	93	383	63	382	62
2	176	16	219	15	220	19	229	20	232	21	239	117	516	119	525	140	484	109	483	139
74	406	146	571	147	574	149	172	1	170	3	173	2
33	281	36	293	70	355	55	356	115	508	116	513	133
34	287	37	295	38	298	162	599	166	594	160	591	163	200	9	194	8
8	194	9	197	11	210	16	221	17	225	145	569	148
74	405	144	410	76	409	143	563	146	571	147	574	149	172	1	170	3	178	16
33	281	36	293	70	350	54
46	313	45	227	18	226	19	222	16	210	11	197	9	194	8	194	9	200	163	591	160	594	166	599	162	298	38	288	34
33	285	42	302	41	304	53	341	58	368	62
46	313	45	227	18	226	19	222	16	176	2
46	313	45	227	18	226	19	222	16	176	2
165	593	160	591	163
148	322	46	320	48	320	46	313	45	316	97	234	20	233	22
81	420	82	420	81	415	79	413	78
92	438	88	437	90	422	83	190	7	186	6	187	9	199	27	181	4	174	2	176	16
62	338	52	330	50	332	71	397	72	401	115	508	116	515	141	531	120	527	125
109	481	128	551	136	545	125	543	127	395	69	354	55	353	64
82	309	43	300	39	278	32	276	34	287	37	295	38	298	162	587	159	586	161	595	164	206	10	203	22
33	281	36	292	56	359	64	353	55	354	69	395	127	518	117	519	136
82	412	77	411	78	411	77	308	42	302	41	306	70	385	64	353	55	354	69	394	120	530	136
6	187	9	196	10	203	22	236	21	239	117	517	125
68	376	60	367	58	368	62
165	596	161	257	26	246	23	248	117	519	136	551	128
61	378	64	353	55	346	54	340	53	342	63	384	104
22	241	23	247	57	363	61	380	115	401	72	399	113	502	132
78	411	77	301	39	278	32	276	34
34	276	32	278	39	301	77	411	78
73	328	49	327	48	320	46	322	148
81	420	82	420	81	418	80
8	194	9	200	163	591	160	594	166	599	162	298	38	288	34
121	532	122	467	106	466	120	394	69	365	57	247	23	241	22
62	334	51	333	58	341	53	343	65	386	70	360	56	362	161	596	165
131	534	121	533	130	495	112	497	135	488	110	478	109	479	111	456	99
139	483	109	484	140	562	138	457	99	453	97
34	276	32	278	39	299	42	307	44	312	94	345	53	344	93	383	63	382	62
2	175	5	182	9	196	10	204	24	244	23	247	57	364	64	385	70	350	54	340	53	344	93	444	105	461	101
22	236	21	239	117	517	125	544	129	521	118
61	378	64	353	55	346	54	340	53	344	93	444	105	461	101
16	216	13	211	12	214	22	241	23	247	57	363	61	352	55	351	60	367	58	368	62
54	340	53	342	63	372	59	373	101
33	284	41	305	65	349	54	346	55	356	115	508	116	512	124	468	106	471	134
110	478	109	482	136	545	125	543	127	395	69	354	55	353	64	385	70
148	569	145	225	17	179	3	178	16	210	11	201	10	206	164
16	219	15	220	19	229	20	235	99	456	111	491	135	497	112	494	121	534	131	557	132
83	190	7	186	6	187	9	182	5	175	2	169	1	167	0	167	1	172	149	574	147	571	146	406	74	405	144
33	271	31	258	28	259	36	294	159	586	161	595	164	206	10	196	9	199	27
96	315	45	313	46	320	48	320	46	322	148	322	46	320	48	327	49	328	73	404	144	405	74
76	403	73	328	49	327	48	323	47	324	96
82	309	43	300	39	278	32	276	34	287	37	295	38	298	162	599	166	594	160	591	163	200	9	197	11
44	303	41	305	65	349	54	346	55	356	115	508	116	513	133	536	122	532	121
121	474	107	477	134	560	139	483	109	484	140	525	119	516	117	239	21	232	20
20	232	21	239	117	516	119	525	140	484	109	481	128	552	139	560	134	477	107	474	121
34	276	32	278	39	282	33	284	41	304	53	344	93	444	105
55	355	70	293	36	281	33
16	210	11	197	9	194	8	194	9	200	163	591	160	594	166	599	162	298	38	288	34
80	414	79	413	78	411	77	308	42	302	41	306	70	355	55
109	479	111	458	100	451	96	315	45	313	46
78	411	77	412	82	420	81
2	176	16	219	15	220	19	229	20	232	21	239	117	516	119	525	140	484	109	483	139
46	313	45	316	97	453	99	457	138	562	140	546	125
99	457	138	492	111	479	109	483	139
64	353	55	354	69	395	127	543	125	545	136	551	128	481	109	478	110
52	338	62	334	51	336	66	375	60	351	55	352	61	363	57	247	23	241	22	214	12	207	11	210	16
44	303	41	306	70	360	56	362	161	595	164
165	588	159	294	36	259	28	261	40	283	33	282	39	301	77	411	78
164	592	160	591	163
2	176	16	219	15	220	19	229	20	232	21	239	117	516	119	525	140	546	125	544	129	521	118
97	231	19	222	16	210	11	197	9	194	8	194	9	200	163	423	83
62	338	52	330	50	332	71	398	114	498	113	501	131	534	121	474	107	477	134	487	110
134	560	139	483	109	482	136	545	125	517	117	248	23	244	24	249	25	255	164	601	165
62	334	51	336	66	375	60	351	55	353	64
134	477	107	464	106	466	120	394	69	379	61
70	355	55	354	69	394	120	529	129	550	128	552	139
62	338	52	330	50	332	71	398	114	498	113	501	131	534	121	474	107	477	134
134	477	107	464	106	468	124	512	116	508	115	356	55	346	54	340	53	310	44
109	481	128	550	129	521	118	465	106	467	122	535	131
95	445	94	312	44	307	42	285	33	283	40	261	28	259	36	294	159	588	165
16	210	11	197	9	194	8	194	9	200	163	591	160	594	166	599	162	298	38	288	34	276	32	278	39	300	43	309	82
144	565	146	567	145	225	17	179	3	173	2
55	353	64	359	56	362	161	597	166	439	88	438	92
62	338	52	330	50	332	71	397	72	402	123	538	137	559	133	470	106	465	118
110	478	109	484	140	525	119	516	117	239	21	232	20	213	12	198	9	194	8
110	487	134	522	118	465	106	468	124	512	116	508	115	356	55
92	436	87	435	91	428	85	429	154
62	334	51	336	66	370	58	347	54	350	70
163	193	7	186	6	187	9	182	5	175	2	169	1	167	0	167	1	172	149	570	145	567	146	565	144
55	352	61	363	57	247	23	241	22	214	12	207	11	210	16
99	456	111	479	109	478	110	488	135	497	112	495	130	533	121	534	131	557	132	558	142	339	52	338	62
101	373	59	371	62	338	52	330	50	332	71	397	72	401	115	508	116	515	141	531	120	527	125
138	240	21	232	20
62	338	52	330	50	332	71	398	114	498	113	501	131	534	121	474	107	477	134	560	139	483	109
131	557	132	558	142	339	52	338	62	371	59	374	104	443	93	442	95
22	203	10	195	8	194	9	187	6
83	190	7	193	163
6	187	9	182	5	175	2	169	1	172	149	574	147
101	460	104	463	105	444	93	344	53	304	41	284	33
132	558	142	339	52	330	50	331	67	337	51	333	58	341	53	304	41	284	33
165	593	160	591	163	200	9	194	8	194	9	197	11	210	16	176	2	169	1	172	149	574	147	571	146	406	74	405	144
110	478	109	479	111	456	99	453	97	316	45	313	46	320	48	327	49	328	73	404	144
95	442	93	383	63	382	62	338	52	339	142
33	271	31	258	28	259	36	294	159	586	161	595	164
62	334	51	336	66	375	60	351	55	352	61	363	57	247	23	241	22
16	210	11	201	10	206	164	601	165
36	290	40	283	33	284	41	303	44	312	94	445	95	446	101
157	583	153	582	156	576	150	441	89	440	91	435	87	436	92
165	593	160	591	163	200	9	194	8	194	9	197	11	210	16	221	17	225	145	569	148
2	175	5	185	27	199	9	187	6	186	7	190	83	422	90	437	88	438	92	432	86	426	85	426	86	268	30	266	35	262	29
17	223	18	226	19	231	97	453	99	456	111	479	109	478	110
109	481	128	550	129	521	118	465	106	470	133	559	137	538	123	402	72	377	60	367	58	368	62
118	465	106	467	122	535	131	557	132	558	142	339	52	338	62
121	532	122	499	113	399	72	377	60	348	54	340	53	310	44
128	550	129	521	118	465	106	467	122	535	131	557	132	558	142
22	233	20	235	99	456	111	491	135	497	112	494	121
110	485	112	495	130	556	131	557	132	558	142	339	52	338	62
155	580	152	577	151	578	153	581	154	429	85	428	91	435	87	436	92	438	88	439	166	603	165	601	164	206	10	203	22
62	371	59	373	101
62	334	51	336	66	375	60	351	55	352	61	363	57	247	23	241	22	203	10	195	8
11	197	9	200	163
121	534	131	557	132	558	142	339	52	330	50	331	67	337	51	333	58	341	53
125	517	117	248	23	244	24	253	164
2	175	5	185	27	199	9	187	6	186	7	190	83
118	521	129	554	136	561	140	525	119	516	117	239	21	232	20	213	12	212	14	218	16	176	2
16	210	11	197	9	194	8	194	9	200	163	591	160	594	166	599	162	587	159	294	36	259	28	261	40	283	33	284	41	303	44
55	346	54	347	58	368	62	338	52	339	142
139	523	118	465	106	467	122	535	131	557	132
34	276	32	278	39	301	77	411	78
136	554	129	521	118	465	106	470	133	559	137	538	123	402	72	377	60	367	58	368	62
109	481	128	550	129	521	118	465	106	467	122	535	131	557	132	558	142	339	52	338	62
157	585	156	576	150
16	216	13	211	12	214	22	241	23	247	57	363	61	352	55	351	60	376	68	376	60	367	58	368	62
41	284	33	283	40	261	28	259	36	294	159	586	161	595	164	206	10	195	8	194	9	197	11	210	16
34	276	32	278	39	299	42	307	44	312	94	345	53	344	93	383	63	382	62
20	232	21	239	117	517	125	527	120	531	141	515	116	508	115	401	72	377	60	367	58	368	62
78	411	77	412	82
82	412	77	411	78
62	334	51	336	66	375	60	351	55	352	61	363	57	247	23	241	22
1	169	2	175	5	182	9	187	6
62	338	52	330	50	332	71	397	72	401	115	508	116	515	141	531	120	530	136	482	109
131	534	121	533	130	495	112	497	135	488	110	478	109	479	111	456	99	453	97	316	45	313	46	322	148
6	188	163	591	160	593	165	598	162	298	38	288	34
136	519	117	518	127	395	69	354	55
109	484	140	561	136	545	125	527	120	531	141	515	116	508	115	401	72	392	68	376	60	367	58	368	62
131	501	113	503	137	514	116	515	141	531	120	527	125	517	117	239	21	232	20	213	12	212	14	218	16	176	2
110	478	109	484	140	525	119	516	117	239	21	232	20	213	12	212	14	218	16
157	583	153	582	156	576	150	441	89	440	91	435	87	436	92	438	88	439	166	597	161	362	56	359	64	353	55	354	69	396	141	542	124	468	106	465	118
95	442	93	344	53	340	54	346	55	356	115	508	116	512	124	468	106	464	107	477	134	560	139
44	310	53	344	93	444	105	461	101
16	216	13	211	12	202	10	204	24	251	56	359	64	353	55	351	60	375	66
136	554	129	521	118	465	106	470	133	559	137	538	123	402	72	377	60	367	58	368	62
101	373	59	371	62
16	176	2	169	1	167	0	167	1	169	2	175	5	182	9	187	6	186	7	191	84	424	89	441	150	576	156	582	153	583	157
8	195	10	206	164	253	24	251	56	359	64	353	55
6	187	9	182	5	175	2	169	1	167	0	168	143	408	75
34	265	30	268	86	432	92	436	87	435	91	440	89	441	150	576	156	582	153	583	157
118	465	106	468	124	512	116	508	115	356	55	346	54	350	70	293	36	290	40	274	31	272	34
129	544	125	517	117	239	21	236	22	203	10	195	8	194	9	200	163
2	176	16	219	15	220	19	229	20	232	21	239	117	516	119	525	140	553	128	552	139
62	338	52	339	142	558	132	557	131	535	122	467	106	465	118	521	129	550	128	481	109
92	438	88	439	166	597	161	362	56	359	64	353	55	346	54	346	55
62	334	51	336	66	375	60	351	55	352	61	363	57	247	23	241	22	214	12	211	13	208	11	183	5	175	2
49	327	48	320	46	322	148	569	145	225	17	179	3	178	16	210	11
62	338	52	339	142	558	132	557	131	534	121	474	107	477	134	560	139
110	487	134	522	118	465	106	470	133	559	137	538	123	402	72	377	60	367	58	368	62
165	596	161	595	164	255	25	243	22	233	20	234	97
8	195	10	206	164	206	10	202	12	213	20	235	99	456	111	491	135	497	112	494	121
157	585	156	576	150	441	89	424	84	425	90	437	88	438	92	438	88	439	166	603	165
46	313	45	316	97	234	20	232	21	239	117	516	119	525	140	561	136
29	262	35	286	34
139	483	109	484	140	525	119	516	117	239	21	232	20	213	12	212	14	218	16	176	2
136	530	120	531	141	515	116	508	115	401	72	392	68	389	67	337	51	334	62
55	353	64	359	56	251	24	204	10	201	11	210	16
132	558	142	339	52	330	50	331	67	337	51	333	58	341	53	310	44
22	242	24	249	25	249	24	252	161	597	166	439	88	438	92	436	87	435	91	428	85	429	154	581	153	578	151	577	152	580	155	584	158
150	441	89	440	91	435	87	436	92	432	86	433	162	598	165
142	507	114	505	131	534	121	474	107	477	134
34	265	30	268	86	432	92
163	200	9	194	8	195	10	203	22	233	20	232	21	240	138
132	502	113	499	122	467	106	465	118	521	129	554	136
121	533	130	495	112	497	135	488	110	478	109	479	111	456	99	453	97	316	45	313	46	320	48	320	46	322	148	566	144
164	595	161	586	159	587	162	587	159	294	36	281	33
139	523	118	465	106	470	133	559	137	538	123	402	72	377	60	367	58	368	62
62	338	52	330	50	332	71	398	114	505	131
165	588	159	361	56	358	57	365	69	394	120	466	106	471	134
136	554	129	521	118	521	129	544	125	517	117	239	21	232	20	213	12	198	9	189	7	191	84	191	7	189	9	196	10	204	24	251	56	360	70	350	54	347	58	368	62
62	334	51	336	66	375	60	351	55	353	64	359	56	251	24	204	10	195	8	194	9	187	6
33	285	42	302	41	304	53	342	63	382	62
55	352	61
81	420	82	420	81	415	79	413	78	413	79	417	94	345	53	344	93	383	63	382	62	338	52	330	50	330	52	339	142	558	132
110	478	109	479	111	456	99	453	97	316	45	313	46	322	148	566	144
131	535	122	467	106	465	118	521	129	554	136
136	561	140	562	138	457	99	453	97	316	45	313	46
139	483	109	484	140	525	119	516	117	239	21	232	20	213	12	212	14	218	16	176	2
78	411	77	412	82
92	438	88	439	166	597	161	362	56	359	64	353	55
62	371	59	374	104	463	105	447	95	445	94	417	79	413	78
118	465	106	468	124	512	116	508	115	356	55	346	54	340	53	344	93	442	95
55	354	69	394	120	529	129	550	128
154	581	153	578	151	577	152	577	151	578	153	583	157	585	156	576	150	441	89	424	84	191	7	186	6	187	9	199	27	181	4	174	2
99	235	20	233	22	243	25	255	164	595	161	586	159	587	162	298	38	288	34
110	478	109	482	136	545	125	517	117	248	23	245	25	249	24	252	161	597	166	439	88	438	92
118	465	106	467	122	537	137	538	123	402	72	392	68	389	67	337	51	334	62	371	59	374	104	460	101
92	432	86	268	30	265	34	272	31	271	33	284	41	303	44	312	94	445	95
144	404	73	328	49	327	48	320	46	322	148	322	46	320	48	323	47	326	98	449	96	451	100	458	111	479	109	478	110
34	276	32	278	39	299	42	307	44	310	53	344	93	444	105	461	101
33	281	36	293	70	355	55
121	532	122	467	106	466	120	394	69	379	61
29	262	35	286	34
78	411	77	412	82	420	81
155	580	152	577	151	578	153	582	156	576	150	441	89	440	91	435	87	436	92
119	516	117	518	127	549	141
113	501	131	534	121	533	130	495	112	497	135	488	110	478	109	479	111	456	99
139	523	118	465	106	470	133	559	137	538	123	402	72	392	68	376	60	367	58	368	62
34	286	35	262	29
62	338	52	330	50	332	71	398	114	498	113	501	131	534	121	474	107	477	134
2	175	5	183	11	207	12	202	10	204	24	251	56	359	64	353	55	351	60	367	58	368	62
64	359	56	292	36	281	33	282	39	301	77	411	78
134	471	106	466	120	394	69	379	61
109	481	128	551	136	545	125	517	117	239	21	236	22
101	373	59	372	63	335	51	337	67	331	50	331	67	389	68
144	404	73	328	49	327	48	320	46	322	148	322	46	320	48	320	46	313	45	316	97	453	99	457	138	492	111	479	109
20	232	21	239	117	516	119	525	140	484	109	481	128	552	139	560	134	477	107	474	121
148	569	145	570	149	172	1	169	2	175	5	182	9	187	6
165	601	164	206	10	195	8	194	9	197	11	210	16
33	281	36	292	56	359	64	378	61	379	69	395	127	543	125	545	136	551	128	481	109	478	110
6	187	9	182	5	175	2	169	1	167	0	168	143	408	75
109	481	128	550	129	521	118	465	106	470	133	559	137	538	123	504	114	507	142	339	52
101	373	59	371	62	338	52	339	142	558	132
30	266	35	262	29
134	560	139	483	109	484	140	525	119	516	117	239	21	232	20	213	12	212	14	218	16
75	408	143	168	0	167	1	169	2	175	5	182	9	187	6
96	315	45	230	19	222	16
34	272	31	271	33	284	41	304	53
16	216	13	211	12	214	22	241	23	247	57	363	61
136	554	129	521	118	465	106	470	133	559	137	538	123	402	72	392	68	376	60	367	58	368	62
11	197	9	187	6
118	521	129	544	125	546	140	525	119	516	117	239	21	232	20	213	12	212	14	218	16	176	2
62	371	59	374	104	463	105	447	95	445	94	417	79	413	78	413	79	414	80
157	585	156	576	150	441	89	440	91	435	87	436	92	438	88	439	166	597	161	362	56	359	64	378	61	379	69	396	141	542	124	468	106	465	118
138	524	119	516	117	517	125	544	129	521	118
101	373	59	372	63	342	53	343	65
61	363	57	247	23	245	25	249	24	252	161	597	166	439	88	438	92
78	413	79	311	44	303	41	305	65	349	54	346	55	356	115	508	116	512	124	468	106	465	118
34	287	37	295	38	298	162	599	166	594	160	591	163	200	9	197	11	210	16
110	487	134	522	118	465	106	468	124	512	116	508	115	356	55	346	54	340	53	310	44
20	232	21	237	23	246	26	256	56	359	64	359	56	292	36
34	286	35	262	29
36	281	33	284	41	304	53
2	175	5	185	27	199	9	187	6	186	7	190	83	422	90	437	88	438	92
12	207	11
141	510	115	356	55	346	54	350	70	293	36	290	40	274	31	273	37	295	38	267	30
165	593	160	591	163	200	9	194	8	194	9	197	11	210	16	221	17	223	18	227	45	313	46
144	404	73	328	49	327	48	320	46	322	148	322	46	320	48	320	46	313	45	316	97	234	20
20	233	22	243	25	255	164	595	161	586	159	587	162	298	38	288	34
22	236	21	239	117	519	136	551	128	481	109	478	110
132	557	131	534	121	474	107	477	134	560	139
132	502	113	499	122	467	106	466	120	527	125
34	287	37	295	38	298	162	599	166	594	160	591	163	193	7	186	6
119	516	117	517	125	527	120	531	141	515	116	508	115	401	72	392	68	376	60	367	58	368	62
34	272	31	274	40	290	36	292	56	358	57	363	61
110	485	112	495	130	533	121	534	131	557	132	558	142	339	52
61	378	64	359	56	292	36	259	28	258	31	272	34
165	596	161	257	26	246	23	248	117	517	125	544	129	550	128	552	139
20	234	97	316	45	313	46	320	48	320	46	322	148	566	144
101	460	104	384	63	342	53	304	41	284	33	271	31	272	34
44	303	41	291	36	292	56	362	161	595	164	255	25	243	22	233	20
62	334	51	336	66	375	60	351	55	352	61	363	57	247	23	241	22	214	12	198	9	182	5	175	2
110	478	109	482	136	545	125	543	127	395	69	379	61	378	64	359	56	292	36	290	40	274	31	272	34
165	603	166	439	88	438	92	436	87	435	91	428	85	429	154
136	519	117	248	23	244	24	249	25	255	164	601	165
16	219	15	220	19	229	20	232	21	239	117	516	119	525	140	484	109	483	139	523	118
131	535	122	467	106	465	118	521	129	554	136
118	521	129	554	136
110	478	109	481	128
62	334	51	333	58	341	53	343	65	386	70	360	56	361	159	588	165
139	523	118	465	106	467	122	535	131	557	132	558	142
129	544	125	517	117	239	21	232	20	213	12	212	14	218	16	176	2	169	1	172	149	574	147	571	146	406	74	405	144
62	338	52	330	50	332	71	397	72	401	115	508	116	515	141	531	120	530	136
34	287	37	295	38	298	162	599	166	600	163	200	9	197	11	210	16
30	265	34	276	32	278	39	299	42	307	44	312	94	345	53	344	93	383	63	382	62
34	276	32	278	39	301	77	411	78
34	276	32	278	39	299	42	307	44	312	94	445	95	447	105	461	101
140	525	119	516	117	248	23	244	24	252	161	597	166	439	88	438	92
92	436	87	435	91	440	89	424	84	424	89	440	91	435	87
136	530	120	394	69	354	55	351	60
136	530	120	531	141	515	116	508	115	356	55	346	54	347	58	368	62
101	460	104	463	105	444	93	344	53	304	41	284	33
132	502	113	499	122	467	106	465	118	521	129	554	136
78	411	77	308	42	302	41	305	65	349	54	346	55	356	115	508	116	512	124	468	106	464	107	477	134	487	110
16	216	13	211	12	214	22	241	23	247	57	363	61
20	235	99	456	111	491	135	497	112	494	121	534	131	557	132
155	580	152	577	151	578	153	581	154	429	85	428	91	435	87	436	92
22	241	23	247	57	363	61
144	404	73	328	49	327	48	320	46	322	148	322	46	320	48	320	46	313	45	316	97	234	20	233	22
62	371	59	374	104	460	101
148	322	46	320	48	320	46	313	45	316	97	234	20	232	21	237	23	247	57	363	61	352	55
132	557	131	534	121	474	107	477	134	487	110
16	210	11	201	10	206	164	601	165
106	467	122	537	137	538	123	402	72	377	60	367	58	368	62
34	265	30	268	86	432	92	436	87	435	91	440	89	441	150	576	156	582	153	578	151	577	152
144	404	73	328	49	327	48	320	46	322	148	322	46	320	48	323	47	326	98	449	96	451	100	458	111	479	109	478	110	487	134	522	118
16	210	11	197	9	194	8	194	9	200	163	423	83	422	90	437	88	438	92
91	435	87	436	92
8	195	10	206	164	253	24	244	23	247	57	365	69	394	120	466	106
62	334	51	333	58	341	53	304	41	284	33	282	39	278	32	276	34	265	30
53	344	93	442	95
16	210	11	197	9	194	8	194	9	200	163	423	83	422	90	437	88	438	92
62	338	52	330	50	332	71	398	114	498	113	499	122	532	121
139	523	118	465	106	468	124
109	483	139	523	118	465	106	467	122	499	113	502	132
64	378	61
62	334	51	333	58	341	53	304	41	284	33
46	313	45	227	18	226	19	222	16	176	2
44	310	53	340	54	348	60	377	72	399	113	501	131
62	334	51	336	66	375	60	351	55	352	61	363	57	247	23	241	22	214	12	207	11	210	16
141	531	120	530	136	561	140	562	138	457	99	453	97	316	45	313	46	320	48	320	46	322	148	322	46	320	48	327	49	328	73	404	144
62	338	52	330	50	332	71	398	114	498	113	501	131	534	121	474	107	477	134
33	284	41	304	53	342	63	382	62	338	52	339	142
144	404	73	328	49	327	48	320	46	322	148	322	46	320	48	323	47	326	98	449	96	451	100	458	111	479	109	478	110	487	134	522	118
148	322	46	320	48	320	46	313	45	316	97	453	99	457	138	562	140	546	125	544	129
165	588	159	294	36
2	177	17	223	18	226	19	229	20	235	99
34	272	31	271	33	284	41	304	53	344	93	444	105
62	338	52	330	50	332	71	397	72	399	113	503	137	541	124
46	313	45	315	96	450	99
89	440	91
2	169	1	172	149	574	147	571	146	406	74	405	144
16	210	11	201	10	206	164	601	165	598	162	587	159	294	36	281	33
2	176	16	219	15	220	19	229	20	232	21	239	117	517	125	527	120	466	106	467	122	535	131
92	438	88	439	166	603	165	588	159	361	56
118	465	106	468	124	512	116	508	115	356	55	346	54	340	53	344	93	442	95
134	560	139	483	109	482	136	545	125	517	117	239	21	236	22
62	338	52	330	50	332	71	398	114	498	113	501	131	534	121	533	130	495	112	497	135	488	110	478	109	479	111	456	99	453	97	316	45	313	46
34	287	37	295	38	298	162	599	166	594	160	591	163	200	9	194	8	194	9	197	11	210	16	176	2	169	1	172	149	574	147	571	146	406	74	405	144
129	544	125	517	117	239	21	236	22	203	10	195	8	194	9	200	163
165	596	161	595	164	255	25	243	22	233	20	234	97
36	259	28	258	31	272	34	265	30	268	86	432	92
95	445	94	312	44	303	41	284	33	271	31	272	34
62	338	52	339	142	558	132	557	131	535	122	467	106	465	118
62	338	52	330	50	332	71	391	68	392	72	401	115	508	116	515	141	531	120	527	125	517	117	239	21	232	20
136	530	120	531	141	515	116	508	115	401	72	377	60	367	58	368	62
64	359	56	251	24	204	10	201	11	210	16
83	421	88	439	166	597	161	362	56	358	57	363	61
62	338	52	339	142	558	132
16	210	11	197	9	194	8	194	9	200	163	591	160	594	166	599	162	587	159	294	36	259	28	261	40	283	33	282	39	299	42	308	77	411	78
110	485	112	495	130	533	121	534	131	505	114	507	142
92	432	86	426	85
109	482	136	519	117	518	127	395	69	354	55	353	64	359	56	292	36	281	33
97	231	19	222	16	210	11
128	550	129	521	118	465	106	467	122	499	113	502	132
131	557	132	558	142	339	52	338	62
165	601	164	206	10	195	8	194	9	197	11	210	16
155	580	152	577	151	579	157
92	436	87	435	91	428	85	429	154	581	153	578	151	577	152	580	155	584	158
82	309	43	300	39	278	32	276	34	287	37	295	38	298	162	598	165
142	339	52	338	62	371	59	374	104	460	101
92	438	88	437	90	422	83	190	7	186	6	187	9	199	27	181	4	174	2	176	16
139	483	109	482	136	545	125	517	117	248	23	245	25	255	164	601	165
16	221	17	223	18	227	45	313	46
44	303	41	306	70	360	56	362	161	595	164	206	10	195	8	194	9	197	11	210	16
165	603	166	439	88	438	92	436	87	435	91	428	85	429	154
74	405	144	410	76	407	75	408	143	168	0	167	1
8	195	10	206	164	253	24	244	23	247	57	363	61	352	55	351	60	376	68	376	60	367	58	368	62
142	339	52	338	62
99	238	21	237	23	246	26	256	56	360	70	350	54	340	53	344	93	442	95
101	460	104	384	63	382	62	338	52	330	50	332	71	397	72	399	113	499	122	467	106	469	129
97	316	45	313	46
82	309	43	300	39	278	32	276	34	287	37	295	38	298	162	587	159	586	161	595	164	206	10	203	22
151	577	152	580	155
155	584	158	584	155	580	152	577	151	578	153	581	154	429	85	428	91	435	87	436	92	438	88	439	166	603	165
165	596	161	257	26	246	23	248	117	517	125	545	136	551	128	552	139
130	495	112	494	121	534	131	557	132	506	114	398	71	332	50	330	52	338	62
165	588	159	361	56	359	64	353	55	354	69	396	141	510	115	401	72	399	113	502	132
78	413	79	311	44	303	41	305	65	349	54	346	55	356	115	508	116	512	124	468	106	464	107	477	134	560	139
101	460	104	384	63	342	53	340	54	346	55	352	61
28	258	31	270	32
118	465	106	468	124	512	116	508	115	356	55	346	54	349	65	305	41	303	44	307	42	308	77	411	78	411	77	412	82
118	465	106	468	124	512	116	508	115	356	55	346	54	349	65	305	41	303	44	307	42	308	77	411	78	411	77	412	82
118	465	106	467	122	535	131	557	132
49	327	48	320	46	322	148	322	46	320	48	323	47	326	98	449	96	451	100	458	111	479	109	478	110
101	373	59	371	62	368	58	347	54	346	55
22	243	25	249	24	252	161	586	159	587	162	298	38	288	34	276	32	278	39	300	43	309	82
144	404	73	328	49	327	48	320	46	322	148	322	46	320	48	320	46	313	45	316	97	453	99	457	138	562	140
44	312	94
139	523	118	465	106	467	122	535	131	557	132
16	219	15	220	19	229	20	232	21	239	117	517	125	527	120	531	141	515	116	514	137	503	113	502	132
118	465	106	468	124	512	116	508	115	356	55	346	54	349	65	305	41	302	42	308	77	411	78
33	271	31	272	34	286	35	262	29
34	265	30	268	86	432	92	436	87	435	91	440	89	441	150	576	156	582	153	583	157
92	432	86	268	30	265	34
46	313	45	316	97	453	99	457	138	492	111	479	109
138	524	119	525	140	561	136	554	129	521	118	465	106	467	122	535	131
62	334	51	333	58	341	53	304	41	284	33
2	175	5	182	9	194	8	195	10	206	164	601	165	588	159	294	36	259	28
154	581	153	578	151	577	152	577	151	578	153	583	157	585	156	576	150	441	89	424	84	425	90	437	88	438	92	438	88	439	166	603	165	601	164	206	10	203	22
141	357	55	346	54	340	53	344	93	442	95
144	410	76	409	143	563	146	571	147	574	149	172	1	167	0	167	1	169	2	175	5	182	9	187	6	186	7	193	163
62	334	51	336	66	375	60	351	55	352	61	363	57	247	23	241	22	214	12	207	11	210	16
22	242	24	252	161	597	166	439	88	438	92	436	87	435	91	440	89	441	150	576	156	582	153	578	151
136	530	120	531	141
44	303	41	306	70	385	64	353	55	354	69	394	120	530	136	482	109
33	281	36	293	70	355	55	351	60	375	66	387	67	331	50	330	52	339	142
62	338	52	330	50	332	71	398	114	498	113	501	131	534	121	474	107	477	134	560	139
33	284	41	303	44	312	94	445	95
44	303	41	306	70	355	55	354	69	394	120	529	129
62	371	59	374	104	463	105	447	95	445	94	417	79	413	78	413	79	414	80
16	210	11	197	9	194	8	195	10	206	164	601	165	598	162	587	159	294	36	281	33
2	175	5	185	27	199	9	187	6	186	7	193	163	591	160	594	166	599	162	298	38	267	30
16	219	15	220	19	229	20	232	21	239	117	516	119	525	140	546	125	544	129	521	118
44	303	41	284	33	283	40	261	28	260	37	295	38	298	162
2	175	5	183	11
2	175	5	182	9	194	8	194	9	200	163	591	160	593	165	588	159	294	36	281	33
46	313	45	316	97	453	99	457	138	562	140	561	136
2	175	5	182	9	194	8	194	9	200	163	591	160	594	166	599	162	298	38	288	34
20	232	21	239	117	518	127	549	141
33	284	41	303	44	312	94	445	95
30	265	34	276	32	278	39	299	42	307	44	312	94	345	53	344	93	383	63	382	62
61	378	64	359	56	292	36	290	40	274	31	272	34
33	284	41	303	44	310	53	341	58	333	51	337	67	331	50	330	52	339	142	558	132
141	549	127	518	117	239	21	232	20
16	219	15	220	19	229	20	232	21	239	117	516	119	525	140	484	109	483	139
61	379	69	394	120	466	106	464	107	474	121
148	322	46	320	48	320	46	313	45	316	97	453	99	457	138
44	310	53	341	58	368	62
139	483	109	484	140	525	119	516	117	239	21	232	20	213	12	212	14	218	16	176	2
20	213	12	202	10	206	164	595	161	586	159	587	162	587	159	294	36	259	28	261	40	283	33	282	39	301	77	411	78
148	569	145	225	17	179	3	178	16	210	11
78	411	77	412	82	420	81
68	388	66	336	51	333	58	341	53	304	41	302	42	285	33	271	31	272	34
33	285	42	302	41	304	53	342	63	382	62
34	272	31	258	28	259	36	292	56	358	57	363	61
55	355	70	293	36	281	33
131	557	132	558	142	339	52	330	50	331	67	337	51	333	58	341	53	310	44	311	79	413	78
20	232	21	239	117	517	125	544	129
155	580	152	577	151
165	588	159	294	36	293	70	350	54	348	60	377	72
70	350	54	347	58	333	51	334	62
139	483	109	484	140	525	119	516	117	239	21	232	20	213	12	212	14	218	16	176	2
2	175	5	182	9	194	8	194	9	200	163	591	160	594	166	599	162	298	38	288	34
132	502	113	503	137	514	116	515	141	531	120	527	125	517	117	239	21	232	20	213	12	212	14	218	16
92	436	87	435	91	440	89	441	150	576	156	582	153	583	157
62	338	52	330	50	330	52	339	142
131	557	132	558	142	339	52	330	50	331	67	337	51	333	58	341	53	310	44	307	42	299	39	278	32	276	34
121	532	122	467	106	466	120	394	69	354	55	355	70	293	36	259	28	258	31	273	37	295	38	267	30
6	187	9	182	5	175	2	169	1	167	0	168	143	408	75
16	210	11	197	9	194	8	195	10	206	164	601	165
141	549	127	518	117	239	21	232	20	213	12	212	14	218	16	221	17	225	145	569	148
139	523	118	465	106	468	124	512	116	508	115	356	55	351	60
134	471	106	467	122	537	137	538	123	402	72	377	60	367	58	368	62
81	420	82	420	81	415	79	413	78
30	268	86	432	92	436	87	435	91	440	89	441	150	576	156	582	153	583	157
52	330	50	332	71	397	72	402	123	538	137	559	133	470	106	465	118
109	483	139	523	118	521	129	544	125	517	117	239	21	232	20	213	12	198	9	189	7	191	84	191	7	189	9	196	10	204	24	251	56	360	70	350	54	347	58	368	62
55	352	61
41	305	65
62	334	51	333	58	341	53	310	44	307	42	299	39	278	32	276	34	265	30	268	86	432	92	436	87	435	91	440	89	441	150	576	156	582	153	583	157
106	467	122	535	131	557	132	558	142	339	52	338	62
78	413	79	417	94	345	53	344	93	383	63	382	62	338	52	339	142
101	460	104	374	59	371	62
80	414	79	413	78
101	460	104	463	105	447	95	445	94	312	44	307	42	299	39	278	32	276	34
62	334	51	333	58	341	53	343	65	386	70	360	56	361	159	588	165
78	413	79	311	44	310	53	342	63	382	62	338	52	330	50	330	52	339	142	507	114	505	131
11	201	10	206	164	601	165	598	162	587	159	294	36	281	33
70	360	56	362	161	596	165	598	162	433	86	432	92
109	481	128	550	129	521	118	465	106	467	122	535	131	557	132	558	142	339	52	338	62
139	483	109	482	136	545	125	517	117	248	23	245	25
101	460	104	384	63	342	53	340	54	346	55	352	61
61	378	64	353	55	346	54	340	53	344	93	442	95
144	405	74	406	146	571	147	574	149	172	1	170	3	173	2
117	517	125	527	120	466	106	464	107	474	121
132	558	142	339	52	338	62	371	59	374	104	443	93	442	95
118	465	106	468	124	512	116	508	115	356	55
95	445	94	312	44
72	402	123	538	137	559	133	470	106	464	107	477	134	487	110
62	334	51	336	66	375	60	351	55	352	61	363	57	247	23	241	22	214	12	198	9	182	5	175	2
16	210	11	197	9	194	8	194	9	200	163	591	160	594	166	599	162	298	38	288	34
144	404	73	328	49	327	48	323	47	324	96
33	275	32	276	34	265	30	268	86	432	92	436	87	435	91	440	89	441	150	576	156	582	153	583	157
76	410	144	405	74	406	146	571	147	574	149	172	1	170	3	173	2
34	287	37	295	38	297	86	434	166	602	164	206	10	203	22
60	351	55	354	69	394	120	466	106	464	107	477	134	560	139
78	411	77	412	82	264	29
113	502	132
34	272	31	274	40	290	36	292	56	358	57	366	117	517	125
139	483	109	482	136	545	125	543	127	395	69	379	61	378	64	359	56	292	36	290	40	274	31	272	34
16	219	15	220	19	229	20	232	21	239	117	516	119	525	140	546	125	544	129	521	118
62	338	52	330	50	332	71	398	114	498	113	501	131	534	121	474	107	477	134	560	139
34	287	37	295	38	298	162	598	165
109	481	128	551	136	545	125	543	127	395	69	354	55	353	64	359	56	292	36	281	33
30	265	34	287	37	295	38	298	162	587	159	586	161	595	164	255	25	243	22	233	20
144	404	73	328	49	327	48	320	46	322	148	322	46	320	48	323	47	326	98	449	96	451	100	458	111	479	109	478	110	487	134
110	478	109	482	136	545	125	543	127	395	69	379	61	378	64	359	56	292	36	290	40	274	31	272	34
55	353	64	359	56	361	159	588	165
32	275	33	284	41	304	53	341	58	368	62
137	538	123	402	72	377	60	367	58	368	62
128	550	129	529	120	531	141	515	116	508	115	401	72	392	68	376	60	367	58	368	62
55	352	61	363	57	247	23	237	21	232	20	235	99
34	287	37	295	38	298	162	599	166	594	160	591	163	193	7	186	6
118	465	106	467	122	535	131	557	132	558	142	339	52	338	62
62	338	52	339	142	558	132	557	131	535	122	467	106	465	118	521	129	550	128	481	109
119	516	117	366	57	363	61	380	115	401	72	399	113	502	132
62	338	52	339	142	558	132	557	131	534	121	474	107	477	134	560	139	483	109
101	373	59	371	62
34	272	31	274	40	290	36	292	56	359	64	378	61	379	69	395	127	543	125	545	136	551	128	481	109	478	110
113	500	123	511	116	508	115	356	55	346	54	350	70	293	36	259	28	258	31	272	34
70	355	55	354	69	395	127	543	125	545	136	551	128	481	109	478	110
16	221	17	223	18	227	45	313	46
78	411	77	412	82	420	81
106	467	122	537	137	538	123	402	72	377	60	367	58	368	62
43	300	39	278	32	276	34	272	31	258	28	259	36	292	56	358	57	366	117	519	136
34	272	31	274	40	290	36	293	70	355	55	357	141
148	322	46	313	45	316	97	453	99	457	138	524	119
132	557	131	535	122	467	106	465	118	521	129	554	136	561	140	525	119	516	117	239	21	232	20	213	12	212	14	218	16
92	432	86	268	30	265	34	276	32	278	39	299	42	307	44	312	94	345	53	344	93	383	63	382	62
78	413	79	311	44	303	41	305	65	349	54	346	55	356	115	508	116	512	124	468	106	465	118
26	256	56	360	70	350	54	347	58	333	51	334	62
62	338	52	339	142	558	132	557	131	535	122	467	106	465	118	523	139	483	109
34	272	31	274	40	290	36	292	56	359	64	353	55	354	69	395	127	518	117	519	136	551	128
34	272	31	274	40	290	36	293	70	350	54	346	55	356	115	508	116	512	124	468	106	465	118
78	413	79	417	94	445	95	447	105	461	101
101	373	59	371	62	338	52	330	50	331	67	389	68
109	484	140	562	138	457	99	453	97	316	45	313	46	322	148
61	378	64	385	70	306	41	303	44
25	254	26	246	23	248	117	517	125	545	136	551	128	552	139
136	519	117	518	127	395	69	354	55	353	64	359	56	292	36	259	28	258	31	272	34
62	338	52	339	142	507	114	505	131
55	356	115	508	116	512	124	468	106	464	107	477	134
22	241	23	247	57	363	61	352	55	351	60	367	58	368	62
41	284	33	283	40	290	36	294	159	588	165
55	352	61	363	57	247	23	241	22	214	12	207	11	210	16
16	216	13	211	12	214	22	241	23	247	57	363	61	352	55	351	60	376	68	376	60	367	58	368	62
62	338	52	330	50	332	71	397	72	402	123	538	137	537	122	467	106	465	118
132	557	131	534	121	474	107	477	134	560	139
20	233	22	243	25	255	164	595	161	586	159	587	162	587	159	294	36	259	28	261	40	283	33	282	39	301	77	411	78
34	287	37	295	38	298	162	599	166	594	160	591	163	200	9	194	8	194	9	197	11	210	16	176	2	169	1	172	149	574	147	571	146	406	74	405	144
101	446	95
20	232	21	239	117	517	125	527	120	531	141	515	116	514	137	503	113	501	131
21	236	22	243	25	249	24	252	161	586	159	587	162	587	159	294	36	259	28	261	40	283	33	282	39	299	42	308	77	411	78
97	231	19	222	16	210	11	197	9	194	8	194	9	200	163	423	83
9	196	10	206	164
165	598	162	587	159	294	36	259	28	261	40	283	33	285	42	302	41	304	53	341	58	368	62
81	420	82	420	81	415	79	413	78	413	79	417	94	345	53	344	93	383	63	382	62
136	530	120	394	69	354	55
62	371	59	374	104	463	105	447	95	445	94	417	79	413	78	413	79	414	80
16	210	11	197	9	194	8	194	9	200	163	423	83	422	90	425	84	425	90	437	88	438	92
144	565	146	571	147	574	149	172	1	167	0	167	1	169	2	175	5	182	9	187	6	186	7	193	163	591	160	594	166	599	162	298	38	288	34
117	239	21	232	20	229	19	222	16
110	485	112	495	130	533	121	534	131	557	132	558	142	339	52	338	62
49	327	48	320	46	322	148	322	46	320	48	320	46	313	45	316	97
139	483	109	482	136	545	125	517	117	248	23	244	24	249	25	255	164	601	165
99	453	97	316	45	313	46	320	48	320	46	322	148	322	46	320	48	327	49	328	73	404	144
34	276	32	278	39	301	77	411	78
22	243	25	249	24	252	161	597	166	439	88	438	92	436	87	435	91	440	89	441	150
158	584	155	580	152	577	151	578	153	581	154
62	338	52	339	142	558	132
32	278	39	301	77	412	82	412	77	411	78	413	79	414	80
155	580	152	577	151
151	577	152	580	155
33	281	36	292	56	359	64	353	55	354	69	394	120	529	129	550	128
110	487	134	522	118	465	106	468	124	512	116	508	115	356	55	346	54	340	53	310	44
20	232	21	239	117	517	125	527	120	531	141	515	116	508	115	401	72	392	68	389	67	337	51	334	62	371	59	374	104	460	101
78	411	77	308	42	302	41	305	65	349	54	346	55	356	115	508	116	512	124	468	106	465	118
110	478	109	482	136	545	125	543	127	395	69	379	61	378	64	359	56	292	36	290	40	274	31	272	34
61	363	57	247	23	237	21	232	20
62	371	59	374	104	463	105	447	95	445	94	417	79	413	78	411	77	412	82	420	81
62	338	52	330	50	332	71	397	72	399	113
83	422	90	437	88	438	92	432	86	268	30
34	265	30	268	86	432	92
78	411	77	412	82	420	81
99	235	20	213	12	202	10	206	164	595	161	586	159	587	162	587	159	294	36	259	28	261	40	283	33	282	39	301	77	411	78
125	517	117	366	57	364	64	385	70	306	41	284	33
41	302	42	308	77	411	78	413	79	414	80
78	411	77	301	39	278	32	276	34	287	37	295	38	298	162	599	166	594	160	591	163	193	7	186	6	187	9	199	27	181	4	174	2
6	187	9	182	5	175	2	169	1	167	0	168	143	408	75	407	76	410	144	405	74
62	338	52	330	50	332	71	397	72	402	123	538	137	537	122	467	106	465	118
60	351	55	354	69	394	120	466	106	471	134
33	285	42	302	41	304	53	341	58	368	62
125	527	120	526	124	541	137	538	123	402	72	377	60	367	58	368	62
165	598	162	587	159	294	36	259	28	261	40	283	33	282	39	301	77	411	78
34	272	31	274	40	290	36	293	70	350	54	346	55	356	115	508	116	512	124	468	106	471	134
62	334	51	333	58	341	53	304	41	284	33
55	352	61	363	57	366	117	516	119
99	453	97	316	45	313	46	320	48	320	46	322	148	322	46	320	48	327	49	328	73	404	144
62	334	51	336	66	375	60	351	55	352	61	363	57	247	23	241	22	203	10	195	8
61	378	64	353	55	346	54	340	53	344	93	442	95
34	287	37	295	38	298	162	599	166	594	160	591	163	200	9	194	8	194	9	197	11	210	16	221	17	225	145	569	148
2	175	5	182	9	194	8	194	9	200	163	591	160	594	166	599	162	298	38	288	34
2	169	1	167	0	167	1	169	2	175	5	182	9	187	6	186	7	191	84	424	89	441	150	576	156	582	153	583	157
62	334	51	336	66	375	60	351	55	352	61	363	57	247	23	241	22	214	12	211	13	208	11	210	16	176	2	169	1	172	149	570	145	567	146	565	144
92	438	88	437	90	422	83	190	7	186	6
110	478	109	482	136	545	125	517	117	248	23	244	24	252	161	597	166	439	88	438	92
70	355	55	351	60	367	58	368	62	338	52
12	202	10	195	8	194	9	200	163	423	83	422	90	437	88	438	92
42	307	44
62	334	51	336	66	375	60	351	55	352	61	363	57	247	23	241	22	214	12	207	11	210	16
34	272	31	274	40	290	36	292	56	359	64	378	61	379	69	394	120	529	129	550	128
141	531	120	527	125	546	140	562	138	457	99
44	303	41	306	70	385	64	353	55	354	69	395	127	518	117	519	136	551	128
62	338	52	330	50	332	71	397	72	401	115	510	141
33	271	31	258	28	259	36	294	159	586	161	595	164	206	10	195	8	194	9	197	11	210	16	221	17	223	18	227	45	313	46
157	583	153	582	156	576	150	441	89	440	91	435	87	436	92	438	88	439	166	597	161	362	56	358	57	363	61
61	379	69	394	120	466	106	464	107	474	121
34	286	35	262	29
22	233	20	235	99
55	353	64	359	56	362	161	596	165	598	162	433	86	432	92
55	354	69	394	120	466	106	464	107	477	134
147	568	145	225	17	179	3	178	16
12	207	11
62	338	52	330	50	332	71	397	72	402	123	538	137	537	122	467	106	465	118
144	405	74	406	146	571	147	574	149	172	1	170	3	178	16	219	15	220	19	229	20	232	21	239	117	517	125
16	216	13	211	12	214	22	241	23	247	57	363	61	352	55	351	60	376	68	376	60	367	58	368	62
145	225	17	179	3	178	16	219	15	220	19	229	20	232	21	239	117	516	119	525	140	553	128
34	276	32	278	39	299	42	307	44	312	94	345	53	344	93	383	63	382	62
92	438	88	439	166	597	161	257	26	246	23	248	117	517	125	545	136	551	128	481	109	478	110
99	235	20	213	12	202	10	206	164	601	165
46	313	45	316	97	234	20	233	22
8	195	10	206	164	253	24	244	23	248	117	517	125
55	351	60	376	68	389	67	337	51	334	62	338	52	339	142
144	404	73	328	49	327	48	320	46	322	148	322	46	320	48	320	46	313	45	316	97	234	20
62	338	52	339	142	558	132	557	131	535	122	467	106	465	118
16	221	17	225	145	570	149
22	241	23	247	57	363	61	352	55	346	54	340	53	344	93	444	105	461	101
34	287	37	295	38	298	162	599	166	594	160	591	163	200	9	194	8	194	9	197	11	210	16	221	17
44	303	41	306	70	360	56	362	161	595	164	206	10	195	8	194	9	197	11	210	16
11	197	9	194	8	195	10	205	25	254	26	256	56	359	64	385	70	350	54	340	53	344	93	444	105	461	101
136	519	117	366	57	363	61
118	521	129	554	136	545	125	517	117	248	23	244	24	252	161	597	166	439	88	438	92
92	438	88	439	166	597	161	362	56	359	64	353	55
62	334	51	336	66	375	60	351	55	352	61	363	57	247	23	241	22
53	342	63	382	62	338	52	339	142
92	438	88	437	90	425	84	424	89	441	150	575	153	578	151	577	152	580	155	584	158
128	550	129	529	120	528	127	395	69	354	55	346	54	340	53	344	93	442	95
2	175	5	185	27	199	9	187	6
101	460	104	384	63	382	62	338	52	330	50	332	71	397	72	402	123	538	137	537	122	467	106	465	118
62	371	59	374	104	460	101
62	334	51	333	58	341	53	304	41	284	33
149	574	147	564	143	408	75
78	411	77	308	42	302	41	305	65	349	54	346	55	356	115	508	116	514	137	537	122	532	121
118	465	106	467	122	535	131	557	132	558	142	339	52	338	62
33	281	36	293	70	355	55	356	115	508	116	512	124	468	106	464	107	477	134	487	110
144	404	73	403	76	329	49	327	48	320	46	322	148	322	46	320	48	323	47	326	98	449	96	451	100	458	111	479	109	478	110	489	139	523	118
99	456	111	479	109	478	110	489	139	523	118	465	106	470	133	559	137	538	123	402	72	377	60	367	58	368	62
149	172	1	170	3	178	16	219	15	220	19	229	20	232	21	239	117	516	119	516	117	519	136
119	516	117	366	57	363	61	352	55
165	593	160	591	163
6	187	9	182	5	175	2	169	1	167	0	168	143	408	75	407	76	410	144	405	74
37	260	28	261	40	283	33	284	41	304	53	344	93	444	105	461	101
78	411	77	301	39	282	33	281	36	292	56	358	57	366	117	519	136	482	109
165	588	159	361	56	359	64	353	55	354	69	396	141	542	124	468	106	465	118
134	477	107	464	106	466	120	394	69	379	61
11	197	9	200	163	591	160	594	166	599	162	298	38	288	34	272	31	271	33
4	180	5	183	11
139	483	109	484	140	525	119	516	117	239	21	232	20	213	12	212	14	218	16
46	313	45	227	18	226	19	222	16	176	2
34	272	31	274	40	290	36	292	56	359	64	378	61	379	69	395	127	543	125	545	136	554	129	521	118
139	523	118	465	106	468	124	512	116	508	115	356	55	346	54	340	53	310	44
139	523	118	465	106	467	122	535	131
118	521	129	554	136	545	125	517	117	248	23	241	22	203	10	195	8	194	9	200	163
143	168	0	167	1	169	2	175	5	182	9	187	6
62	334	51	333	58	341	53	304	41	284	33	282	39	278	32	276	34	286	35	262	29
157	579	151
136	561	140	562	138	457	99	453	97	316	45	313	46	320	48	320	46	322	148	322	46	320	48	327	49	328	73	404	144
34	287	37	295	38	298	162	599	166	594	160	591	163	200	9	194	8	194	9	197	11	210	16	221	17	225	145	569	148
6	186	7	190	83
80	414	79	413	78	411	77	308	42	302	41	306	70	355	55	352	61
99	456	111	479	109	478	110	489	139	523	118	465	106	470	133	559	137	538	123	402	72	377	60	367	58	368	62
110	487	134	522	118	465	106	468	124	512	116	508	115	356	55	346	54	349	65	305	41	303	44	311	79	413	78	413	79	414	80
62	338	52	339	142	558	132	557	131	535	122	467	106	465	118
139	523	118	465	106	470	133	559	137	538	123	402	72
162	598	165	601	164	206	10	195	8	194	9	197	11	210	16
2	175	5	185	27	199	9	187	6	186	7	190	83	422	90	437	88	438	92
148	322	46	320	48	323	47	326	98	449	96	451	100	458	111	479	109	478	110	488	135	488	110	488	135	497	112	495	130	533	121
115	356	55	346	54	349	65	305	41	302	42	308	77	411	78
105	444	93	344	53	304	41	302	42	299	39	278	32	276	34
46	313	45	230	19
26	246	23	241	22	214	12	207	11	210	16
144	404	73	328	49	327	48	320	46	322	148	322	46	320	48	320	46	313	45	316	97	453	99	457	138	562	140	553	128
141	510	115	356	55	346	54	347	58	368	62
118	521	129	554	136	561	140	525	119	516	117	239	21	232	20	213	12	212	14	218	16	176	2
83	190	7	186	6	187	9	199	27	181	4	174	2	176	16
62	338	52	330	50	332	71	397	72	401	115	508	116	515	141	531	120	530	136
97	231	19	222	16	176	2
62	334	51	336	66	375	60	351	55	352	61	363	57	247	23	241	22	214	12	207	11	210	16
99	456	111	479	109	478	110	489	139	523	118	465	106	470	133	559	137	503	113
99	450	96	315	45	313	46	320	48	320	46	322	148	322	46	320	48	327	49	328	73	404	144
92	432	86	268	30	265	34	276	32	278	39	299	42	307	44	312	94	345	53	344	93	383	63	382	62
2	176	16	219	15	220	19	229	20	232	21	239	117	516	119	525	140	553	128	552	139
29	262	35	286	34
128	550	129	529	120	528	127	395	69	354	55	346	54	340	53	344	93
62	334	51	333	58	341	53	304	41	284	33
164	595	161	586	159	587	162	587	159	294	36	259	28	261	40	283	33	282	39	301	77	411	78
62	334	51	336	66	375	60	351	55	352	61	363	57	247	23	241	22
121	474	107	477	134	560	139	483	109	484	140	525	119	516	117	239	21	232	20	213	12	212	14	218	16
62	371	59	374	104	460	101
109	478	110	487	134	471	106	467	122	535	131	557	132	558	142	339	52	338	62
109	484	140	562	138	457	99	453	97	316	45	313	46	322	148
62	338	52	330	50	332	71	398	114	498	113	501	131	534	121	474	107	477	134	560	139
34	276	32	278	39	299	42	307	44	312	94	345	53	344	93	383	63	382	62
70	355	55	354	69	394	120	529	129	550	128	481	109	478	110
34	272	31	274	40	290	36	292	56	359	64	378	61	379	69	395	127	543	125	545	136	551	128	552	139
80	414	79	413	78
8	195	10	206	164	206	10	205	25	254	26	256	56	359	64	385	70	350	54	340	53	344	93	442	95
121	532	122	467	106	466	120	394	69	379	61
144	404	73	328	49	327	48	320	46	322	148	322	46	320	48	320	46	313	45	316	97	453	99	457	138	562	140	553	128
118	521	129	554	136	561	140	525	119	516	117	239	21	232	20	213	12	212	14	218	16
118	465	106	467	122	537	137	538	123	504	114	507	142	339	52
34	272	31	274	40	290	36	292	56	359	64	378	61	379	69	395	127	543	125	545	136	551	128	481	109	478	110
16	219	15	220	19	229	20	232	21	239	117	517	125
6	187	9	199	27	181	4	174	2	176	16	219	15	220	19	229	20	232	21	239	117	516	119	525	140	546	125	544	129	521	118
110	478	109	479	111	456	99	453	97
165	603	166	439	88	438	92	436	87	435	91	440	89	441	150	576	156	582	153	583	157
8	195	10	206	164	253	24	244	23	248	117	519	136	482	109
139	483	109	484	140	562	138	457	99	453	97
132	557	131	534	121	533	130	495	112	497	135	488	110	478	109	479	111	456	99	453	97	316	45	313	46	322	148
62	338	52	330	50	332	71	397	72	399	113	499	122	467	106	469	129	550	128
82	412	77	411	78
34	272	31	274	40	290	36	292	56	358	57	366	117	517	125
2	175	5	182	9	196	10	204	24	244	23	247	57	364	64	385	70	350	54	347	58	333	51	334	62
118	465	106	467	122	535	131	557	132	558	142	339	52	338	62
16	210	11	197	9	194	8	194	9	189	7	190	83
41	302	42	299	39	278	32	276	34	286	35	262	29
110	487	134	522	118	465	106	470	133	559	137	538	123	402	72	392	68	389	67	337	51	334	62	371	59	374	104	463	105
144	405	74	406	146	571	147	574	149	172	1	167	0	167	1	169	2	175	5	182	9	187	6	186	7	190	83
74	405	144	410	76	407	75	408	143	564	147	574	149
149	172	1	167	0	167	1	169	2	175	5	182	9	187	6
121	474	107	464	106	466	120	394	69	354	55	353	64
130	495	112	494	121	534	131	557	132	558	142	339	52	338	62
61	378	64	359	56	292	36	259	28	258	31	272	34
155	580	152	577	151	578	153	581	154	429	85	428	91	435	87	436	92	438	88	439	166	603	165
125	546	140	562	138	457	99
78	413	79	417	94	445	95
165	588	159	361	56	358	57	366	117	517	125
148	569	145	225	17	179	3	178	16	210	11	207	12
101	460	104	384	63	382	62	338	52	330	50	332	71	397	72	402	123	538	137	537	122	467	106	465	118
33	281	36	294	159	586	161	595	164	255	25	243	22	233	20	235	99
158	584	155	580	152	577	151	579	157
34	287	37	295	38	298	162	587	159	586	161	595	164	206	10	203	22
130	495	112	494	121	532	122	499	113	399	72	377	60	348	54	340	53	310	44
74	405	144	410	76	407	75	408	143	563	146	406	74	405	144
90	425	84	424	89	424	84
136	561	140	562	138	457	99	453	97	316	45	313	46	320	48	320	46	322	148	322	46	320	48	327	49	328	73	404	144
136	519	117	366	57	364	64	385	70	306	41	303	44
101	460	104	384	63	382	62	338	52	330	50	332	71	397	72	401	115	510	141
141	549	127	518	117	239	21	232	20	213	12	212	14	218	16
141	357	55	351	60	376	68	389	67	337	51	334	62	371	59	373	101
2	175	5	183	11	207	12	214	22	241	23	247	57	363	61	352	55	351	60	376	68	376	60	367	58	368	62
96	315	45	230	19
62	371	59	374	104	463	105	447	95	445	94	417	79	413	78	411	77	412	82
97	234	20	213	12	202	10	206	164	601	165
99	456	111	479	109	478	110	487	134	522	118
2	176	16	219	15	220	19	229	20	232	21	239	117	517	125	527	120	531	141	515	116	514	137	503	113	501	131
61	379	69	394	120	466	106	464	107	474	121
64	359	56	361	159	588	165
61	363	57	247	23	237	21	232	20	235	99
110	478	109	479	111	456	99
63	342	53	340	54	346	55	352	61	363	57	247	23	241	22	214	12	207	11	210	16
159	586	161	595	164	206	10	195	8	194	9	197	11	210	16
118	521	129	554	136	561	140	525	119	516	117	239	21	232	20	213	12	212	14	218	16	176	2
124	468	106	471	134
78	411	77	301	39	278	32	276	34	287	37	295	38	298	162	587	159	586	161	595	164	206	10	203	22
92	438	88	439	166	597	161	362	56	358	57	363	61
78	411	77	301	39	282	33
55	352	61	363	57	247	23	237	21	232	20	235	99
155	584	158
134	471	106	467	122	537	137	538	123	402	72	377	60	367	58	368	62
131	535	122	467	106	465	118	521	129	554	136
139	483	109	484	140	525	119	516	117	239	21	232	20	213	12	212	14	218	16	176	2
34	286	35	262	29
83	190	7	186	6	187	9	199	27	181	4	174	2
62	338	52	330	50	330	52	339	142	558	132
16	210	11	197	9	194	8	195	10	204	24	244	23	247	57	364	64	385	70	350	54	340	53	342	63	372	59	373	101
121	532	122	467	106	466	120	527	125	517	117	248	23	244	24	253	164
112	472	107	474	121	534	131	505	114	507	142
97	316	45	313	46
95	442	93	344	53	340	54	346	55	357	141	542	124
165	588	159	361	56	359	64	378	61	379	69	396	141	542	124	468	106	465	118
62	334	51	336	66	375	60	351	55	352	61	363	57	247	23	241	22	203	10	195	8	194	9	187	6
118	523	139	483	109
62	334	51	333	58	341	53	304	41	284	33
165	603	166	439	88	438	92
22	241	23	247	57	363	61	352	55	351	60	376	68	376	60	367	58	368	62
16	210	11	197	9	200	163	591	160
62	338	52	330	50	332	71	398	114	498	113	501	131	534	121	474	107	477	134	560	139
92	432	86	268	30	265	34	272	31	271	33
78	411	77	301	39	278	32	276	34	287	37	295	38	298	162	598	165
33	275	32	276	34	265	30	268	86	432	92
165	601	164	206	10	201	11	210	16
2	175	5	185	27	199	9	187	6	188	163	591	160
33	275	32	276	34	265	30	268	86	432	92
99	235	20	213	12	202	10	206	164	601	165
165	596	161	595	164	255	25	243	22	233	20	235	99
74	405	144	404	73	328	49	327	48	320	46	322	148	322	46	313	45	315	96
139	483	109	482	136	545	125	543	127	395	69	379	61	378	64	359	56	292	36	290	40	274	31	272	34
56	361	159	588	165	598	162	433	86	432	92
99	235	20	233	22	243	25	255	164	595	161	586	159	587	162	298	38	288	34
78	411	77	308	42	302	41	306	70	385	64	378	61	379	69	395	127	543	125	545	136	551	128	552	139
62	334	51	336	66	375	60	351	55	352	61	363	57	247	23	241	22	214	12	198	9	182	5	175	2
132	557	131	534	121	474	107	477	134	560	139	483	109
44	303	41	291	36	292	56
34	287	37	295	38	298	162	598	165
62	338	52	330	50	332	71	391	68	392	72	401	115	508	116	515	141	531	120	527	125	517	117	516	119	524	138
75	408	143	168	0	167	1	169	2	175	5	182	9	187	6	186	7
157	579	151	577	152	580	155	584	158
34	287	37	295	38	298	162	599	166	594	160	591	163	200	9	194	8	194	9	197	11	210	16
92	436	87	435	91	440	89	441	150	576	156	582	153	583	157
33	285	42	302	41	304	53	341	58	368	62
163	591	160	593	165
62	334	51	336	66	375	60	351	55	352	61	363	57	247	23	241	22	214	12	198	9	182	5	175	2
34	287	37	295	38	298	162	599	166	594	160	591	163	200	9	194	8	194	9	197	11	210	16
34	276	32	278	39	299	42	307	44	312	94	445	95	447	105	461	101
82	309	43	300	39	278	32	276	34	265	30	268	86	432	92	438	88	437	90	422	83
6	187	9	182	5	175	2	169	1	172	149	574	147
97	234	20	233	22	243	25	255	164	595	161	586	159	587	162	298	38	288	34
88	421	83
34	287	37	295	38	298	162	587	159	586	161	595	164	255	25	243	22	233	20	234	97
133	513	116	508	115	356	55	355	70	293	36	259	28	258	31	272	34
118	465	106	467	122	535	131	557	132	558	142	339	52	338	62
157	579	151	577	152	580	155	584	158
131	501	113	503	137	514	116	515	141	531	120	527	125	517	117	239	21	232	20	213	12	212	14	218	16
22	233	20	235	99	456	111	491	135	497	112	494	121
78	411	77	308	42	302	41	305	65	349	54	346	55	357	141
44	303	41	306	70	360	56	362	161	595	164	206	10	195	8	194	9	197	11	210	16
78	413	79	417	94	345	53	344	93	383	63	382	62
154	581	153	578	151	577	152	577	151
109	483	139	523	118	465	106	467	122	535	131	557	132	558	142	339	52	338	62
62	334	51	336	66	375	60	351	55	352	61	363	57	247	23	241	22	214	12	211	13	208	11	210	16	221	17	225	145	569	148
2	176	16	219	15	220	19	229	20	232	21	239	117	516	119	525	140	546	125	544	129	521	118
16	210	11	197	9	194	8	195	10	204	24	244	23	247	57	364	64	385	70	350	54	340	53	344	93	444	105	461	101
163	591	160	593	165
49	327	48	320	46	322	148	569	145	225	17	179	3	178	16
62	371	59	373	101
109	482	136	545	125	517	117	248	23	245	25	255	164	601	165
43	300	39	278	32	276	34	287	37	295	38	298	162	598	165
62	334	51	333	58	341	53	304	41	284	33
61	363	57	247	23	237	21	232	20	229	19	222	16	176	2
125	517	117	248	23	244	24	253	164
2	176	16	219	15	220	19	229	20	232	21	239	117	516	119	525	140	484	109	483	139
144	404	73	328	49	327	48	323	47	325	97	453	99	457	138
34	287	37	295	38	298	162	599	166	594	160	591	163	200	9	194	8	194	9	197	11	210	16
80	414	79	413	78
26	246	23	247	57	363	61
95	442	93	344	53	340	54	346	55	354	69	394	120	527	125
83	421	88	439	166	603	165
165	588	159	294	36	259	28	261	40	283	33	285	42	302	41	304	53	341	58	368	62
33	271	31	272	34	286	35	262	29
22	241	23	247	57	363	61	352	55	346	54	340	53	344	93	442	95
70	293	36	294	159	588	165
16	219	15	220	19	229	20	232	21	239	117	516	119	525	140	546	125	544	129	521	118
132	502	113	499	122	467	106	465	118	521	129	550	128
16	210	11	197	9	194	8	195	10	206	164	601	165	598	162	298	38	288	34
139	483	109	482	136	545	125	543	127	395	69	354	55	353	64	385	70	306	41	302	42	308	77	411	78
16	210	11	201	10	204	24	250	26
62	338	52	330	50	332	71	397	72	402	123	538	137	537	122	467	106	465	118
155	580	152	577	151	578	153	581	154	429	85	428	91	435	87	436	92	438	88	439	166	603	165
61	352	55	351	60	367	58	368	62
34	272	31	274	40	290	36	292	56	358	57	363	61
34	287	37	295	38	298	162	599	166	594	160	591	163	200	9	194	8	194	9	197	11	210	16
26	256	56	359	64	353	55	351	60	367	58	368	62
101	460	104	384	63	382	62	338	52	330	50	332	71	397	72	401	115	393	69	394	120	530	136
141	531	120	527	125	546	140	562	138	457	99	453	97	316	45	313	46
97	453	99	457	138	492	111	479	109	483	139
121	532	122	467	106	466	120	394	69	354	55	355	70
95	442	93	344	53	340	54	346	55	357	141
34	276	32	278	39	301	77
139	523	118	465	106	470	133	559	137	538	123	402	72	392	68	389	67	337	51	334	62	371	59	374	104	460	101
62	334	51	336	66	375	60	351	55	352	61	363	57	247	23	241	22	214	12	207	11	210	16
157	583	153	582	156	576	150	441	89	440	91	435	87	436	92	432	86	268	30	265	34	276	32	278	39	299	42	307	44	312	94	345	53	344	93	383	63	382	62
101	460	104	374	59	371	62
8	195	10	206	164	253	24	244	23	247	57	363	61
33	285	42	302	41	304	53	341	58	368	62
129	554	136	561	140	562	138	457	99	453	97	316	45	313	46	320	48	320	46	322	148	566	144
131	535	122	467	106	465	118	521	129	554	136	561	140	525	119	516	117	239	21	232	20	213	12	212	14	218	16
2	175	5	182	9	194	8	194	9	200	163	591	160	594	166	599	162	298	38	288	34
2	169	1	172	149	574	147	571	146	406	74
62	334	51	333	58	341	53	304	41	284	33	282	39	278	32	276	34	265	30	268	86	432	92	436	87	435	91	440	89	441	150	576	156	582	153	583	157
136	545	125	543	127	395	69	354	55	353	64	385	70	306	41	302	42	308	77	411	78
143	168	0	167	1
22	203	10	195	8	194	9	187	6
101	373	59	371	62	368	58	347	54	346	55	352	61
101	373	59	371	62
22	241	23	247	57	363	61	352	55	346	54	340	53	344	93	444	105	461	101
157	583	153	582	156	576	150	441	89	440	91	435	87	436	92	438	88	439	166	597	161	595	164	255	25	243	22	233	20
74	405	144	410	76	407	75	408	143	168	0	167	1	169	2	175	5	182	9	187	6
110	487	134	522	118	465	106	470	133	559	137	538	123	402	72	392	68	389	67	337	51	334	62	371	59	374	104	460	101
62	338	52	330	50	332	71	397	72	401	115	393	69	394	120	527	125
46	313	45	316	97	453	99	456	111	479	109	478	110	487	134
165	596	161	595	164	255	25	243	22	233	20
34	272	31	274	40	290	36	292	56	359	64	378	61	379	69	395	127	543	125	517	117	516	119	524	138
101	460	104	374	59	371	62
165	598	162	298	38	288	34	276	32	278	39	300	43
83	190	7	186	6	187	9	199	27	181	4	174	2	176	16
21	237	23	247	57	363	61	352	55	351	60	367	58	368	62
27	199	9	196	10	206	164	601	165	598	162	298	38	288	34
34	276	32	278	39	299	42	307	44	312	94	345	53	344	93	383	63	382	62
7	186	6	187	9	182	5	175	2	169	1	167	0	168	143	408	75
16	210	11	197	9	194	8	195	10	204	24	244	23	247	57	364	64	385	70	350	54	340	53	344	93	444	105	461	101
147	568	145	225	17	177	2	175	5	182	9	187	6
134	560	139	483	109	484	140	525	119	516	117	239	21	232	20	213	12	212	14	218	16
118	521	129	544	125	546	140	525	119	516	117	239	21	232	20	213	12	212	14	218	16	176	2
80	414	79	413	78	411	77	301	39	278	32	276	34	287	37	295	38	298	162	599	166	594	160	591	163	193	7	186	6	187	9	199	27	181	4	174	2
118	465	106	470	133	559	137	538	123	402	72	377	60	367	58	368	62
62	334	51	336	66	375	60	351	55	352	61	363	57	247	23	241	22	214	12	198	9	182	5	175	2
165	593	160	591	163	200	9	194	8	194	9	197	11	210	16	221	17	225	145	569	148
33	281	36	292	56	359	64	378	61	379	69	395	127	543	125	545	136	551	128	481	109	478	110
55	355	70	293	36
165	598	162	433	86	432	92
22	203	10	195	8	194	9	189	7	190	83
99	235	20	232	21	237	23	247	57	363	61
157	579	151	577	152	580	155	584	158
16	176	2	169	1	167	0	167	1	169	2	175	5	182	9	187	6	186	7	191	84	424	89	441	150	576	156	582	153	583	157
99	456	111	479	109	478	110	488	135	497	112	495	130	533	121	534	131	557	132	558	142	339	52	338	62
16	219	15	220	19	229	20	232	21	239	117	517	125	527	120	531	141	515	116	508	115
101	460	104	463	105	447	95	445	94	312	44	303	41	284	33	283	40	290	36	294	159	588	165
164	253	24	244	23	248	117	517	125
62	371	59	374	104	460	101
165	588	159	361	56	359	64	353	55	354	69	396	141	510	115	401	72	399	113	502	132
139	483	109	484	140	525	119	516	117	239	21	232	20	213	12	212	14	218	16	176	2
64	359	56	361	159	588	165
148	322	46	319	47	326	98	449	96	451	100	458	111	479	109	478	110	488	135	488	110	488	135	497	112	495	130	556	131	557	132
132	558	142	339	52	338	62
2	175	5	185	27	199	9	187	6	186	7	190	83	422	90	437	88	438	92
99	235	20	229	19	222	16	210	11	197	9	194	8	194	9	200	163
128	550	129	529	120	528	127	395	69	354	55	353	64	385	70	306	41	303	44
44	303	41	306	70	355	55	354	69	395	127	518	117	519	136	551	128
46	313	45	316	97	453	99	457	138	562	140	553	128
16	210	11	197	9	194	8	194	9	200	163	591	160	594	166	599	162	587	159	294	36	259	28	261	40	283	33	282	39	301	77	411	78
8	195	10	206	164	206	10	205	25	249	24	249	25	254	26	256	56	359	64	385	70	350	54	340	53	344	93	444	105	461	101
27	181	4	171	1	167	0	167	1	169	2	175	5	182	9	187	6	187	9	194	8	195	10	203	22
97	453	99	457	138	562	140	484	109	483	139
157	579	151	577	152
2	176	16	219	15	220	19	229	20	232	21	239	117	516	119	525	140	553	128	552	139
151	579	157	585	156	576	150	441	89	440	91	435	87	436	92	432	86	268	30	265	34
1	167	0	168	143	408	75	407	76	410	144	405	74
120	531	141	515	116	514	137	538	123	402	72	392	68	389	67	337	51	334	62	371	59	374	104	460	101
29	262	35	266	30	268	86	426	85	426	86	433	162	598	165
2	175	5	185	27	199	9	187	6	186	7	193	163	591	160	593	165
55	353	64	359	56	251	24	204	10	195	8
110	478	109	479	111	456	99	453	97	316	45	313	46	320	48	320	46	322	148	566	144
99	238	21	237	23	246	26
34	272	31	271	33	284	41	304	53	341	58	368	62
61	363	57	366	117	519	136	482	109
34	287	37	295	38	298	162	599	166	594	160	591	163	200	9	194	8	194	9	197	11	210	16	221	17	223	18	227	45	313	46
132	558	142	339	52	338	62
6	187	9	196	10	203	22	236	21	239	117	516	119
83	421	88	439	166	597	161	362	56	358	57	363	61
125	527	120	394	69	393	115	509	123	402	72	377	60	367	58	368	62
44	303	41	305	65	349	54	346	55	356	115	508	116	512	124	468	106
16	176	2	169	1	172	149	574	147	564	143	408	75	407	76	410	144	405	74
130	495	112	494	121	534	131	557	132	558	142	339	52	338	62
99	450	96	315	45	313	46	322	148
144	405	74	406	146	571	147	574	149	172	1	170	3	178	16	219	15	220	19	229	20	232	21	239	117	517	125
118	523	139	489	110	478	109	479	111	456	99
128	550	129	529	120	528	127	395	69	354	55	346	54	340	53	344	93	442	95
22	241	23	247	57	363	61	352	55	351	60	367	58	368	62
130	495	112	485	110	489	139	483	109	484	140	525	119	516	117	239	21	232	20	213	12	212	14	218	16
70	385	64	378	61	363	57	247	23	241	22	214	12	211	13	208	11	210	16
164	253	24	244	23	247	57	363	61
16	210	11	208	13	211	12	214	22	241	23	247	57	363	61	378	64	385	70
6	187	9	196	10	203	22
62	334	51	336	66	375	60	351	55	352	61	363	57	247	23	241	22	214	12	207	11	210	16
16	216	13	211	12	214	22	241	23	247	57	363	61	352	55	351	60	376	68	389	67	337	51	334	62
61	352	55	351	60	367	58	368	62
62	334	51	336	66	375	60	351	55	352	61
139	523	118	465	106	470	133	559	137	538	123	402	72	377	60	367	58	368	62
157	585	156	576	150	441	89	440	91	435	87	436	92	438	88	439	166	603	165	601	164	206	10	203	22
99	456	111	479	109	478	110	489	139	560	134	496	112	495	130
62	334	51	336	66	375	60	351	55	352	61
141	357	55	355	70	293	36	281	33
62	334	51	336	66	375	60	351	55	352	61	363	57	247	23	241	22	214	12	198	9	182	5	175	2
55	352	61	363	57	247	23	241	22	214	12	211	13	208	11	210	16	221	17	225	145	569	148
46	313	45	316	97	453	99	457	138	562	140	546	125	544	129
90	425	84
118	521	129	554	136	545	125	517	117	248	23	245	25	249	24	252	161	597	166	439	88	438	92
34	276	32	278	39	301	77	412	82	412	77	411	78	413	79
92	438	88	439	166	597	161	362	56	359	64	378	61	379	69	396	141	542	124	468	106	465	118
80	418	81	420	82
33	271	31	258	28	259	36	294	159	586	161	595	164	206	10	195	8	194	9	197	11	210	16
151	578	153	582	156	576	150	441	89	440	91	435	87	436	92	432	86	268	30	265	34
16	210	11	207	12
112	485	110	478	109	479	111	456	99
33	281	36	292	56	358	57	366	117	519	136	482	109
125	517	117	366	57	364	64	359	56	292	36	259	28	258	31	272	34
147	568	145	225	17	177	2	175	5	182	9	187	6
34	272	31	274	40	290	36	293	70	350	54	346	55	356	115	508	116	512	124	468	106	464	107	477	134
2	176	16	219	15	220	19	229	20	232	21	239	117	517	125	527	120	531	141	515	116	514	137	503	113	498	114	507	142
78	413	79	311	44	303	41	305	65	349	54	346	55	356	115	508	116	512	124	468	106	464	107	477	134	560	139
136	519	117	518	127	395	69	354	55	353	64	359	56	292	36	281	33
2	175	5	183	11	207	12	214	22	241	23	247	57	363	61	352	55	351	60	376	68	376	60	367	58	368	62
2	176	16	219	15	220	19	229	20	232	21	239	117	516	119	525	140	484	109	483	139
118	521	129	544	125	546	140	525	119	516	117	239	21	232	20	213	12	212	14	218	16	176	2
6	186	7	193	163	591	160	594	166	599	162	298	38	288	34
151	579	157
97	448	96	315	45	313	46	322	148
61	378	64	359	56	292	36	281	33
112	485	110
6	187	9	194	8	195	10	203	22	241	23	248	117	517	125	545	136	551	128	481	109	478	110
82	412	77	411	78	411	77	308	42	302	41	306	70	385	64	353	55	354	69	395	127	543	125
62	334	51	336	66	375	60	351	55	352	61	363	57	247	23	241	22	214	12	207	11	210	16
34	276	32	278	39	299	42	307	44	312	94	445	95	446	101
118	465	106	467	122	535	131	557	132	558	142	339	52	338	62
61	378	64	385	70	306	41	302	42	308	77	411	78
141	357	55	355	70	293	36	259	28	258	31	272	34
70	360	56	362	161	596	165	603	166	439	88	438	92
134	560	139	483	109	484	140	525	119	516	117	239	21	232	20	213	12	212	14	218	16
16	210	11	197	9	194	8	194	9	200	163	423	83	422	90	437	88	438	92
34	272	31	274	40	290	36	293	70	350	54	346	55	356	115	508	116	512	124	468	106	465	118
138	524	119	516	117	248	23	245	25	255	164	601	165
142	339	52	338	62	334	51	336	66	375	60	351	55
132	557	131	534	121	474	107	472	112
61	379	69	394	120	466	106	464	107	477	134
139	483	109	484	140	562	138	457	99
99	453	97	325	47	323	48	320	46	322	148	322	46	320	48	327	49	328	73	404	144	404	73
6	188	163	591	160	593	165	598	162	587	159	294	36	281	33
2	176	16	219	15	220	19	229	20	232	21	239	117	517	125
134	471	106	466	120	394	69	354	55	346	54	349	65	305	41	284	33
124	541	137	503	113	502	132
62	334	51	333	58	341	53	304	41	302	42	285	33	271	31	272	34
155	580	152	577	151	578	153	583	157	585	156	576	150	441	89	424	84	191	7	186	6	187	9	199	27	181	4	174	2
33	281	36	292	56	358	57	366	117	517	125
142	339	52	338	62	334	51	333	58	341	53	304	41
2	169	1	167	0	167	1	169	2	175	5	182	9	187	6	186	7	191	84	424	89	441	150	576	156	582	153	583	157
62	338	52	330	50	331	67	389	68
33	284	41	304	53	341	58	368	62
101	460	104	384	63	382	62	338	52	330	50	332	71	398	114	498	113	501	131	534	121	474	107	477	134	487	110
165	593	160	591	163	200	9	194	8	194	9	197	11	210	16	221	17	225	145	569	148
2	176	16	219	15	220	19	229	20	232	21	239	117	516	119	525	140	484	109	483	139
41	302	42	308	77	411	78
6	187	9	182	5	175	2	169	1	172	149	574	147
104	460	101
62	338	52	330	50	332	71	397	72	402	123	500	113	499	122	467	106	465	118
136	561	140	525	119	516	117	239	21	232	20	213	12	212	14	209	11
128	550	129	529	120	528	127	395	69	354	55	353	64	385	70	306	41	302	42	308	77	411	78
62	334	51	336	66	375	60	351	55	352	61	363	57	247	23	241	22	214	12	211	13	208	11	210	16	176	2	169	1	172	149	574	147	571	146	406	74	405	144
154	429	85	428	91	435	87	436	92	438	88	439	166	603	165
165	601	164	206	10	201	11
37	295	38	298	162	598	165
16	216	13	211	12	202	10	204	24	251	56	359	64
62	334	51	333	58	341	53	343	65	386	70	360	56	361	159	588	165
157	579	151	577	152	577	151	577	152	580	155
132	502	113	503	137	514	116	515	141	531	120	527	125	517	117	248	23	245	25	255	164	601	165
62	334	51	333	58	341	53	310	44	307	42	299	39	278	32	276	34	265	30	268	86	432	92
1	167	0	168	143
34	276	32	278	39	299	42	307	44	312	94	345	53	344	93	383	63	382	62
83	421	88	439	166	599	162	587	159	294	36	259	28	261	40	283	33	284	41	303	44
136	561	140	562	138	457	99	453	97	316	45	313	46	322	148
78	411	77	301	39	278	32	276	34	265	30
34	287	37	295	38	298	162	599	166	594	160	591	163	200	9	194	8	194	9	197	11	210	16
134	477	107	464	106	468	124	512	116	508	115	356	55	346	54	350	70	293	36	290	40	274	31	272	34
118	465	106	467	122	537	137	538	123	402	72	377	60	367	58	368	62
125	527	120	394	69	354	55	346	54	340	53	344	93	442	95
62	338	52	330	50	332	71	397	72	401	115	393	69	394	120	527	125
142	507	114	498	113	503	137	514	116	515	141	531	120	527	125	517	117	239	21	232	20	213	12	212	14	218	16	176	2
139	483	109	484	140	525	119	516	117	239	21	232	20	213	12	212	14	218	16	176	2
109	482	136	545	125	543	127	395	69	354	55
62	338	52	330	50	332	71	398	114	498	113	501	131	534	121	474	107	477	134	487	110
148	569	145	570	149	172	1	167	0	167	1	169	2	175	5	182	9	187	6	186	7	193	163	591	160	593	165
22	243	25	249	24	252	161	586	159	587	162	298	38	288	34
136	561	140	562	138	457	99	453	97	316	45	313	46	322	148
16	210	11	201	10	205	25	254	26	256	56	359	64	353	55	346	54	340	53	342	63
44	303	41	306	70	385	64	353	55	354	69	394	120	530	136
165	598	162	587	159	294	36	259	28	261	40	283	33	284	41	305	65
16	210	11	197	9	194	8	194	9	200	163	600	166	599	162
20	232	21	237	23	247	57	364	64
33	281	36	291	41	304	53	341	58	370	66
83	190	7	186	6
109	484	140	525	119	516	117	239	21	232	20	213	12	212	14	218	16	176	2
72	401	115	380	61	363	57	366	117	239	21	232	20	213	12	212	14	218	16	176	2
9	197	11	210	16	221	17	225	145	569	148
44	303	41	306	70	360	56	362	161	595	164	206	10	201	11	210	16
62	334	51	336	66	375	60	351	55	352	61	363	57	247	23	241	22	214	12	198	9	182	5	175	2
99	235	20	233	22	243	25	255	164	595	161	586	159	587	162	587	159	294	36	281	33
136	561	140	562	138	457	99
62	338	52	339	142	558	132	557	131	534	121	474	107	477	134	487	110
78	413	79	417	94	345	53	344	93	383	63	382	62	338	52	339	142	558	132
20	232	21	239	117	517	125	527	120	531	141	515	116	508	115	401	72	377	60	367	58	368	62
92	438	88	437	90	422	83	190	7	186	6	187	9	199	27	181	4	174	2	176	16
34	286	35	262	29
62	371	59	374	104	463	105	447	95	445	94	417	79	413	78
62	338	52	330	50	332	71	397	72	401	115	393	69	394	120	527	125
62	334	51	336	66	375	60	351	55	352	61	363	57	247	23	241	22
62	371	59	374	104	463	105	447	95	445	94	417	79	413	78	411	77	412	82
62	334	51	333	58	341	53	304	41	284	33
34	287	37	295	38	298	162	599	166	594	160	591	163	200	9	194	8	194	9	197	11	210	16	176	2	169	1	172	149	574	147	571	146	406	74	405	144
78	411	77	308	42	302	41	306	70	385	64	353	55	354	69	394	120	529	129	550	128
139	483	109	482	136	545	125	543	127	395	69	379	61
148	572	146	563	143	408	75
99	453	97	231	19	222	16	210	11	197	9	187	6
118	521	129	554	136	561	140	525	119	516	117	239	21	232	20	233	22	203	10	195	8
36	292	56	359	64	353	55	354	69	395	127	543	125	545	136	551	128	481	109	478	110
34	272	31	274	40	290	36	293	70	350	54	348	60	377	72	399	113	501	131
29	262	35	266	30	268	86	426	85	426	86	432	92
139	483	109	484	140	525	119	516	117	239	21	232	20	213	12	212	14	218	16	176	2
151	578	153	583	157	585	156	576	150
62	338	52	330	50	332	71	398	114	498	113	501	131	534	121	474	107	477	134	560	139
34	272	31	274	40	290	36	293	70	355	55
83	422	90	422	83	421	88	439	166	603	165
2	176	16	219	15	220	19	229	20	232	21	239	117	517	125	527	120	466	106	467	122	535	131
165	603	166	439	88	438	92	436	87	435	91	440	89	441	150	576	156	582	153	583	157
55	352	61	363	57	247	23	241	22	214	12	211	13	216	16	176	2
34	287	37	295	38	298	162	599	166	594	160	591	163	200	9	194	8	194	9	197	11	183	5	175	2
130	495	112	496	134	560	139	483	109	484	140	525	119	516	117	239	21	232	20	213	12	212	14	218	16	176	2
114	400	72	401	115	393	69	394	120	530	136
62	334	51	333	58	341	53	343	65	386	70	360	56	361	159	588	165
34	287	37	295	38	298	162	599	166	594	160	591	163	193	7	189	9	199	27
144	404	73	328	49	327	48	323	47	325	97	234	20	232	21	237	23	247	57	363	61	352	55
118	521	129	544	125	546	140	525	119	516	117	239	21	232	20	213	12	212	14	218	16	176	2
62	338	52	330	50	332	71	397	72	399	113	499	122	467	106	469	129	550	128
22	233	20	235	99	456	111	491	135	497	112	494	121
53	340	54	346	55	354	69	394	120	527	125
99	235	20	233	22	242	24	251	56	360	70
101	373	59	371	62
80	414	79	413	78	411	77	308	42	302	41	305	65	349	54	346	55	356	115	508	116	512	124	468	106	471	134
132	502	113	399	72	401	115	380	61	363	57	247	23	241	22
80	418	81	420	82
139	483	109	484	140	562	138	457	99	453	97	316	45	313	46	322	148
139	483	109	482	136	545	125	543	127	395	69	379	61	378	64	359	56	292	36	259	28	258	31	272	34
62	371	59	374	104	460	101
148	322	46	313	45	316	97	453	99	457	138
62	338	52	330	50	332	71	397	72	401	115	393	69	394	120	530	136
78	411	77	301	39	278	32	276	34	287	37	295	38	298	162	598	165
11	201	10	204	24	251	56	359	64
78	413	79	417	94	345	53	344	93	383	63	382	62
110	487	134	522	118	465	106	470	133	559	137	538	123	402	72	392	68	389	67	337	51	334	62	371	59	373	101
125	517	117	248	23	245	25	249	24	252	161	597	166	439	88	438	92	436	87	435	91	440	89	441	150	576	156	582	153	583	157
62	334	51	333	58	341	53	304	41	284	33	282	39	278	32	276	34	265	30	268	86	432	92	436	87	435	91	440	89	441	150	576	156	582	153	583	157
142	339	52	338	62	334	51	333	58	341	53	304	41	284	33	271	31	272	34
74	405	144	410	76	409	143	563	146	571	147	574	149	172	1	170	3	178	16
46	313	45	316	97	234	20
92	432	86	268	30	265	34	276	32	278	39	299	42	307	44	312	94	345	53	344	93	383	63	382	62
34	287	37	295	38	298	162	599	166	594	160	591	163	200	9	194	8	194	9	197	11	183	5	175	2
62	338	52	330	50	332	71	398	114	498	113	501	131	534	121	474	107	477	134	560	139	483	109
148	322	46	320	48	323	47	326	98	449	96	451	100	458	111	479	109	478	110	487	134	522	118
61	363	57	358	56	361	159	588	165
82	309	43	300	39	278	32	276	34	287	37	295	38	298	162	599	166	594	160	591	163	200	9	197	11	210	16
34	286	35	262	29
101	373	59	371	62
34	272	31	274	40	290	36	293	70	350	54	346	55	356	115	508	116	512	124	468	106	471	134
16	210	11	197	9	194	8	195	10	206	164	601	165	598	162	298	38	267	30
2	175	5	182	9	194	8	194	9	200	163	591	160	594	166	599	162	298	38	288	34
44	303	41	305	65	349	54	346	55	356	115	508	116	513	133	536	122	475	107	472	112	495	130
34	287	37	295	38	298	162	587	159	586	161	595	164	255	25	243	22	233	20
97	325	47	323	48
110	478	109	479	111	456	99	453	97	316	45	313	46	322	148
125	517	117	239	21	232	20	213	12	212	14	218	16	176	2	169	1	172	149	574	147	571	146	406	74	405	144
125	527	120	394	69	354	55	353	64	359	56	292	36	259	28	258	31	272	34
139	483	109	482	136	545	125	517	117	248	23	245	25	255	164	601	165
150	576	156	582	153	578	151
62	338	52	339	142	558	132	557	131	535	122	467	106	465	118	521	129	550	128	481	109
134	560	139	483	109	484	140	525	119	516	117	239	21	232	20	213	12	212	14	218	16
144	404	73	328	49	327	48	323	47	325	97
55	353	64	359	56	251	24	204	10	201	11	210	16
62	334	51	333	58	341	53	343	65	386	70	360	56	361	159	588	165
129	529	120	394	69	354	55	346	54	347	58	368	62
101	373	59	371	62	368	58	347	54	346	55
62	371	59	374	104	463	105	447	95	445	94	417	79	413	78	411	77	412	82
144	404	73	328	49	327	48	323	47	325	97	234	20
34	272	31	274	40	290	36	292	56	359	64	378	61	379	69	395	127	518	117	519	136
92	432	86	433	162	598	165
16	221	17	223	18	227	45	313	46
83	422	90	437	88	438	92	432	86	268	30	265	34
61	380	115	401	72	399	113	502	132
139	523	118	465	106	470	133	559	137	538	123	402	72	392	68	376	60	367	58	368	62
78	411	77	301	39	278	32	276	34	287	37	295	38	298	162	599	166	594	160	591	163	193	7	186	6	187	9	199	27	181	4	174	2
33	271	31	258	28	259	36	294	159	586	161	595	164	206	10	203	22
33	271	31	258	28	259	36	294	159	589	166	594	160	591	163
33	271	31	258	28	259	36	294	159	586	161	595	164	206	10	195	8	194	9	197	11	210	16
118	465	106	470	133	559	137	538	123	402	72	377	60	367	58	368	62
163	200	9	196	10	203	22	236	21	239	117	517	125	545	136	554	129	521	118
62	334	51	336	66	375	60	351	55
138	457	99	453	97	316	45	313	46	320	48	327	49	328	73	404	144
6	187	9	197	11
163	200	9	197	11
118	465	106	468	124	512	116	508	115	356	55	346	54	350	70	293	36	281	33
34	272	31	274	40	290	36	292	56	358	57	366	117	519	136	551	128
118	465	106	467	122	535	131	557	132	558	142	339	52	338	62
139	483	109	482	136	545	125	517	117	248	23	245	25	255	164	601	165
118	465	106	468	124	512	116	508	115	356	55	346	54	350	70	293	36	259	28	258	31	272	34
46	313	45	316	97	453	99	456	111	479	109	478	110
118	465	106	468	124	512	116	508	115	356	55	346	54	350	70	293	36	290	40	274	31	272	34
148	569	145	570	149	172	1	167	0	167	1	169	2	175	5	182	9	187	6	186	7	193	163	591	160	593	165
6	187	9	182	5	175	2	169	1	167	0	168	143	408	75
144	404	73	328	49	327	48	320	46	322	148	322	46	320	48	323	47	326	98	449	96	451	100	458	111	479	109	478	110	487	134
139	523	118	465	106	470	133	559	137	538	123	402	72	377	60	367	58	368	62
130	495	112	472	107	475	122	467	106	466	120	527	125	517	117	248	23	245	25	255	164	601	165
55	352	61	363	57	247	23	241	22	214	12	211	13	208	11	210	16	176	2	169	1	172	149	574	147	571	146	406	74	405	144
80	414	79	413	78	411	77	308	42	302	41	306	70	355	55
62	338	52	339	142	558	132	557	131	535	122	467	106	465	118	521	129	550	128	481	109
78	411	77	301	39	278	32	276	34	287	37	295	38	298	162	599	166	594	160	591	163	200	9	197	11	210	16
8	195	10	206	164	253	24	250	26	246	23	247	57	364	64	385	70	350	54	347	58	333	51	334	62
62	338	52	330	50	330	52	339	142	558	132
163	188	6
110	478	109	479	111	456	99	453	97	316	45	313	46	320	48	320	46	322	148	322	46	320	48	327	49	328	73	404	144
78	411	77	301	39	282	33	281	36
62	334	51	333	58	341	53	304	41	284	33	271	31	272	34
33	275	32	276	34	287	37	295	38	298	162	599	166	594	160	591	163	200	9	194	8	194	9	197	11	210	16
2	175	5	182	9	196	10	204	24	244	23	247	57	364	64	385	70	350	54	340	53	344	93	444	105	461	101
96	315	45	313	46	320	48	320	46	322	148	322	46	320	48	327	49	328	73	404	144	405	74
61	363	57	247	23	241	22	203	10	195	8	194	9	187	6
8	195	10	206	164	253	24	244	23	248	117	517	125
101	460	104	374	59	371	62
144	404	73	328	49	327	48	323	47	325	97	234	20	232	21	237	23	247	57	363	61	352	55
136	545	125	543	127	395	69	354	55
139	483	109	484	140	525	119	516	117	239	21	232	20	213	12	212	14	218	16	176	2
8	194	9	197	11	210	16
110	485	112	495	130	556	131	557	132	558	142	339	52	338	62
61	363	57	247	23	241	22	203	10	195	8
82	412	77	411	78	413	79	417	94	345	53	344	93	383	63	382	62
136	545	125	543	127	395	69	354	55	353	64	359	56	292	36	290	40	274	31	272	34
1	167	0	168	143
34	276	32	280	43	309	82
136	519	117	518	127	395	69	354	55	353	64	359	56	292	36	281	33
165	588	159	361	56	359	64	353	55	354	69	396	141	515	116	511	123	500	113	502	132
95	442	93	344	53	304	41	284	33	271	31	272	34
131	557	132	558	142	339	52	338	62
62	334	51	336	66	375	60	351	55	352	61
78	411	77	308	42	302	41	291	36	292	56	358	57	366	117	519	136	482	109
151	578	153	583	157	585	156	576	150	441	89	424	84	191	7	186	6	187	9	199	27	181	4	174	2	176	16	219	15	220	19	229	20	229	19
55	346	54	349	65	305	41	302	42	308	77	411	78
139	483	109	482	136	545	125	543	127	395	69	379	61	378	64	359	56	292	36	259	28	258	31	272	34
78	413	79	417	94	345	53	344	93	383	63	382	62	338	52	330	50	330	52	339	142	558	132
92	438	88	439	166	597	161	362	56	359	64	353	55	354	69	396	141	542	124	468	106	465	118
62	334	51	333	58	341	53	304	41	284	33	271	31	272	34
62	338	52	330	50	332	71	397	72	399	113	499	122	467	106	469	129	550	128
165	603	166	439	88	438	92
101	373	59	372	63	342	53
73	404	144	404	73	328	49	327	48	323	47	325	97
141	357	55	346	54	340	53	342	63	372	59	373	101
34	287	37	295	38	298	162	599	166	594	160	591	163	200	9	194	8	194	9	197	11	183	5	175	2
148	322	46	320	48	320	46	313	45	316	97	453	99	457	138	492	111	479	109
22	241	23	247	57	363	61	352	55	346	54	340	53	344	93	444	105
26	254	25	205	10	195	8	194	9	197	11	210	16
33	271	31	258	28	259	36	294	159	586	161	595	164	255	25	243	22	233	20
109	484	140	561	136	545	125	543	127	395	69	379	61	352	55	346	54	340	53	344	93	442	95
62	338	52	339	142	558	132	557	131	534	121	474	107	477	134	560	139
62	371	59	373	101
83	421	88	439	166	597	161	362	56	359	64	378	61	379	69	396	141	515	116	511	123	500	113	498	114	507	142
134	560	139	483	109	484	140	525	119	516	117	239	21	232	20	213	12	212	14	218	16
154	581	153	578	151	577	152	577	151
26	246	23	241	22	214	12	211	13	208	11	210	16	176	2	169	1	172	149	574	147	564	143	408	75
2	169	1	172	149	574	147	571	146	406	74
65	386	70	360	56	362	161	595	164	206	10	195	8	194	9	197	11	210	16
11	210	16	221	17	225	145	569	148
60	348	54	340	53	304	41	284	33	271	31	272	34
61	378	64	385	70	306	41	302	42	308	77	411	78	411	77	412	82
20	234	97	316	45	313	46	320	48	320	46	322	148	566	144
79	413	78	411	77	301	39	278	32	276	34
95	446	101
62	334	51	333	58	341	53	343	65	386	70	360	56	361	159	588	165
34	272	31	274	40	290	36	292	56	359	64	378	61	379	69	395	127	543	125	545	136	551	128	552	139
148	322	46	313	45	316	97	453	99	457	138
110	487	134	522	118	465	106	468	124	512	116	508	115	356	55
55	346	54	349	65	305	41	302	42	308	77	411	78	411	77	412	82
20	232	21	239	117	518	127	549	141	510	115	401	72	399	113	501	131
62	334	51	336	66	375	60	351	55	352	61	363	57	247	23	241	22	214	12	207	11	210	16
141	357	55	346	54	340	53	344	93	442	95
34	287	37	295	38	298	162	587	159	586	161	595	164	255	25	243	22	233	20	235	99
2	169	1	167	0	167	1	169	2	175	5	182	9	187	6	186	7	191	84	424	89	441	150	575	153	578	151
61	378	64	353	55	346	54	340	53	344	93	442	95
34	272	31	271	33	284	41	303	44	312	94	445	95
61	363	57	247	23	241	22	214	12	211	13	216	16	176	2
99	457	138	562	140	546	125
95	442	93	344	53	343	65	386	70	360	56	362	161	595	164	206	10	195	8	194	9	197	11	210	16
20	233	22	243	25	255	164	595	161	586	159	587	162	587	159	294	36	259	28	261	40	283	33	284	41	303	44
78	411	77	301	39	278	32	276	34	287	37	295	38	298	162	587	159	586	161	595	164	255	25	243	22	233	20	235	99
138	240	21	239	117	518	127	549	141
52	330	50	332	71	397	72	402	123	538	137	559	133	470	106	465	118	521	129	554	136
53	340	54	346	55	353	64	359	56	251	24	204	10	195	8
118	465	106	467	122	535	131	557	132
62	338	52	330	50	332	71	398	114	498	113	501	131	534	121	474	107	477	134	487	110
53	340	54	346	55	354	69	394	120	530	136
2	176	16	219	15	220	19	229	20	232	21	239	117	516	119	525	140	553	128	481	109	478	110
165	588	159	361	56	359	64	353	55	354	69	396	141	542	124	468	106	464	107	477	134
62	334	51	333	58	341	53	310	44	311	79	413	78	411	77	412	82	412	77
34	276	32	278	39	300	43	309	82
118	465	106	466	120	394	69	379	61
138	524	119	516	117	366	57	363	61	352	55
22	236	21	239	117	517	125	527	120	531	141	515	116	514	137	503	113	502	132
125	517	117	239	21	232	20	213	12	212	14	218	16
16	210	11	201	10	206	164	601	165
148	569	145	570	149	172	1	167	0	167	1	169	2	175	5	182	9	187	6	186	7	191	84	424	89	441	150	576	156	582	153	583	157
128	553	140	562	138	457	99	453	97	316	45	313	46
20	233	22	243	25	255	164	595	161	586	159	587	162	587	159	294	36	259	28	261	40	283	33	284	41	303	44
82	309	43	300	39	278	32	276	34	287	37	295	38	298	162	599	166	594	160	591	163	193	7	186	6	187	9	199	27	181	4	174	2
20	213	12	202	10	206	164	595	161	586	159	294	36	281	33
2	176	16	219	15	220	19	229	20	232	21	239	117	518	127	549	141
95	442	93	383	63	335	51	337	67	331	50	330	52	339	142	507	114	505	131
142	507	114	498	113	499	122	467	106
99	450	96	315	45	313	46	320	48	320	46	322	148	322	46	320	48	327	49	328	73	404	144
118	523	139	489	110	478	109	479	111	456	99	453	97	316	45	313	46	320	48	320	46	322	148	322	46	320	48	327	49	328	73	404	144
62	371	59	374	104	460	101
68	376	60	351	55	354	69	394	120	529	129	550	128
2	176	16	219	15	220	19	229	20	232	21	239	117	516	119	525	140	484	109	481	128	552	139	560	134	477	107	474	121
95	446	101
165	598	162	587	159	294	36	259	28	261	40	283	33	285	42	307	44	312	94	445	95	446	101
128	550	129	529	120	531	141	515	116	508	115	356	55	346	54	347	58	368	62
142	507	114	498	113	503	137	514	116	515	141	531	120	527	125	517	117	248	23	244	24	252	161	597	166	439	88	421	83
16	219	15	220	19	229	20	232	21	239	117	516	119	525	140	484	109	481	128	552	139	560	134	496	112	495	130
82	412	77	411	78	413	79	311	44	310	53	341	58	368	62
16	210	11	208	13	211	12	214	22	241	23	247	57	363	61	352	55	351	60	376	68	376	60	367	58	368	62
131	501	113	503	137	514	116	515	141	531	120	527	125	517	117	239	21	232	20	213	12	212	14	218	16
2	175	5	182	9	196	10	206	164
141	549	127	518	117	516	119	524	138
33	285	42	302	41	304	53	341	58	368	62
44	303	41	306	70	355	55	354	69	394	120	529	129	521	118
55	346	54	340	53	342	63	372	59	373	101
62	338	52	330	50	332	71	398	114	498	113	501	131	534	121	533	130	495	112	497	135	488	110	478	109	479	111	456	99
33	271	31	272	34
33	285	42	302	41	304	53	341	58	368	62
78	411	77	301	39	278	32	276	34	287	37	295	38	298	162	587	159	586	161	595	164	255	25	243	22	233	20	235	99
131	501	113	399	72
61	363	57	247	23	245	25	249	24	252	161	597	166	439	88	438	92
33	285	42	302	41	304	53	341	58	333	51	337	67	331	50	330	52	339	142	558	132
33	284	41	305	65	349	54	346	55	356	115	508	116	512	124	468	106	464	107	477	134	487	110
165	593	160	591	163	193	7	186	6	187	9	199	27	181	4	174	2
56	358	57	365	69	394	120	466	106	465	118
62	338	52	330	50	332	71	398	114	498	113	501	131	534	121	533	130	495	112	497	135	488	110	478	109	479	111	456	99
157	585	156	576	150	441	89	424	84	191	7	186	6	187	9	199	27	181	4	174	2	176	16
136	519	117	518	127	395	69	354	55	353	64	385	70	306	41
82	412	77	411	78	411	77
61	378	64	353	55	346	54	340	53	342	63	372	59	373	101
34	287	37	295	38	298	162	598	165
61	352	55	351	60	367	58	368	62	338	52
2	175	5	183	11	207	12	202	10	204	24	251	56	359	64	353	55
52	330	50	332	71	398	114	498	113	501	131	534	121	474	107	477	134	487	110
121	532	122	536	133	513	116	508	115	356	55	346	54	349	65	305	41	303	44	311	79	413	78	411	77	412	82
16	210	11	201	10	206	164	601	165	598	162	298	38	288	34	276	32	278	39	300	43	309	82
121	494	112	485	110
6	188	163	200	9	194	8	195	10	203	22	241	23	248	117	517	125	545	136	551	128	481	109	478	110
2	175	5	183	11	207	12	214	22	241	23	247	57	363	61	352	55	351	60	376	68	376	60	367	58	368	62
136	561	140	562	138	457	99	453	97	316	45	313	46	320	48	320	46	322	148	322	46	320	48	327	49	328	73	404	144
2	176	16	219	15	220	19	229	20	232	21	239	117	516	119	516	117	519	136
33	281	36	292	56	358	57	366	117
62	334	51	333	58	341	53	343	65	386	70	360	56	361	159	588	165
26	246	23	247	57	363	61	381	141
61	363	57	247	23	245	25	249	24	252	161	597	166	439	88	438	92	436	87	435	91	440	89	441	150	576	156	582	153	583	157
92	432	86	433	162	598	165	601	164	206	10	203	22
97	448	96	449	98	317	45	313	46	320	48	320	46	322	148	322	46	320	48	327	49
95	442	93	383	63	382	62	338	52	330	50	330	52	339	142	507	114	505	131
132	558	142	339	52	330	50	331	67	337	51	333	58	341	53	310	44	311	79	413	78
32	275	33	284	41	304	53	342	63	382	62	338	52	339	142
148	322	46	313	45	316	97	453	99	457	138	524	119
144	404	73	328	49	327	48	320	46	322	148	322	46	320	48	320	46	313	45	316	97	453	99	457	138	562	140	561	136
164	253	24	244	23	247	57	363	61
78	411	77	412	82	420	81
132	502	113	503	137	514	116	515	141	531	120	527	125	517	117	239	21	232	20	213	12	212	14	218	16	176	2
110	485	112	495	130	556	131	557	132	558	142	339	52	338	62	368	58	341	53	304	41	291	36	294	159	589	166	439	88	437	90	425	84	191	7	189	9	196	10	204	24	251	56	360	70	350	54	347	58	368	62
157	585	156	576	150	441	89	424	84	425	90	437	88	438	92	432	86	268	30	265	34
110	485	112	495	130	556	131	557	132	558	142	339	52	338	62
132	502	113	499	122	467	106	466	120	527	125
16	210	11	197	9	194	8	195	10	206	164	601	165	598	162	298	38	288	34
165	588	159	294	36	259	28	261	40	283	33	285	42	302	41	304	53	341	58	368	62
99	235	20	233	22	243	25	255	164	595	161	586	159	587	162	298	38	288	34
55	355	70	293	36	290	40	274	31	272	34	286	35	262	29
49	327	48	320	46	322	148	569	145	570	149	172	1	170	3	173	2
95	442	93	344	53	343	65	386	70	360	56	362	161	595	164	206	10	195	8
69	394	120	466	106	467	122	532	121
36	292	56	358	57	365	69	394	120	466	106	464	107	474	121
34	287	37	295	38	298	162	599	166	594	160	591	163	200	9	194	8	194	9	197	11	183	5	175	2
55	353	64	359	56	361	159	588	165
118	521	129	544	125	546	140	525	119	516	117	239	21	232	20	213	12	212	14	218	16	176	2	169	1	172	149	574	147	564	143	408	75	407	76	410	144	405	74
62	334	51	336	66	375	60	351	55	353	64	359	56	256	26
118	465	106	467	122	535	131	557	132	558	142	339	52	338	62
139	483	109	482	136	545	125	517	117	248	23	245	25	255	164	601	165
132	558	142	339	52	338	62
62	371	59	374	104	460	101
134	560	139	483	109	482	136	545	125	517	117	248	23	245	25	255	164	601	165
34	287	37	295	38	298	162	599	166	594	160	591	163	200	9	197	11	210	16
34	287	37	295	38	298	162	599	166	594	160	591	163	200	9	194	8	194	9	197	11	210	16
55	356	115	508	116	512	124	468	106	464	107	477	134	560	139
81	420	82	420	81	415	79	413	78
109	481	128	551	136	545	125	543	127	395	69	354	55	353	64	359	56	292	36	259	28	258	31	272	34
78	413	79	417	94	345	53	344	93	383	63	382	62	338	52	330	50	330	52	339	142	558	132
78	411	77	301	39	278	32	276	34
165	598	162	587	159	294	36	259	28	261	40	283	33	282	39	299	42	308	77	412	82	412	77
101	373	59	371	62
26	246	23	247	57	364	64	385	70	350	54	340	53
61	352	55	351	60	367	58	368	62
16	216	13	211	12	214	22	241	23	247	57	363	61	352	55	351	60	376	68	376	60	367	58	368	62
128	550	129	529	120	531	141	515	116	508	115	401	72	377	60	367	58	368	62
33	271	31	258	28	259	36	294	159	588	165	603	166
101	373	59	371	62	368	58	347	54	346	55	352	61
20	213	12	202	10	206	164	595	161	586	159	587	162	298	38	288	34	276	32	278	39	300	43	309	82
34	272	31	274	40	290	36	292	56	359	64	353	55	354	69	395	127	543	125	545	136	551	128	481	109	478	110
16	216	13	211	12	214	22	241	23	247	57	363	61
78	411	77	308	42	302	41	306	70	385	64	353	55	354	69	394	120	530	136
44	312	94	445	95	446	101	459	102	459	101
128	550	129	529	120	531	141	515	116	508	115	401	72	392	68	376	60	367	58	368	62
118	465	106	467	122	535	131	557	132
8	195	10	206	164	253	24	244	23	248	117	517	125	544	129	521	118
118	465	106	468	124	512	116	508	115	356	55	346	54	350	70	293	36	290	40	274	31	272	34
121	534	131	557	132	506	114	398	71	332	50	330	52	338	62
2	177	17	223	18	227	45	315	96
99	450	96	315	45	313	46	320	48	320	46	322	148	322	46	320	48	327	49	328	73	404	144	404	73
148	569	145	225	17	179	3	178	16	219	15	220	19	229	20	232	21	239	117	517	125
62	338	52	339	142	558	132	557	131	535	122	467	106	465	118	521	129	554	136
62	334	51	336	66	375	60	351	55	352	61
165	598	162	587	159	294	36	259	28	261	40	283	33	285	42	302	41	304	53	341	58	368	62
78	411	77	301	39	278	32	276	34
16	219	15	220	19	229	20	232	21	239	117	516	119	525	140	546	125	544	129	521	118
55	351	60	377	72	399	113	502	132
22	233	20	229	19	230	45	313	46
136	519	117	239	21	236	22	203	10	195	8	194	9	200	163
34	286	35	262	29
78	411	77	308	42	302	41	306	70	355	55	357	141
2	175	5	185	27	199	9	187	6	186	7	193	163	591	160	594	166	599	162	587	159	294	36	259	28	261	40	283	33	282	39	299	42	308	77	411	78
141	357	55	346	54	340	53
78	411	77	301	39	278	32	276	34	287	37	295	38	298	162	599	166	594	160	591	163	200	9	197	11
110	487	134	522	118	465	106	468	124	512	116	508	115	356	55	346	54	349	65	305	41	284	33
78	413	79	311	44	303	41
61	363	57	358	56	362	161	596	165	593	160	591	163	423	83
62	334	51	333	58	341	53	343	65	386	70	360	56	361	159	588	165
157	579	151	577	152	580	155	584	158
61	363	57	247	23	245	25	249	24	252	161	597	166	439	88	438	92
157	579	151	579	157	585	156	576	150	441	89	424	84	191	7	186	6	187	9	199	27	181	4	174	2	176	16
165	593	160	591	163
118	465	106	467	122	535	131	557	132	558	142	339	52	338	62
74	405	144	410	76	329	49	327	48	320	46	322	148	322	46	320	48	320	46	313	45	316	97	453	99	457	138	562	140	561	136
62	334	51	333	58	341	53	310	44	307	42	299	39	278	32	276	34
165	593	160	591	163	193	7	186	6	187	9	199	27	181	4	174	2
21	236	22	203	10	206	164	601	165
99	456	111	479	109	478	110	487	134	522	118
11	207	12
165	588	159	294	36	259	28	261	40	283	33	285	42	302	41	304	53	341	58	368	62
144	404	73	328	49	327	48	320	46	322	148	322	46	320	48	320	46	313	45	316	97	234	20	233	22
78	411	77	308	42	302	41	305	65	349	54	346	55	356	115	508	116	513	133	536	122	532	121
65	305	41	302	42	308	77	411	78	411	77	412	82
34	287	37	295	38	298	162	587	159	586	161	362	56
125	517	117	239	21	232	20	213	12	212	14	218	16	176	2
61	363	57	247	23	237	21	232	20	229	19	230	45	313	46
149	172	1	169	2	175	5	182	9	187	6
33	271	31	258	28	259	36	294	159	586	161	595	164	255	25	243	22	233	20	235	99
132	502	113	503	137	514	116	515	141	531	120	527	125	517	117	239	21	232	20	213	12	212	14	218	16	176	2
2	175	5	182	9	194	8	194	9	200	163	591	160	594	166	599	162	298	38	288	34
118	521	129	544	125	546	140	525	119	516	117	239	21	232	20	213	12	212	14	218	16	176	2	169	1	172	149	574	147
61	363	57	247	23	237	21	232	20	235	99
33	281	36	292	56	358	57	366	117	519	136	482	109
95	442	93	344	53	340	54	346	55	357	141
101	460	104	463	105	444	93	344	53	343	65	386	70	360	56	362	161	595	164	206	10	195	8	194	9	197	11	210	16
33	281	36	292	56	359	64	378	61	379	69	395	127	518	117	519	136
110	478	109	482	136	545	125	517	117	248	23	244	24	249	25	249	24	252	161	596	165	603	166
144	404	73	328	49	327	48	320	46	322	148	322	46	320	48	323	47	326	98	449	96	451	100	458	111	479	109	478	110	487	134	522	118
22	236	21	239	117	519	136	551	128	481	109	478	110
136	519	117	518	127	395	69	354	55	346	54	340	53
62	334	51	333	58	341	53	304	41	284	33	271	31	272	34
110	478	109	482	136	545	125	543	127	395	69	379	61	378	64	359	56	292	36	281	33
62	334	51	336	66	375	60	351	55	352	61	363	57	247	23	241	22	214	12	198	9	182	5	175	2
70	355	55	354	69	394	120	466	106	465	118
46	313	45	316	97	453	99	457	138	562	140	546	125	544	129	521	118
136	530	120	531	141	515	116	508	115	401	72	392	68	389	67	337	51	334	62	371	59	374	104	460	101
61	363	57	247	23	241	22	203	10	195	8
94	345	53	341	58	368	62
33	283	40	261	28	259	36	294	159	586	161	595	164	206	10	195	8	194	9	197	11	210	16	221	17	225	145	569	148
109	479	111	479	109	478	110	488	135	497	112	495	130	533	121	534	131	557	132
34	272	31	274	40	290	36	293	70	350	54	346	55	356	115	508	116	512	124	468	106	465	118
55	353	64	359	56	361	159	588	165
2	176	16	219	15	220	19	229	20	232	21	239	117	516	119	525	140	484	109	483	139
148	572	146	563	143
101	373	59	371	62
121	532	122	499	113	399	72	377	60	348	54	349	65	305	41	302	42	308	77	411	78
2	176	16	219	15	220	19	229	20	232	21	239	117	516	119	525	140	484	109
136	561	140	525	119	516	117	239	21	232	20	213	12	212	14	218	16	176	2
62	334	51	333	58	341	53	343	65	386	70	360	56	361	159	588	165
41	304	53	342	63	382	62	338	52	339	142
34	287	37	295	38	298	162	587	159	586	161	595	164
62	338	52	339	142	558	132
99	456	111	479	109	478	110
62	334	51	336	66	375	60	351	55	352	61	363	57	247	23	241	22	214	12	198	9	182	5	175	2
110	487	134	522	118	465	106	468	124	512	116	508	115	356	55	346	54	340	53
55	352	61	363	57	247	23	241	22	214	12	211	13	208	11	210	16	176	2	169	1	172	149	574	147	571	146	565	144
34	286	35	289	43
118	521	129	544	125	546	140	525	119	516	117	239	21	232	20	213	12	212	14	218	16
101	460	104	463	105	444	93	344	53	304	41	284	33	271	31	272	34
16	176	2	169	1	167	0	167	1	169	2	175	5	182	9	187	6	186	7	191	84	424	89	441	150	575	153	578	151	577	152	577	151	578	153	581	154
142	339	52	330	50	330	52	338	62
34	272	31	271	33	284	41	304	53	342	63	382	62
34	276	32	278	39	299	42	307	44	312	94	345	53	344	93	383	63	382	62	338	52
97	453	99	456	111	479	109	478	110	489	139	523	118	465	106	470	133	559	137	538	123	402	72	377	60	367	58	368	62
148	569	145	570	149	172	1	167	0	167	1	169	2	175	5	182	9	187	6	186	7	193	163	591	160	593	165
6	187	9	199	27	181	4	174	2	176	16	219	15	220	19	229	20	232	21	239	117	516	119	525	140	561	136
33	285	42	302	41	304	53	341	58	368	62
62	334	51	336	66	375	60	351	55	352	61	363	57	247	23	241	22	203	10	195	8	194	9	187	6
43	309	82	412	77	411	78	413	79	417	94	345	53	344	93	383	63	382	62
2	176	16	219	15	220	19	229	20	232	21	239	117	516	119	516	117	519	136
165	601	164	206	10	201	11	210	16
55	356	115	508	116	512	124	468	106	464	107	477	134	560	139
16	216	13	211	12	214	22	241	23	247	57	363	61	352	55	351	60	376	68	376	60	367	58	368	62
128	553	140	525	119	516	117	239	21	232	20	213	12	212	14	218	16	176	2
22	203	10	195	8	194	9	189	7	190	83
106	468	124	512	116	508	115	356	55	346	54	340	53	304	41	284	33
78	413	79	417	94	345	53	344	93	383	63	382	62	338	52	330	50	330	52	339	142	558	132
132	502	113	399	72	377	60	351	55
6	187	9	197	11
131	557	132	558	142	339	52	338	62	371	59	374	104	443	93	442	95
121	532	122	537	137	514	116	508	115	356	55	346	54	350	70	293	36
53	343	65	386	70	360	56	361	159	588	165
34	272	31	274	40	290	36	292	56	359	64	353	55	354	69	394	120	527	125
139	483	109	484	140	525	119	516	117	239	21	232	20	213	12	212	14	218	16	176	2
131	501	113	503	137	514	116	515	141	531	120	527	125	517	117	239	21	232	20	213	12	212	14	218	16	176	2
104	374	59	371	62	338	52	339	142
165	603	166	439	88	438	92	436	87	435	91
46	313	45	316	97	453	99	457	138	562	140	546	125
109	478	110	487	134	471	106	467	122	499	113	502	132
34	272	31	274	40	290	36	292	56	359	64	378	61	379	69	395	127	543	125	545	136	551	128	481	109	478	110
75	408	143	564	147	574	149	172	1	170	3	178	16
165	601	164	255	25	243	22	233	20	235	99
165	598	162	587	159	294	36	259	28	261	40	283	33	282	39	299	42	308	77	411	78
16	219	15	220	19	229	20	232	21	239	117	516	119	525	140	561	136	554	129	521	118	465	106	467	122	535	131
157	585	156	576	150	441	89	424	84	191	7	186	6	187	9	182	5	175	2	169	1	167	0	167	1	172	149	570	145	569	148
163	423	83	422	90	437	88	438	92
62	338	52	330	50	332	71	397	72	401	115	510	141
44	303	41	304	53	341	58	333	51	337	67	331	50	330	52	339	142	558	132
110	478	109	484	140	525	119	516	117	239	21	232	20	213	12	212	14	218	16	176	2	169	1	169	2	175	5	182	9	187	6
2	176	16	219	15	220	19	229	20	232	21	239	117	517	125
78	411	77	301	39	278	32	276	34
131	501	113	399	72	401	115	380	61
92	432	86	268	30	265	34	276	32	275	33	284	41	303	44	312	94	445	95
56	358	57	363	61	380	115	401	72	399	113	502	132
136	530	120	526	124	512	116	508	115	356	55	346	54	347	58	368	62
101	460	104	463	105	444	93	344	53	304	41	284	33	271	31	272	34
83	421	88	439	166	597	161	252	24	244	23	248	117	517	125	545	136	551	128	481	109	478	110
83	421	88	439	166	603	165	588	159	361	56	358	57	366	117	519	136
6	187	9	182	5	175	2	169	1	167	0	168	143	408	75
62	334	51	333	58	341	53	304	41	284	33	275	32	280	43
2	175	5	183	11	207	12	214	22	241	23	247	57	363	61	352	55	351	60	376	68	376	60	367	58	368	62
2	175	5	182	9	196	10	204	24	244	23	247	57	364	64	385	70	350	54	347	58	333	51	334	62
101	460	104	463	105	444	93	344	53	343	65	386	70	360	56	362	161	595	164	206	10	195	8	194	9	197	11	210	16
151	578	153	578	151	577	152	577	151	578	153	581	154
62	338	52	330	50	332	71	391	68	392	72	401	115	508	116	515	141	531	120	527	125	517	117	239	21	232	20
62	334	51	336	66	375	60	351	55	352	61	363	57	247	23	241	22	214	12	207	11	210	16
16	210	11	197	9	194	8	194	9	200	163	423	83	422	90	437	88	438	92
2	175	5	182	9	194	8	195	10	206	164	601	165	598	162	587	159	294	36	281	33
132	502	113	399	72	401	115	380	61	363	57	366	117	239	21	232	20	213	12	212	14	218	16	176	2
29	262	35	286	34
62	334	51	333	58	341	53	310	44
144	410	76	409	143	168	0	167	1	167	0	167	1	169	2	175	5	182	9	187	6	187	9	196	10	206	164
112	485	110	478	109	479	111	456	99	453	97	316	45	313	46	322	148
78	411	77	308	42	302	41	291	36	292	56	358	57	366	117	519	136
53	304	41	284	33	271	31	272	34
29	262	35	286	34	287	37	295	38	298	162	598	165
141	515	116	508	115	401	72	397	71	332	50	330	52	339	142
55	354	69	395	127	518	117	519	136	482	109
112	472	107	474	121	534	131	505	114	507	142
125	517	117	239	21	232	20	213	12	212	14	218	16	178	3
78	411	77	412	82
136	561	140	562	138	457	99	453	97	316	45	313	46
6	187	9	194	8
2	169	1
75	407	76	410	144
139	483	109	484	140	562	138	457	99
92	438	88	439	166	597	161	362	56	358	57	363	61
20	234	97	316	45	313	46	320	48	320	46	322	148	322	46	320	48	327	49	328	73	404	144
148	322	46	313	45	317	98	449	96	451	100	458	111	491	135	488	110
105	444	93	344	53	310	44	303	41	284	33	271	31	272	34
34	272	31	258	28	259	36	292	56	359	64
118	465	106	466	120	531	141	396	69	354	55	353	64	359	56	292	36	259	28	258	31	272	34
30	265	34	287	37	295	38	298	162	599	166	594	160	591	163	200	9	194	8	194	9	197	11	210	16
16	210	11	197	9	194	8	194	9	200	163	591	160	594	166	599	162	298	38	288	34
121	532	122	467	106	466	120	394	69	354	55	355	70	293	36	281	33
165	596	161	257	26	246	23	248	117	519	136
130	495	112	472	107	475	122	467	106	466	120	394	69	354	55	353	64
119	516	117	518	127	395	69	354	55	353	64	385	70	306	41	302	42	308	77	411	78
2	175	5	182	9	196	10	204	24	249	25	254	26	256	56	359	64	385	70	350	54	340	53	344	93	442	95
118	465	106	470	133	559	137	538	123	402	72	377	60	367	58	368	62
33	271	31	258	28	259	36	294	159	586	161	595	164	206	10	195	8	194	9	197	11	210	16
101	373	59	371	62	338	52	330	50	332	71	391	68	392	72	401	115	508	116	515	141	531	120	527	125	517	117	239	21	232	20
109	481	128	550	129
95	445	94	312	44	307	42	285	33	283	40	261	28	259	36	294	159	588	165
16	210	11	197	9	194	8	195	10	206	164	601	165	598	162	587	159	294	36	281	33
110	487	134	522	118	465	106	470	133	559	137	538	123	402	72	392	68	376	60	367	58	368	62
134	477	107	464	106	468	124	512	116	508	115	356	55
118	523	139	489	110	478	109	479	111	456	99	453	97	316	45	313	46
42	302	41	304	53	341	58	333	51	337	67	331	50	330	52	339	142	558	132
115	356	55	346	54	347	58	368	62
53	340	54	346	55	352	61	363	57	247	23	241	22	214	12	211	13	208	11	210	16	221	17	225	145	569	148
136	519	117	518	127	395	69	354	55	353	64	385	70	306	41	284	33
101	460	104	384	63	382	62	338	52	330	50	332	71	398	114	498	113	501	131	534	121	474	107	477	134	487	110
82	412	77	411	78
157	583	153	582	156	576	150	441	89	440	91	435	87	436	92	438	88	439	166	597	161	257	26	246	23	248	117	517	125	545	136	551	128	552	139
62	334	51	333	58	341	53	310	44	307	42	299	39	278	32	276	34
62	338	52	330	50	332	71	391	68	392	72	401	115	508	116	515	141	531	120	527	125	517	117	239	21	232	20
141	549	127	518	117	239	21	232	20	213	12	212	14	218	16
16	219	15	220	19	229	20	232	21	239	117	516	119	525	140	484	109
33	281	36	292	56	359	64	378	61	379	69	395	127	543	125	545	136	554	129	521	118
34	272	31	274	40	290	36	293	70	355	55	357	141
125	527	120	526	124	541	137	538	123	402	72	377	60	367	58	368	62
16	221	17	225	145	569	148	566	144
62	338	52	330	50	332	71	398	114	498	113	501	131	534	121
6	187	9	196	10	204	24	249	25	254	26	256	56	359	64	385	70	350	54	348	60	367	58	333	51	334	62
11	183	5	180	4
164	206	10	196	9	187	6	187	9	182	5	175	2	169	1	167	0	167	1	172	149	574	147	571	146	565	144
136	554	129	521	118	465	106	467	122	535	131	557	132
112	472	107	474	121	534	131	557	132
25	205	10	201	11	208	13	208	11	210	16	176	2	169	1	172	149	574	147	571	146	406	74	405	144
131	535	122	467	106	466	120	527	125	517	117	239	21	232	20	213	12	212	14	218	16	176	2
55	352	61	363	57	366	117	516	119	524	138
91	440	89	441	150	441	89	424	84	425	90	422	83
16	216	13	211	12	214	22	241	23	247	57	363	61
142	507	114	505	131	534	121	474	107	477	134	487	110
139	483	109	484	140	562	138	457	99
62	338	52	330	50	332	71	398	114	498	113	501	131	534	121	474	107	477	134	560	139
62	334	51	336	66	375	60	351	55	352	61	363	57	247	23	241	22	214	12	198	9	182	5	175	2
16	216	13	211	12	202	10	204	24	251	56	359	64
82	420	81	418	80
6	187	9	182	5	175	2	169	1	167	0	168	143
74	405	144	410	76
157	579	151	577	152	580	155
132	502	113	499	122	467	106	465	118	521	129	554	136
164	253	24	250	26	256	56	359	64	353	55	351	60	376	68	376	60	367	58	368	62
109	482	136	519	117	366	57	363	61
53	340	54	346	55	354	69	394	120	530	136
136	530	120	394	69	393	115	401	72	400	114
62	334	51	333	58	341	53	343	65	386	70	360	56	361	159	588	165
139	483	109	484	140	562	138	457	99	450	96
16	210	11	201	10	206	164	601	165	598	162	298	38	288	34
26	246	23	247	57	364	64	385	70	350	54	348	60	367	58	333	51	334	62
34	276	32	275	33	284	41	304	53	341	58	368	62
148	569	145	225	17	179	3	173	2	175	5	182	9	196	10	205	25	254	26	250	24	250	26	246	23	247	57	364	64	385	70	350	54	340	53	344	93	444	105	461	101
16	219	15	220	19	229	20	232	21	239	117	516	119	525	140	553	128	481	109	478	110
62	334	51	333	58	341	53	343	65	305	41	291	36
136	545	125	527	120	531	141	515	116	508	115	401	72	392	68	376	60	367	58	368	62
104	384	63	342	53	340	54	346	55	352	61
19	229	20	232	21	237	23	247	57	363	61
61	378	64	353	55	346	54	340	53	342	63	372	59	373	101
78	411	77	301	39	278	32	276	34	287	37	295	38	298	162	599	166	594	160	591	163	200	9	197	11	210	16
101	373	59	371	62	368	58	347	54	346	55
44	303	41	306	70	360	56	362	161	595	164	206	10	201	11	210	16
101	460	104	384	63	342	53	310	44
34	265	30	268	86	432	92
62	338	52	330	50	332	71	397	72	399	113	499	122	467	106	469	129
92	438	88	439	166	597	161	257	26	246	23	248	117	519	136
2	175	5	183	11	207	12	214	22	241	23	247	57	363	61	352	55	351	60	376	68	376	60	367	58	368	62
30	265	34	287	37	295	38	298	162	599	166	594	160	591	163	200	9	197	11
118	523	139	489	110	478	109	479	111	456	99	453	97	316	45	313	46
121	534	131	557	132	558	142	339	52	338	62
2	169	1	172	149	574	147	571	146	563	143	409	76
99	456	111	479	109	478	110	488	135	497	112	495	130	533	121	534	131	557	132	558	142	339	52	338	62
125	527	120	526	124	541	137	538	123	402	72	377	60	367	58	368	62
6	187	9	199	27	181	4	174	2	176	16	219	15	220	19	229	20	232	21	239	117	516	119	525	140	561	136
141	357	55	346	54	349	65	305	41	284	33	275	32
134	471	106	470	133	559	137	538	123	402	72	377	60	367	58	368	62
16	219	15	220	19	229	20	232	21	239	117	516	119	525	140	484	109	483	139
2	175	5	182	9	196	10	204	24	244	23	247	57	364	64	385	70	350	54	347	58	333	51	334	62
131	501	113	500	123	511	116	515	141	357	55	353	64	359	56	256	26	257	161	596	165
118	465	106	467	122	537	137	538	123	402	72	377	60	367	58	368	62
144	404	73	328	49	327	48	323	47	325	97	234	20
136	530	120	531	141	515	116	508	115	401	72	377	60	367	58	368	62
97	448	96	449	98	317	45	313	46	320	48	320	46	322	148	322	46	320	48	327	49	329	76	410	144	404	73
136	519	117	366	57	364	64	359	56	292	36	259	28	258	31	272	34
61	378	64	353	55	346	54	340	53	342	63	372	59	373	101
26	246	23	248	117	517	125	544	129	521	118
144	404	73	328	49	327	48	320	46	322	148	322	46	320	48	323	47	326	98	449	96	451	100	458	111	479	109	478	110
2	175	5	185	27	199	9	187	6	186	7	193	163	591	160	594	166	599	162	587	159	294	36	259	28	261	40	283	33	284	41	303	44
16	210	11	197	9	194	8	194	9	200	163	591	160	594	166	599	162	298	38	288	34
99	235	20	232	21	237	23	247	57	365	69
34	265	30	268	86	432	92	436	87	435	91	428	85	429	154	581	153	578	151	577	152	580	155	584	158
62	371	59	374	104	460	101
136	545	125	517	117	239	21	236	22	203	10	195	8	194	9	200	163
148	569	145	570	149	172	1	167	0	167	1	169	2	175	5	182	9	187	6	186	7	190	83	422	90	437	88	438	92
125	527	120	394	69	379	61	378	64	359	56	292	36	259	28	258	31	272	34
62	334	51	333	58	341	53	304	41	291	36	259	28
101	460	104	384	63	335	51	337	67	331	50	332	71	398	114	498	113	501	131	534	121	474	107	477	134	487	110
64	364	57	366	117	519	136	482	109
16	210	11	201	10	204	24	244	23	247	57	364	64	385	70	350	54	340	53	344	93	444	105	461	101
125	527	120	394	69	393	115	509	123	402	72	377	60	367	58	368	62
99	238	21	237	23	247	57	363	61	352	55
34	276	32	278	39	299	42	307	44	312	94	345	53	344	93	383	63	382	62	338	52	339	142
132	502	113	503	137	514	116	515	141	531	120	527	125	517	117	239	21	232	20	213	12	212	14	218	16
125	517	117	366	57	363	61
34	286	35	262	29	262	35	266	30	268	86	426	85
165	588	159	361	56	358	57	363	61
55	354	69	394	120	529	129	550	128	481	109	478	110
62	338	52	330	50	332	71	391	68	392	72	401	115	508	116	515	141	531	120	527	125	517	117	239	21	232	20
11	208	13	215	14	217	15	220	19	229	20	232	21	240	138
65	386	70	360	56	251	24	253	164	206	10	202	12	213	20
109	481	128	550	129	521	118	465	106	467	122	535	131
110	478	109	482	136	545	125	543	127	395	69	379	61	378	64	359	56	292	36	290	40	274	31	272	34
62	338	52	339	142	507	114	505	131
36	292	56	359	64	353	55	346	54	346	55	351	60	367	58	368	62
136	561	140	562	138	457	99	453	97
155	580	152	577	151	578	153	582	156	576	150	441	89	440	91	435	87	436	92	432	86	268	30	265	34
165	588	159	361	56	359	64	353	55	354	69	396	141	542	124	468	106	465	118
165	596	161	257	26	246	23	248	117	519	136	482	109
118	465	106	466	120	394	69	379	61
36	292	56	359	64	353	55	354	69	395	127	543	125	545	136	554	129	521	118
119	516	117	518	127	395	69	354	55	353	64	385	70	306	41	302	42	308	77	411	78
144	404	73	328	49	327	48	320	46	322	148	322	46	320	48	320	46	313	45	316	97	234	20	232	21	237	23	247	57	363	61	352	55
34	276	32	278	39	301	77	411	78
141	357	55	346	54	347	58	368	62
26	246	23	247	57	363	61	352	55	351	60	376	68	376	60	367	58	368	62
53	340	54	346	55	354	69	395	127	543	125	545	136	561	140	562	138
33	271	31	270	32	277	35	262	29
134	471	106	467	122	537	137	503	113	399	72	392	68
157	583	153	582	156	576	150	441	89	440	91	435	87	436	92	432	86	268	30	265	34
8	195	10	206	164	206	10	203	22	241	23	248	117	517	125	545	136	551	128	481	109	478	110
33	282	39	301	77	412	82
55	356	115	508	116	512	124	468	106	464	107	477	134	560	139
82	412	77	411	78	411	77	301	39	282	33
62	338	52	339	142	558	132	557	131	535	122	467	106	465	118	521	129	550	128	481	109
132	557	131	534	121	474	107	477	134	487	110
34	287	37	295	38	298	162	599	166	594	160	591	163
33	282	39	301	77	412	82
95	442	93	344	53	304	41	284	33
62	338	52	330	50	332	71	397	72	401	115	393	69	394	120	527	125
125	517	117	239	21	236	22	203	10	195	8	194	9	200	163
20	232	21	239	117	517	125	527	120	531	141	515	116	508	115	356	55	346	54	347	58	368	62
56	292	36	281	33
110	485	112	495	130	533	121	534	131	557	132	558	142	339	52	338	62
34	272	31	258	28	259	36	292	56	358	57	363	61
26	246	23	248	117	519	136	551	128
80	414	79	413	78	413	79	311	44	310	53	341	58	368	62
92	432	86	268	30	265	34
70	355	55	354	69	394	120	529	129	550	128
55	354	69	394	120	530	136
62	371	59	374	104	460	101
82	412	77	411	78	411	77	308	42	302	41	305	65	349	54	346	55	356	115	508	116	512	124	468	106	465	118
62	334	51	336	66	375	60	351	55	352	61	363	57	247	23	241	22	203	10	195	8
16	219	15	220	19	229	20	232	21	239	117	518	127	549	141
55	346	54	349	65	305	41	303	44	311	79	413	78	411	77	412	82
16	176	2	169	1	167	0	168	143	408	75	407	76	410	144	405	74
62	334	51	336	66	375	60	351	55	352	61	363	57	247	23	241	22	214	12	207	11	210	16
132	502	113	503	137	514	116	515	141	531	120	527	125	517	117	239	21	232	20	213	12	212	14	218	16	176	2
144	404	73	328	49	327	48	320	46	322	148	322	46	320	48	323	47	326	98	449	96	451	100	458	111	479	109	478	110	488	135	488	110	488	135	497	112	495	130	533	121
33	284	41	304	53	342	63	384	104
44	303	41	291	36	292	56	358	57	366	117	517	125
96	448	97	234	20
46	313	45	316	97	453	99	457	138	562	140	561	136
92	436	87	435	91	440	89	441	150	576	156	582	153	583	157
78	411	77	301	39	278	32	276	34	287	37	295	38	298	162	599	166	594	160	591	163	200	9	194	8	194	9	197	11	210	16	221	17	225	145	569	148
2	175	5	182	9	196	10	203	22
82	412	77	411	78	411	77	308	42	302	41	305	65	349	54	346	55	357	141
34	287	37	295	38	298	162	587	159	586	161	595	164	255	25	243	22	233	20	234	97	448	96
147	564	143	408	75
34	272	31	274	40	290	36	292	56	358	57	365	69
21	237	23	247	57	363	61	352	55
160	593	165	598	162	587	159	294	36	259	28	261	40	283	33	284	41
92	436	87	435	91	440	89	441	150	576	156	582	153	583	157
110	478	109	479	111	458	100	451	96	449	98	326	47	323	48	327	49	328	73	404	144
34	272	31	274	40	290	36	292	56	359	64	353	55	354	69	394	120	530	136
95	442	93	344	53	343	65	386	70	360	56	362	161	595	164	255	25	205	10	202	12	198	9	182	5	175	2
139	483	109	484	140	525	119	516	117	239	21	232	20	213	12	198	9	194	8
33	283	40	261	28	259	36	294	159	589	166	594	160	591	163	193	7	186	6
136	530	120	531	141	515	116	508	115	356	55	346	54	347	58	368	62
99	457	138	562	140	546	125
110	478	109	482	136	545	125	517	117	239	21	236	22	203	10
82	412	77	411	78
61	378	64	385	70	306	41	302	42	308	77	411	78	413	79	414	80
132	557	131	534	121	533	130	495	112	497	135	488	110	478	109	479	111	456	99
46	313	45	315	96	450	99
157	583	153	582	156	576	150	441	89	440	91	435	87	436	92	432	86	268	30	265	34	276	32
139	523	118	465	106	468	124	512	116	508	115	356	55	346	54	349	65	305	41	302	42	308	77	411	78	411	77	412	82
2	175	5	182	9	196	10	204	24	244	23	247	57	364	64	385	70	350	54	348	60	367	58	333	51	334	62
110	485	112	495	130	556	131	557	132	558	142	339	52	338	62	368	58	341	53	304	41	291	36	294	159	589	166	439	88	437	90	425	84	191	7	189	9	196	10	204	24	251	56	360	70	350	54	347	58	368	62
16	219	15	220	19	229	20	232	21	239	117	516	119	525	140	553	128	481	109	478	110
2	175	5	182	9	196	10	206	164
62	338	52	330	50	332	71	398	114	498	113	501	131	534	121	474	107	477	134	487	110
99	453	97	231	19	222	16	210	11	197	9	194	8
55	352	61	363	57	247	23	241	22	233	20
33	282	39	301	77	412	82
109	484	140	525	119	516	117	239	21	232	20	213	12	212	14	218	16
97	448	96	315	45	313	46	320	48	320	46	322	148	322	46	320	48	327	49	328	73	403	76
104	374	59	371	62	338	52	330	50	332	71	398	114	498	113	501	131	534	121	474	107	477	134	487	110
53	340	54	346	55	357	141
29	262	35	266	30	268	86	426	85	426	86	432	92
64	353	55	346	54	340	53	344	93	444	105	461	101
34	272	31	274	40	290	36	292	56	359	64	353	55	354	69	394	120	527	125
33	271	31	272	34	265	30	268	86	432	92
101	460	104	384	63	335	51	337	67	331	50	332	71	391	68	392	72	401	115	508	116	515	141	531	120	527	125	517	117	239	21	232	20
118	465	106	470	133	559	137	538	123	402	72	377	60	367	58	368	62
2	177	17	223	18	227	45	313	46
41	304	53	341	58	368	62
16	210	11	197	9	200	163
61	352	55	346	54	340	53	344	93	444	105	461	101
139	483	109	482	136	545	125	543	127	395	69	354	55	353	64	359	56	292	36	259	28	258	31	272	34
144	404	73	328	49	327	48	320	46	322	148	322	46	320	48	320	46	313	45	316	97	234	20	233	22
22	236	21	239	117	517	125	527	120	531	141	515	116	514	137	503	113	502	132
163	200	9	194	8	195	10	203	22	236	21	239	117	517	125	544	129
99	457	138	562	140	561	136	545	125	527	120	531	141
92	438	88	439	166	597	161	257	26	246	23	248	117	517	125	545	136	551	128	552	139
110	478	109	484	140	525	119	516	117	239	21	232	20	213	12	212	14	218	16	176	2
6	187	9	198	12	213	20
125	517	117	239	21	232	20	213	12	212	14	218	16
80	414	79	413	78	411	77	301	39	278	32	276	34	287	37	295	38	298	162	587	159	586	161	595	164	206	10	203	22
70	350	54	347	58	333	51	334	62
160	591	163	200	9	194	8
136	519	117	248	23	245	25	255	164	601	165
2	175	5	183	11	207	12	202	10	204	24	251	56	359	64	353	55	351	60	376	68	376	60	367	58	368	62
20	233	22	243	25	255	164	595	161	586	159	587	162	587	159	294	36	281	33
8	195	10	206	164	601	165
92	432	86	268	30	265	34	272	31	271	33
165	588	159	361	56	358	57	365	69	394	120	466	106	471	134
16	210	11	197	9	194	8	194	9	200	163	591	160	594	166	599	162	298	38	288	34
62	371	59	374	104	463	105	447	95	445	94	417	79	413	78
134	477	107	474	121	534	131	557	132	558	142	339	52	338	62
141	357	55	353	64	359	56	251	24	204	10	195	8	194	9	187	6
101	461	105	444	93	344	53	340	54	346	55	352	61	363	57	247	23	241	22
20	232	21	239	117	516	119	525	140	553	128	481	109	478	110
106	465	118	521	129	554	136	561	140	525	119	516	117	239	21	232	20	213	12	212	14	218	16
28	258	31	272	34
2	176	16	219	15	220	19	229	20	232	21	239	117	517	125	527	120	531	141	515	116	514	137	503	113	502	132
99	450	96	315	45	313	46	320	48	320	46	322	148	322	46	320	48	327	49	328	73	404	144
33	281	36	293	70	350	54	348	60	377	72	399	113	501	131
20	232	21	237	23	247	57	363	61	352	55
165	588	159	294	36	259	28	261	40	283	33	285	42	302	41	304	53	341	58	368	62
62	338	52	330	50	332	71	397	72	401	115	508	116	515	141	531	120	527	125
144	405	74	406	146	571	147	568	145	225	17	179	3	173	2
165	588	159	361	56	358	57	366	117	516	119	525	140
46	313	45	316	97	453	99	457	138	524	119
155	580	152	577	151	578	153	582	156	576	150	441	89	440	91	435	87	436	92	438	88	439	166	603	165
62	371	59	374	104	460	101
22	243	25	249	24	252	161	586	159	587	162	587	159	294	36	259	28	261	40	283	33	282	39	301	77	411	78
34	272	31	274	40	290	36	293	70	355	55	357	141	542	124
62	338	52	330	50	332	71	398	114	498	113	501	131	534	121	474	107	477	134	487	110
20	233	22	243	25	255	164	595	161	586	159	587	162	298	38	288	34
105	444	93	344	53	304	41	284	33	271	31	272	34
55	354	69	394	120	530	136	482	109
34	276	32	278	39	299	42	307	44	312	94	345	53	344	93	383	63	382	62
165	598	162	587	159	294	36	259	28	261	40	283	33	284	41	303	44	312	94	445	95
101	460	104	384	63	382	62	338	52	330	50	332	71	397	72	401	115	393	69	394	120	530	136
121	532	122	467	106	466	120	394	69	365	57
16	216	13	211	12	214	22	241	23	247	57	363	61
2	175	5	182	9	196	10	203	22
25	254	26	256	56	359	64	385	70	350	54	340	53	344	93	444	105	461	101
62	338	52	339	142	558	132
2	177	17	223	18	227	45	313	46
142	339	52	338	62	334	51	333	58	341	53	304	41	284	33	275	32
32	276	34	265	30	268	86	432	92	436	87	435	91	440	89	441	150	576	156	582	153	583	157
130	495	112	496	134	560	139	489	110	478	109	479	111	456	99
95	442	93	344	53	340	54	346	55
163	200	9	194	8	195	10	204	24	249	25	254	26
2	176	16	219	15	220	19	229	20	232	21	239	117	517	125	527	120	466	106	467	122	535	131
157	583	153	582	156	576	150	441	89	440	91	435	87	436	92	432	86	432	92
26	256	56	360	70	350	54	348	60	367	58	333	51	334	62
165	603	166	439	88	438	92	436	87	435	91	428	85	429	154	581	153	578	151	577	152	580	155
110	485	112	495	130	556	131	557	132	558	142	339	52	338	62
110	478	109	484	140	525	119	516	117	239	21	236	22	203	10	195	8
22	241	23	247	57	363	61	352	55	346	54	340	53	344	93	442	95
155	580	152	577	151	578	153	582	156	576	150	441	89	440	91	435	87	436	92	432	86	268	30	265	34
33	284	41	303	44	312	94	445	95
95	442	93	344	53	340	54	346	55	352	61	363	57	247	23	241	22
2	175	5	182	9	194	8	195	10	203	22	236	21	239	117
95	442	93	383	63	382	62
118	521	129	554	136	545	125	517	117	248	23	244	24	252	161	597	166	439	88	421	83
97	448	96	324	47	323	48	320	46	322	148	322	46	320	48	327	49	328	73	404	144
20	232	21	239	117	517	125	527	120	531	141	515	116	508	115	356	55	346	54	347	58	368	62
62	338	52	330	50	332	71	397	72	402	123	538	137	537	122	467	106	465	118
62	334	51	333	58	341	53	304	41	284	33
22	243	25	249	24	252	161	586	159	587	162	587	159	294	36	259	28	261	40	283	33	284	41	303	44
78	411	77	412	82
136	519	117	518	127	395	69	354	55	353	64	385	70	306	41	303	44
33	271	31	258	28	259	36	294	159	586	161	595	164	206	10	195	8	194	9	197	11	210	16	176	2	169	1	172	149	574	147	571	146	406	74	405	144
81	420	82	420	81	415	79	413	78
109	481	128	551	136	545	125	543	127	395	69	354	55	353	64
61	379	69	394	120	466	106	465	118
55	353	64	359	56	251	24	204	10	196	9	182	5	175	2
2	176	16	219	15	220	19	229	20	232	21	239	117	516	119	525	140	561	136
154	581	153	578	151	577	152	580	155
110	487	134	522	118	465	106	470	133	559	137	538	123	402	72	392	68	389	67	337	51	334	62	371	59	374	104	460	101
78	411	77	301	39	278	32	276	34
78	413	79	311	44
121	533	130	495	112	497	135	488	110	478	109	479	111	456	99	453	97	316	45	313	46	322	148
62	334	51	333	58	341	53	310	44	307	42	299	39	278	32	276	34
157	583	153	582	156	576	150	441	89	440	91	435	87	436	92	438	88	439	166	603	165	588	159	361	56	358	57	366	117	519	136
128	551	136	519	117	366	57	364	64	385	70	306	41	302	42	308	77	411	78
121	532	122	467	106	466	120	394	69	365	57	247	23	241	22
8	195	10	206	164	206	10	205	25	254	26	246	23	247	57	364	64	385	70	350	54	347	58	333	51	334	62
82	412	77	411	78	411	77	308	42	302	41	306	70	355	55	352	61
68	376	60	351	55	354	69	394	120	530	136
11	208	13	215	14	217	15	220	19	229	20	232	21	240	138
8	194	9	200	163	591	160	594	166	599	162	587	159	294	36	259	28	261	40	283	33	282	39	299	42	308	77	411	78
132	558	142	339	52	338	62	371	59	374	104	443	93	442	95
95	442	93	383	63	382	62	338	52	330	50	332	71	398	114	498	113	499	122	475	107	472	112	495	130
121	474	107	477	134	560	139	483	109	484	140	525	119	516	117	239	21	232	20	213	12	212	14	218	16	176	2
11	209	14	217	15	220	19	229	20	232	21	239	117	516	119	525	140	484	109	481	128	552	139	560	134	477	107	474	121
83	422	90	437	88	438	92	432	86	268	30	265	34
142	339	52	338	62	334	51	333	58	341	53	304	41	284	33
64	359	56	292	36	259	28	258	31	272	34
112	472	107	464	106	465	118	521	129	554	136	545	125	517	117	239	21	236	22
151	579	157
60	367	58	368	62	338	52	339	142
139	523	118	465	106	468	124	512	116	508	115	356	55	346	54	349	65	305	41	302	42	308	77	411	78
8	194	9	200	163	591	160	594	166	599	162	298	38	288	34
26	256	56	360	70	350	54	348	60	367	58	333	51	334	62
78	411	77	308	42	302	41	305	65	349	54	346	55	357	141
101	460	104	384	63	342	53	304	41	284	33	283	40	261	28	259	36	294	159	588	165
110	485	112	495	130	533	121	534	131	557	132	558	142	339	52
153	582	156	576	150	441	89	440	91	435	87	436	92	438	88	439	166	597	161	362	56	359	64	353	55
101	460	104	384	63	342	53	340	54	346	55	352	61
101	373	59	372	63	335	51	337	67	331	50	332	71	397	72	401	115	510	141
99	450	96	315	45	318	145	570	149
22	214	12	211	13	208	11	210	16	221	17	225	145	569	148
61	363	57	247	23	241	22	214	12	211	13	208	11	210	16	176	2	169	1	172	149	574	147	571	146	565	144
118	465	106	468	124	512	116	515	141	396	69	379	61	378	64	359	56	292	36	290	40	274	31	272	34
20	232	21	239	117	517	125	527	120	531	141	515	116	508	115	401	72	392	68	389	67	337	51	334	62
104	384	63	335	51	336	66
92	438	88	437	90	422	83	190	7	186	6	187	9	199	27	181	4	174	2	176	16
2	176	16	219	15	220	19	229	20	232	21	239	117	517	125	527	120	531	141	515	116	514	137	503	113	502	132
62	334	51	333	58	341	53	304	41	284	33	282	39	278	32	276	34	265	30
101	460	104	374	59	371	62
125	517	117	239	21	232	20	213	12	212	14	218	16	221	17	225	145	569	148
101	461	105	444	93	344	53	340	54	346	55	352	61	363	57	247	23	241	22
78	411	77	308	42	302	41
36	292	56	362	161	597	166	439	88	438	92
33	281	36	292	56	359	64	378	61	379	69	395	127	543	125	545	136	551	128	552	139
34	265	30	268	86	432	92	438	88	437	90	422	83
62	334	51	333	58	341	53	304	41	302	42	285	33	271	31	272	34
92	438	88	437	90	422	83
118	465	106	466	120	394	69	354	55	346	54	347	58	368	62
62	338	52	330	50	330	52	339	142	558	132	557	131	535	122	467	106	465	118
2	175	5	183	11	207	12	202	10	204	24	251	56	359	64	353	55
49	327	48	320	46	322	148	569	145	570	149	172	1	170	3	173	2
95	442	93	383	63	335	51	337	67	331	50	332	71	397	72
20	232	21	237	23	247	57	363	61
73	328	49	327	48	320	46
101	373	59	371	62
104	384	63	342	53	340	54	346	55	352	61
44	303	41	306	70	360	56	362	161	595	164	206	10	195	8	194	9	197	11	210	16
61	380	115	401	72	399	113	502	132
165	593	160	591	163
99	235	20	213	12	212	14	218	16	176	2
134	471	106	468	124	512	116	508	115	356	55	346	54	350	70	293	36	259	28	258	31	273	37
62	334	51	333	58	341	53	310	44	307	42	299	39	278	32	276	34	265	30	268	86	432	92	438	88	437	90	425	84	424	89	441	150	576	156	582	153	583	157
2	169	1	172	149	570	145	567	146	565	144
78	411	77	308	42	302	41	306	70	385	64	353	55	354	69	365	57	366	117	520	140
16	221	17	223	18	227	45	315	96
2	175	5	182	9	194	8	195	10	206	164	601	165	598	162	587	159	294	36	281	33
78	413	79	311	44	310	53	342	63	382	62	338	52	330	50	330	52	339	142	507	114	505	131
165	588	159	361	56	359	64	353	55	354	69	396	141	515	116	513	133	536	122	532	121
125	543	127	395	69	354	55	353	64	385	70	306	41	302	42	308	77	411	78
34	276	32	278	39	299	42	307	44	310	53	344	93	444	105	461	101
61	380	115	401	72	399	113	501	131
62	338	52	330	50	330	52	339	142	558	132
68	392	72	402	123	538	137	537	122	467	106	471	134
33	281	36	292	56	358	57	366	117	519	136
118	521	129	554	136	545	125	517	117	248	23	245	25	249	24	252	161	596	165	603	166	439	88	438	92	436	87	435	91	440	89	441	150	576	156	582	153	583	157
163	591	160	590	161	362	56	359	64	353	55
34	287	37	295	38	298	162	587	159	586	161	595	164	206	10	203	22
22	241	23	247	57	363	61	352	55	351	60	367	58	368	62
142	507	114	498	113	499	122	467	106	465	118
97	448	96	324	47	323	48	327	49
134	471	106	470	133	559	137	538	123	402	72	377	60	367	58	368	62
95	442	93	344	53	340	54	346	55	354	69	394	120	530	136
53	343	65	386	70	360	56	359	64	359	56	256	26
8	194	9	200	163	423	83	422	90	425	84	424	89	441	150	576	156	582	153	583	157
99	450	96	315	45	313	46	320	48	320	46	322	148	566	144
20	213	12	202	10	206	164	595	161	586	159	587	162	587	159	294	36	281	33
95	442	93	344	53	340	54	346	55	354	69	395	127	543	125	545	136	482	109
139	523	118	465	106	467	122	535	131	557	132	558	142	339	52	338	62
132	502	113	399	72	401	115	380	61
99	450	96	315	45	313	46	320	48	320	46	322	148	322	46	320	48	327	49	329	76	403	73	404	144	405	74
121	532	122	536	133	513	116	508	115	356	55	346	54	349	65	305	41	302	42	308	77	411	78
61	363	57	247	23	245	25	249	24	252	161	597	166	439	88	438	92
138	240	21	232	20	213	12	212	14	209	11
78	413	79	417	94	345	53	344	93	383	63	382	62
22	241	23	247	57	363	61	352	55	346	54	340	53	344	93	444	105	461	101
132	558	142	339	52	338	62
82	412	77	411	78	413	79	417	94	345	53	344	93	383	63	382	62
33	271	31	258	28	259	36	294	159	586	161	595	164	253	24	242	22	214	12	198	9	182	5	175	2
12	214	22	241	23	247	57	365	69	396	141	510	115	401	72	399	113	502	132
144	404	73	328	49	327	48	320	46	313	45	316	97	234	20	232	21	237	23	247	57	363	61
62	338	52	330	50	332	71	397	72	401	115	393	69	394	120	527	125
139	483	109	479	111	492	138	457	99
34	287	37	295	38	298	162	599	166	594	160	591	163	200	9	194	8	194	9	197	11	183	5	175	2
2	177	17	223	18	226	19	231	97
22	241	23	247	57	363	61	352	55	346	54	340	53	344	93	444	105	461	101
165	598	162	433	86	432	92
46	313	45	316	97	453	99	457	138	562	140	561	136
154	429	85	428	91	435	87	436	92
22	241	23	247	57	363	61	352	55	351	60	376	68	376	60	367	58	368	62
8	194	9	200	163	591	160	594	166	599	162	298	38	288	34
75	408	143	563	146	565	144	566	148	322	46
20	233	22	243	25	255	164	595	161	596	165	598	162	433	86	432	92
157	579	151	577	152	580	155
93	383	63	382	62
33	271	31	258	28	259	36	294	159	586	161	595	164	255	25	243	22	233	20	234	97
2	175	5	183	11	207	12	214	22	241	23	247	57	363	61	352	55	351	60	376	68	376	60	367	58	368	62
128	551	136	519	117	248	23	245	25	249	24	252	161	597	166	439	88	421	83
141	357	55	353	64	359	56	256	26	257	161	596	165
144	405	74	406	146	571	147	574	149	172	1	170	3	173	2	175	5	182	9	196	10	205	25	254	26	256	56	359	64	385	70	350	54	348	60	367	58	333	51	334	62
34	287	37	295	38	298	162	599	166	594	160	591	163	200	9	194	8	194	9	197	11	210	16	176	2	169	1	172	149	570	145	567	146	565	144
41	284	33	283	40	261	28	259	36	294	159	588	165	593	160
33	285	42	302	41	304	53	341	58	333	51	337	67	331	50	330	52	339	142	558	132
62	338	52	330	50	332	71	397	72	401	115	393	69	394	120	530	136
56	251	24	204	10	196	9	182	5	175	2
44	310	53	340	54	348	60	376	68
117	519	136	551	128	552	139	489	110	485	112
2	176	16	219	15	220	19	229	20	232	21	239	117	516	119	525	140	553	128
78	411	77	412	82	420	81
134	560	139	483	109	484	140	525	119	516	117	239	21	232	20	213	12	212	14	218	16
164	253	24	250	26	246	23	248	117	517	125	527	120	466	106	464	107	474	121
157	579	151
62	334	51	336	66	375	60	351	55	352	61	363	57	247	23	241	22	214	12	211	13	208	11	210	16	176	2	169	1	172	149	570	145	567	146	565	144
62	334	51	333	58	341	53	343	65	386	70	360	56	361	159	588	165
55	352	61	363	57	247	23	241	22	214	12	198	9	182	5	175	2
165	588	159	294	36	259	28	261	40	283	33	284	41	303	44	312	94	445	95
2	176	16	219	15	220	19	229	20	232	21	239	117	516	119	525	140	484	109	483	139
76	410	144
61	378	64	385	70	350	54	340	53	344	93	444	105	461	101
34	276	32	278	39	299	42	307	44	312	94	345	53	344	93	383	63	382	62
78	413	79	311	44	310	53	341	58	368	62
61	379	69	395	127	543	125	517	117	516	119
125	527	120	526	124	512	116	514	137	538	123	402	72	392	68	389	67	337	51	334	62	371	59	374	104	460	101
110	478	109	484	140	525	119	516	117	239	21	232	20	213	12	212	14	218	16
30	265	34
16	210	11	197	9	194	8	195	10	206	164	601	165	588	159	294	36	281	33
34	272	31	274	40	290	36	292	56	359	64	353	55	354	69	395	127	543	125	545	136	551	128	552	139
55	356	115	508	116	512	124	468	106	464	107	477	134	560	139
149	172	1	169	2	175	5	182	9	187	6
101	460	104	463	105	444	93	344	53	343	65	386	70	360	56	362	161	595	164	206	10	195	8	194	9	197	11	210	16
22	214	12	211	13	208	11	210	16	176	2	169	1	172	149	574	147	571	146	406	74	405	144
22	203	10	195	8	194	9	187	6
16	216	13	211	12	202	10	204	24	251	56	359	64
33	284	41	304	53	341	58	368	62	338	52
164	206	10	201	11	210	16	221	17	225	145	569	148
55	346	54	340	53	344	93	444	105	461	101
53	340	54	346	55	353	64	359	56	251	24	204	10	195	8
110	485	112	495	130	533	121	534	131	557	132	558	142	339	52	338	62
81	420	82	420	81	415	79	413	78
95	442	93	383	63	335	51	337	67	331	50	330	52	339	142	558	132
33	281	36	293	70	350	54	346	55	356	115	508	116	513	133	536	122	532	121
139	523	118	465	106	467	122	535	131	557	132	558	142	339	52	338	62
139	483	109	484	140	525	119	516	117	239	21	232	20	213	12	212	14	218	16
97	453	99	456	111	479	109	478	110	488	135	488	110	488	135	497	112	495	130	533	121	534	131	557	132	558	142	339	52	338	62
118	523	139	489	110	478	109	479	111	456	99	453	97	316	45	313	46	320	48	320	46	322	148	566	144
78	411	77	301	39	278	32	276	34	287	37	295	38	298	162	599	166	594	160	591	163	200	9	194	8
16	221	17	225	145	569	148	322	46	320	48	327	49	329	76	410	144	405	74
95	442	93	344	53	343	65	386	70	360	56	362	161	595	164	206	10	201	11
163	591	160	593	165
80	414	79	413	78	411	77	308	42	302	41	306	70	385	64	364	57	366	117	519	136
92	436	87	435	91	428	85	429	154	581	153	578	151	577	152	580	155
99	456	111	479	109	478	110	488	135	497	112	495	130	533	121	534	131
62	334	51	333	58	341	53	304	41	284	33
118	521	129	554	136	561	140	525	119	516	117	239	21	232	20	213	12	212	14	218	16	176	2
2	175	5	182	9	194	8	195	10	206	164	601	165	598	162	587	159	294	36
20	232	21	240	138
125	543	127	395	69	354	55	353	64	359	56	292	36	259	28	258	31	272	34
34	276	32	278	39	301	77	411	78
125	517	117	248	23	245	25	249	24	252	161	596	165	598	162	433	86	432	92
139	523	118	465	106	470	133	559	137	538	123	402	72	392	68	376	60	367	58	368	62
3	178	16	219	15	220	19	229	20	232	21	239	117	517	125
33	282	39	301	77	412	82
118	465	106	468	124	512	116	508	115	356	55	346	54	349	65	305	41	302	42	308	77	411	78
136	519	117	516	119	516	117	239	21	236	22	203	10	195	8
44	303	41	306	70	385	64	378	61	379	69	395	127	543	125	545	136	551	128	481	109	478	110
55	351	60	377	72	399	113	502	132
82	412	77	411	78
61	363	57	247	23	241	22	214	12	207	11	210	16
44	307	42	299	39	278	32	276	34	265	30	268	86	432	92
22	214	12	211	13	208	11	210	16	221	17	225	145	569	148
20	229	19	230	45	313	46
11	201	10	206	164	601	165
9	187	6	187	9	182	5	175	2	169	1	167	0	167	1	172	149	574	147	571	146	406	74	405	144
144	404	73	328	49	327	48	320	46	322	148	322	46	320	48	320	46	313	45	316	97	234	20	233	22
132	558	142	339	52	330	50	331	67	337	51	333	58	341	53	304	41	284	33
136	561	140	525	119	516	117	239	21	232	20	213	12	212	14	218	16
8	195	10	206	164	601	165	598	162	298	38	288	34
144	565	146	571	147	574	149	172	1	170	3	173	2	175	5	182	9	196	10	205	25	254	26	256	56	359	64	385	70	350	54	340	53	344	93	444	105	461	101
8	194	9	187	6	187	9	182	5	175	2	169	1	167	0	167	1	172	149	574	147	571	146	406	74	405	144
138	562	140	546	125	544	129	521	118
62	371	59	374	104	460	101
29	262	35	277	32	270	31	271	33
61	363	57	366	117	519	136	551	128	552	139
92	436	87	435	91	440	89	441	150	576	156	582	153	583	157
44	311	79	413	78	413	79	414	80
8	195	10	206	164	206	10	205	25	254	26	256	56	359	64	385	70	350	54	340	53	344	93	444	105	461	101
16	219	15	220	19	229	20	232	21	239	117	518	127	549	141
110	487	134	522	118	465	106	470	133	559	137	538	123	402	72	392	68	389	67	337	51	334	62	371	59	374	104	460	101
62	338	52	330	50	332	71	398	114	498	113	501	131	534	121	474	107	477	134	560	139
55	354	69	394	120	530	136	482	109
44	303	41	305	65	349	54	346	55	356	115	508	116	512	124	468	106	464	107	477	134
148	322	46	320	48	320	46	313	45	316	97	234	20
61	363	57	247	23	241	22	203	10	195	8	194	9	187	6
95	442	93	344	53	340	54	346	55	354	69	394	120	527	125
99	457	138	562	140	546	125
144	405	74	406	146	571	147	574	149	172	1	170	3	173	2
62	334	51	336	66	375	60	351	55	352	61	363	57	247	23	241	22
44	310	53	341	58	333	51	337	67	331	50	330	52	339	142	507	114	505	131
132	558	142	339	52	338	62
62	338	52	339	142	558	132	557	131	534	121	474	107	477	134	487	110
62	334	51	336	66	375	60	351	55	354	69
132	558	142	339	52	338	62	371	59	374	104	443	93	442	95
136	561	140	562	138	457	99	453	97	316	45	313	46	320	48	320	46	322	148	322	46	320	48	327	49	328	73	404	144
62	338	52	330	50	332	71	397	72	401	115	508	116	515	141	531	120	527	125
139	523	118	465	106	470	133	559	137	538	123	402	72	377	60	367	58	368	62
8	195	10	206	164	253	24	251	56
62	338	52	330	50	330	52	339	142
33	281	36	292	56	359	64	378	61	379	69	395	127	543	125	545	136	482	109
165	588	159	361	56	359	64	378	61	379	69	396	141	542	124	468	106	465	118
134	471	106	468	124	512	116	508	115	356	55	346	54	340	53	344	93	442	95
164	595	161	586	159	587	162	587	159	294	36	259	28	261	40	283	33	282	39	299	42	308	77	411	78
62	338	52	330	50	332	71	397	72	402	123	538	137	559	133	470	106	465	118
52	338	62	334	51	336	66	375	60	351	55	352	61	363	57	247	23	241	22
34	272	31	274	40	290	36	293	70	355	55	357	141
144	404	73	328	49	327	48	320	46	322	148	322	46	313	45	315	96	450	99
78	411	77	301	39	282	33
128	550	129	529	120	394	69	354	55
16	219	15	220	19	229	20	232	21	239	117	516	119	525	140	553	128
118	521	129	554	136	561	140	525	119	516	117	239	21	232	20	213	12	212	14	218	16
78	411	77	301	39	278	32	276	34	287	37	295	38	298	162	599	166	594	160	591	163	193	7	186	6	187	9	199	27	181	4	174	2
62	371	59	374	104	463	105	447	95	445	94	417	79	413	78	411	77	412	82
125	543	127	395	69	354	55	353	64	359	56	292	36	281	33
62	334	51	336	66	375	60	351	55	352	61	363	57	247	23	241	22	214	12	207	11	210	16
77	412	82	412	77	301	39	278	32	276	34	287	37	295	38	298	162	598	165
165	593	160	591	163	193	7	186	6	187	9	199	27	181	4	174	2
118	522	134	487	110	478	109	479	111	456	99	453	97	316	45	313	46
157	579	151	577	152	580	155	584	158
78	411	77	308	42	302	41	306	70	385	64	353	55	354	69	395	127	518	117	519	136	482	109
33	281	36	293	70	350	54	348	60	377	72	399	113	501	131
69	354	55	351	60	367	58	368	62
34	287	37	295	38	298	162	587	159	586	161	252	24	242	22	236	21
46	313	45	227	18	226	19	222	16	210	11	197	9	194	8	194	9	200	163	423	83
61	352	55	351	60	367	58	368	62
109	481	128	550	129	521	118	465	106	467	122	499	113	502	132
110	478	109	482	136	545	125	517	117	248	23	246	26
55	355	70	293	36	259	28	258	31	272	34
110	485	112	495	130	556	131	557	132	558	142	339	52	338	62
149	172	1	169	2	175	5	182	9	187	6
77	308	42	302	41	291	36	292	56	358	57	366	117	519	136
112	485	110	489	139	483	109	484	140	525	119	516	117	239	21	232	20	213	12	212	14	218	16
106	467	122	537	137	538	123	402	72	377	60	367	58	368	62
62	334	51	333	58	341	53	343	65	386	70	360	56
62	338	52	339	142	558	132	557	131	535	122	467	106	465	118	521	129	554	136
118	521	129	554	136	545	125	517	117	248	23	246	26
2	176	16	219	15	220	19	229	20	232	21	239	117	517	125	527	120	531	141	515	116	514	137	503	113	502	132
144	404	73	328	49	327	48	323	47	324	96	450	99
142	339	52	338	62
62	338	52	330	50	330	52	339	142	558	132	557	131	535	122	467	106	465	118
34	272	31	274	40	290	36	292	56	358	57	366	117	517	125
8	194	9	187	6
62	338	52	330	50	332	71	398	114	498	113	501	131	534	121	474	107	477	134	560	139
95	442	93	344	53	343	65	386	70	360	56	362	161	595	164	206	10	195	8	194	9	197	11	210	16
157	583	153	582	156	576	150	441	89	440	91	435	87	436	92	438	88	439	166	597	161	362	56	359	64	353	55	354	69	396	141	542	124	468	106	465	118
95	442	93	344	53	340	54	346	55	354	69	395	127	518	117	520	140
34	287	37	295	38	298	162	599	166	594	160	591	163	200	9	194	8	194	9	197	11	183	5	175	2
117	366	57	363	61	352	55	351	60	376	68	376	60	367	58	368	62
64	353	55	346	54	347	58	333	51	334	62
62	338	52	330	50	332	71	397	72	402	123	538	137	537	122	467	106	465	118
165	588	159	361	56	358	57	366	117	519	136	482	109
132	557	131	534	121	494	112
118	465	106	467	122	537	137	503	113	399	72	392	68
62	338	52	330	50	332	71	391	68	392	72	401	115	508	116	515	141	531	120	527	125	517	117	239	21	232	20
16	176	2	169	1	167	0	167	1	169	2	175	5	182	9	187	6	186	7	191	84	424	89	441	150	576	156	582	153	583	157
148	569	145	570	149	172	1	167	0	167	1	169	2	175	5	182	9	187	6	186	7	190	83	422	90	437	88	438	92
33	271	31	258	28	259	36	294	159	586	161	595	164	253	24	242	22	214	12	198	9	182	5	175	2
20	232	21	239	117	517	125	527	120	531	141	515	116	508	115	401	72	392	68	376	60	367	58	368	62
53	343	65	386	70	360	56	362	161	595	164	206	10	201	11
16	219	15	220	19	229	20	232	21	239	117	517	125	527	120	526	124
2	175	5	185	27	199	9	187	6	186	7	193	163	591	160	593	165
34	272	31	274	40	290	36	293	70	355	55
165	588	159	361	56	359	64	353	55	354	69	396	141	515	116	511	123	500	113	502	132
165	593	160	591	163	200	9	194	8	194	9	197	11	210	16	221	17	225	145	569	148
144	404	73	328	49	327	48	320	46	322	148	322	46	320	48	320	46	313	45	315	96	450	99
139	483	109	482	136	545	125	543	127	395	69	354	55	353	64	359	56	292	36	281	33
33	281	36	293	70	350	54	346	55	357	141
55	351	60	377	72	399	113	502	132
56	251	24	204	10	195	8
34	287	37	295	38	298	162	599	166	594	160	591	163	200	9	194	8	194	9	197	11	183	5	175	2
121	534	131	505	114	398	71	332	50	330	52	338	62
119	524	138	457	99	453	97	316	45	313	46	322	148
118	465	106	468	124	512	116	508	115	356	55	346	54	350	70	293	36	290	40	274	31	272	34
92	438	88	439	166	597	161	257	26	246	23	248	117	517	125
16	210	11	197	9	194	8	195	10	206	164	601	165	598	162	587	159	294	36	281	33
165	603	166	439	88	438	92	436	87	435	91	440	89	441	150	576	156	582	153	578	151	577	152	580	155
131	557	132	558	142	339	52	330	50	331	67	337	51	333	58	341	53	310	44
46	313	45	316	97	453	99	457	138	562	140	553	128
125	517	117	366	57	358	56	292	36	291	41	303	44
136	561	140	525	119	516	117	239	21	232	20	213	12	212	14	218	16	176	2	169	1	169	2	175	5	182	9	187	6
139	523	118	465	106	467	122	535	131	557	132	558	142	339	52	338	62
131	534	121	474	107	477	134	560	139
125	527	120	394	69	393	115	509	123	402	72	377	60	367	58	368	62	371	59	373	101
144	404	73	328	49	327	48	320	46	322	148	322	46	320	48	320	46	313	45	316	97	453	99	457	138	562	140	561	136
78	411	77	308	42	302	41	306	70	355	55	352	61
2	175	5	183	11	207	12	202	10	204	24	251	56	359	64	353	55
136	561	140	562	138	457	99	453	97	316	45	313	46	322	148	566	144
101	460	104	463	105	444	93	344	53	343	65	386	70	360	56	362	161	595	164	253	24	242	22	214	12	198	9	182	5	175	2
139	483	109	482	136	545	125	543	127	395	69	354	55	353	64	359	56	292	36	259	28	258	31	272	34
61	352	55	351	60	367	58	368	62
62	338	52	330	50	332	71	397	72	401	115	508	116	515	141	531	120	527	125
76	403	73	328	49	327	48	323	47	324	96	450	99
55	346	54	340	53	344	93	444	105	461	101
6	187	9	182	5	175	2	169	1	167	0	168	143	408	75
33	271	31	258	28	259	36	294	159	586	161	595	164	206	10	195	8	194	9	197	11	210	16
132	557	131	534	121	474	107	472	112
61	363	57	366	117	519	136	561	140	562	138	457	99	453	97
134	471	106	468	124	512	116	508	115	356	55	346	54	349	65	305	41	302	42	308	77	411	78	411	77	412	82
125	527	120	394	69	354	55	346	54	347	58	368	62
142	339	52	330	50	330	52	338	62
165	601	164	206	10	195	8
70	355	55	351	60	367	58	368	62
118	521	129	554	136	561	140	525	119	516	117	239	21	232	20
152	577	151	579	157
110	485	112
124	542	141	357	55	355	70	293	36	259	28	258	31	272	34
55	346	54	349	65	305	41	303	44	311	79	413	78	413	79	414	80
136	519	117	248	23	244	24	253	164
61	363	57	247	23	237	21	232	20	235	99
132	558	142	339	52	330	50	331	67	337	51	333	58	341	53	310	44	311	79	413	78
85	426	86	432	92
112	472	107	474	121	534	131	557	132
16	216	13	211	12	214	22	241	23	247	57	363	61	352	55	351	60	376	68	389	67	337	51	334	62
16	176	2	169	1	172	149	570	145	569	148
78	411	77	301	39	278	32	276	34	265	30	268	86	432	92
164	255	25	254	26	250	24	244	23	248	117	517	125	545	136	551	128	481	109	478	110
34	272	31	274	40	290	36	293	70	350	54	348	60	377	72	399	113	502	132
132	502	113	500	123	509	115	380	61	363	57	247	23	241	22	214	12
155	584	158	584	155	580	152	577	151	579	157
46	313	45	316	97	453	99	457	138	562	140	546	125
16	219	15	220	19	229	20	232	21	239	117	516	119	525	140	484	109	481	128	552	139	560	134
62	371	59	374	104	463	105	447	95	445	94	417	79	413	78
61	379	69	394	120	466	106	465	118
118	465	106	468	124	512	116	508	115	356	55	346	54	349	65	305	41	303	44	307	42	308	77	411	78	411	77	412	82
2	175	5	185	27	199	9	187	6	186	7	190	83
34	272	31	271	33	284	41
78	413	79	417	94	345	53	344	93	383	63	382	62
157	583	153	582	156	576	150	441	89	440	91	435	87	436	92	438	88	439	166	603	165	601	164	206	10	203	22
154	581	153	578	151	577	152	580	155
16	210	11	197	9	194	8	194	9	200	163	591	160	594	166	599	162	298	38	288	34	276	32	278	39	300	43	309	82
165	588	159	294	36	259	28	261	40	283	33	285	42	307	44	312	94	445	95	447	105	461	101
32	275	33	284	41	303	44	312	94	445	95	447	105	461	101
132	502	113	503	137	514	116	515	141	531	120	527	125	517	117	239	21	232	20	213	12	212	14	218	16	176	2
99	235	20	233	22	243	25	255	164	595	161	586	159	587	162	587	159	294	36	259	28	261	40	283	33	284	41	303	44
101	373	59	371	62
163	591	160	593	165
131	534	121	533	130	495	112	497	135	488	110	478	109	479	111	456	99
57	358	56	362	161	586	159	587	162	298	38	288	34
34	276	32	278	39	300	43	309	82
2	176	16	219	15	220	19	229	20	232	21	239	117	517	125	527	120	531	141	515	116	514	137	503	113	502	132
83	422	90	425	84	424	89	441	150	576	156	582	153	583	157
141	381	61	363	57	247	23	245	25
62	371	59	374	104	463	105	447	95	445	94	417	79	413	78	411	77	412	82
6	187	9	196	10	203	22
121	532	122	536	133	513	116	508	115	356	55	346	54	340	53	310	44
34	287	37	295	38	298	162	599	166	594	160	591	163	200	9	197	11	210	16
26	256	56	359	64	353	55	351	60	367	58	368	62
165	596	161	362	56	359	64	378	61	379	69	396	141	542	124	468	106	465	118
120	394	69	365	57	358	56	361	159	588	165
62	334	51	336	66	375	60	351	55	352	61	363	57	247	23	241	22	214	12	207	11	210	16
148	569	145	570	149	172	1	167	0	167	1	169	2	175	5	182	9	187	6	186	7	193	163	591	160	594	166	599	162	587	159	294	36	259	28	261	40	283	33	282	39	299	42	308	77	411	78
164	595	161	586	159	587	162	587	159	294	36	259	28	261	40	283	33	282	39	301	77	411	78
62	371	59	374	104	384	63	342	53	345	94
8	194	9	197	11	183	5	175	2
16	219	15	220	19	229	20	232	21	239	117	516	119	525	140	484	109	481	128	552	139	560	134
148	322	46	313	45	316	97	453	99	457	138	492	111	479	109
78	411	77	301	39	278	32	276	34	287	37	295	38	298	162	599	166	594	160	591	163	193	7	186	6	187	9	199	27	181	4	174	2
16	210	11	201	10	204	24	251	56	292	36	281	33
159	294	36	293	70	350	54	348	60	367	58	333	51	334	62
16	216	13	211	12	202	10	204	24	251	56	359	64	353	55	351	60	376	68	376	60	367	58	368	62
2	175	5	182	9	196	10	205	25	254	26	256	56	359	64	385	70	386	65
33	285	42	302	41	304	53	341	58	368	62
55	346	54	340	53	344	93	442	95
62	334	51	336	66	375	60	351	55	352	61	363	57	247	23	241	22	214	12	211	13	208	11	210	16	221	17	225	145	569	148
80	414	79	413	78	411	77	308	42	302	41	306	70	385	64	353	55	354	69	395	127	543	125
131	557	132	558	142	339	52	330	50	331	67	337	51	333	58	341	53	304	41	284	33
11	201	10	206	164	601	165	598	162	587	159	294	36	259	28	261	40	283	33	282	39	299	42	308	77	411	78
22	214	12	211	13	208	11	210	16	176	2	169	1	172	149	574	147	571	146	565	144
165	596	161	362	56	359	64	353	55	354	69	396	141	542	124	468	106	465	118
64	353	55	346	54	347	58	368	62
78	413	79	414	80
132	557	131	534	121	474	107	477	134	487	110
46	313	45	230	19	229	20	232	21	237	23	247	57	363	61	352	55
134	560	139	483	109	482	136	545	125	517	117	239	21	236	22
106	467	122	537	137	538	123	402	72	377	60	367	58	368	62
101	460	104	384	63	342	53	340	54	346	55	352	61	363	57	247	23	241	22
144	565	146	571	147	574	149	172	1	167	0	167	1	169	2	175	5	182	9	187	6	186	7	193	163	591	160	594	166	599	162	298	38	288	34
165	588	159	294	36	293	70	355	55
136	519	117	518	127	395	69	354	55	353	64	385	70	306	41	284	33
125	517	117	366	57	364	64	385	70	306	41	303	44
109	481	128	550	129	521	118	465	106	467	122	535	131	557	132	558	142	339	52	338	62
16	210	11	197	9	194	8	195	10	206	164	601	165	598	162	587	159	294	36	259	28	261	40	283	33	282	39	301	77	411	78
62	334	51	333	58	341	53	310	44
125	517	117	239	21	236	22	203	10	195	8
33	285	42	302	41	304	53	341	58	333	51	337	67	331	50	330	52	339	142	558	132
139	483	109	484	140	525	119	516	117	239	21	236	22	203	10	195	8
132	502	113	503	137	514	116	515	141	531	120	527	125	517	117	239	21	232	20
118	521	129	554	136	545	125	517	117	248	23	244	24	252	161	596	165
125	517	117	239	21	236	22	203	10	195	8	194	9	187	6
20	213	12	202	10	206	164	595	161	586	159	587	162	587	159	294	36	259	28	261	40	283	33	282	39	301	77	411	78	413	79	414	80
55	355	70	293	36	259	28	258	31	272	34
2	176	16	219	15	220	19	229	20	232	21	239	117	516	119	525	140	546	125	544	129	521	118
55	353	64	359	56	251	24	204	10	195	8	194	9	187	6
61	378	64	385	70	306	41	302	42	308	77	411	78	411	77	412	82
62	334	51	336	66	375	60	351	55	352	61	363	57	247	23	241	22
118	465	106	467	122	535	131
70	360	56	251	24	204	10	202	12	207	11	210	16
53	340	54	346	55	353	64	359	56	251	24	204	10	195	8
22	241	23	247	57	363	61	352	55	351	60	367	58	368	62
32	280	43	309	82
11	210	16	176	2	169	1	172	149
144	405	74	406	146	571	147	574	149	172	1	170	3	173	2
55	346	54	349	65	305	41	302	42	308	77	411	78	413	79	414	80
61	378	64	353	55	346	54	340	53	342	63	372	59	373	101
78	411	77	301	39	278	32	276	34	287	37	295	38	298	162	599	166	600	163	200	9	194	8
157	579	151	577	152
8	194	9	199	27	181	4	174	2
22	241	23	247	57	363	61	352	55	346	54	340	53	344	93	444	105	461	101
8	194	9	189	7	190	83
34	287	37	295	38	298	162	587	159	586	161	595	164	255	25	243	22	233	20
118	465	106	467	122	535	131	557	132	558	142	339	52	338	62
104	384	63	335	51	337	67	331	50	330	52	339	142	558	132
22	203	10	195	8	194	9	189	7	190	83
141	357	55	355	70	293	36	281	33
16	176	2	169	1	172	149	574	147	571	146	563	143	409	76	410	144	410	76	403	73
62	338	52	330	50	332	71	398	114	498	113	501	131	534	121	474	107	477	134	560	139
148	322	46	313	45	227	18	226	19	222	16	210	11	197	9	194	8
76	410	144
76	410	144	405	74	406	146	571	147	574	149	172	1	170	3	173	2
119	524	138	457	99	453	97	316	45	313	46	322	148
22	236	21	239	117	517	125	544	129	521	118
144	410	76
121	532	122	536	133	513	116	508	115	356	55	346	54	350	70	293	36	290	40	274	31	272	34
34	276	32	278	39	299	42	307	44	312	94	345	53	344	93	383	63	382	62
132	502	113	399	72	401	115	380	61	363	57	366	117	239	21	236	22	203	10	195	8	194	9	187	6
92	438	88	439	166	597	161	252	24	244	23	248	117	517	125	545	136	551	128	481	109	478	110
125	517	117	366	57	364	64	385	70	306	41	302	42	308	77	411	78
61	380	115	401	72	399	113	502	132
155	580	152	577	151	579	157
77	412	82	412	77	301	39	278	32	276	34
101	373	59	372	63	342	53	343	65	386	70	360	56	362	161	595	164	206	10	195	8	194	9	197	11	210	16	176	2	169	1	172	149	570	145	567	146	565	144
83	423	163	200	9	194	8	194	9	197	11	210	16	221	17	223	18	226	19	231	97
55	346	54	347	58	368	62	338	52
34	287	37	295	38	298	162	599	166	594	160	591	163	200	9	194	8	194	9	197	11	183	5	175	2
22	203	10	196	9	189	7	190	83
2	175	5	182	9	196	10	205	25	254	26	256	56	359	64	385	70	350	54	340	53	344	93	444	105
121	532	122	467	106	466	120	527	125	517	117	239	21	236	22	203	10	195	8
110	485	112	495	130	556	131	557	132	558	142	339	52	338	62
61	363	57	247	23	241	22	214	12	211	13	208	11	210	16	176	2	169	1	172	149	574	147	571	146	406	74	405	144
44	303	41	306	70	355	55	352	61
165	588	159	361	56	359	64	378	61	379	69	394	120	466	106	464	107	474	121
21	237	23	247	57	363	61	352	55	346	54	340	53	344	93	442	95
33	284	41	303	44	312	94	345	53	344	93	383	63	382	62
55	346	54	340	53
33	285	42	307	44	312	94	445	95	446	101
53	304	41	284	33	271	31	272	34
149	172	1	170	3	178	16	210	11
56	256	26	256	56	359	64	353	55	351	60	367	58	368	62
62	334	51	336	66	375	60	351	55	352	61	363	57	247	23	241	22
101	460	104	384	63	342	53	340	54	346	55	352	61	363	57
34	272	31	258	28	259	36	293	70	350	54	346	55
34	272	31	274	40	290	36	292	56	359	64	378	61	379	69	395	127	543	125	545	136	561	140	562	138
148	322	46	313	45	316	97	234	20	232	21	237	23	247	57	363	61	352	55
34	272	31	274	40	290	36	292	56	359	64	378	61	379	69	395	127	543	125	545	136	551	128	552	139
33	281	36	292	56	358	57	363	61
118	465	106	468	124	512	116	508	115	356	55	346	54	340	53
55	346	54	340	53	344	93	442	95
22	241	23	247	57	363	61	352	55	346	54	340	53	344	93	444	105	461	101
136	561	140	562	138	457	99	453	97	316	45	313	46	320	48	320	46	322	148	322	46	320	48	327	49	328	73	404	144
16	216	13	211	12	202	10	204	24	251	56	359	64	353	55
33	271	31	272	34	265	30	268	86	432	92	436	87	435	91	428	85	429	154	581	153	578	151	577	152	580	155
11	201	10	205	25	254	26	256	56	359	64	385	70	350	54	340	53	344	93	442	95
34	287	37	295	38	298	162	599	166	594	160	591	163	200	9	194	8	194	9	197	11	183	5	175	2
78	411	77	301	39	278	32	276	34	287	37	295	38	298	162	587	159	586	161	595	164
16	219	15	220	19	229	20	232	21	239	117	517	125	527	120	531	141	515	116	514	137	503	113	498	114	507	142
131	501	113	500	123	511	116	508	115	356	55	346	54	350	70	293	36	281	33
118	521	129	544	125	546	140	525	119	516	117	239	21	232	20	213	12	212	14	209	11
74	406	146	571	147	574	149	172	1	170	3	173	2
95	445	94	312	44	307	42	285	33	283	40	261	28	259	36	294	159	588	165
34	272	31	258	28
118	521	129	544	125	517	117	516	119	516	117	239	21	232	20	213	12	198	9	194	8
101	460	104	384	63	342	53	304	41	284	33
105	444	93	383	63	335	51	337	67	331	50	332	71	398	114	498	113	501	131	534	121	474	107	477	134	487	110
142	339	52	338	62	334	51	333	58	341	53	304	41	284	33	282	39	278	32	276	34
74	406	146	567	145	225	17	179	3	178	16
81	420	82	309	43	280	32	276	34
20	233	22	241	23	247	57	363	61	352	55
82	309	43	300	39	278	32	276	34	287	37	295	38	298	162	587	159	586	161	595	164	206	10	203	22
75	408	143	168	0	167	1	169	2	175	5	182	9	187	6
132	557	131	534	121	474	107	472	112
97	234	20	233	22
136	530	120	531	141	515	116	508	115	401	72	392	68	389	67	337	51	334	62	371	59	374	104	460	101
21	232	20	229	19	230	45	313	46
144	405	74	406	146	571	147	574	149	172	1	167	0	167	1	169	2	175	5	182	9	187	6	186	7	193	163	591	160	594	166	599	162	587	159	294	36	281	33
101	460	104	463	105	444	93	344	53	343	65	386	70	360	56	362	161	595	164	206	10	195	8	194	9	197	11	210	16	221	17	225	145	569	148
110	478	109	482	136	545	125	517	117	239	21	236	22	203	10	195	8	194	9	200	163
109	484	140	562	138	457	99	453	97	316	45	313	46	322	148
158	584	155	580	152	577	151	579	157
2	176	16	219	15	220	19	229	20	232	21	239	117	516	119	525	140	553	128	481	109	478	110
33	281	36	293	70	350	54	346	55	356	115	508	116	512	124	468	106	471	134
163	200	9	194	8	194	9	197	11	210	16	221	17	223	18	226	19	231	97
33	271	31	258	28	259	36	294	159	588	165
78	411	77	308	42	302	41	305	65	349	54	346	55	356	115	508	116	513	133	536	122	532	121
2	176	16	219	15	220	19	229	20	232	21	239	117	516	119	525	140	484	109
34	287	37	295	38	298	162	599	166	594	160	591	163	200	9	194	8	194	9	197	11	183	5	175	2
136	561	140	525	119	516	117	239	21	232	20	213	12	212	14	209	11
74	405	144	404	73	328	49	327	48	320	46
118	521	129	554	136	545	125	517	117	248	23	244	24	249	25	255	164	601	165
20	229	19	230	45	313	46
82	309	43	280	32	276	34
109	481	128	551	136	545	125	527	120	531	141	515	116	508	115	401	72	377	60	367	58	368	62
92	438	88	439	166	597	161	257	26	246	23	248	117	517	125
16	210	11	197	9	194	8	195	10	206	164	601	165	598	162	587	159	294	36	281	33
62	334	51	336	66	375	60	351	55	352	61	363	57	247	23	244	24	249	25
56	358	57	363	61
62	371	59	373	101
139	523	118	465	106	467	122	535	131	557	132	558	142	339	52	338	62
62	338	52	330	50	332	71	398	114	498	113	501	131	534	121	474	107	477	134	560	139
109	483	139	523	118	465	106	467	122	537	137	538	123	402	72	377	60	367	58	368	62
61	378	64	359	56	292	36	259	28	258	31	272	34
62	334	51	333	58	341	53	304	41	284	33
80	414	79	413	78
128	551	136	519	117	366	57	358	56	292	36	281	33
53	340	54	346	55	354	69	394	120	530	136
139	523	118	465	106	470	133	559	137	538	123	402	72	377	60	367	58	368	62
136	519	117	518	127	395	69	354	55	353	64	385	70	306	41	302	42	308	77	411	78
101	460	104	384	63	342	53	340	54	346	55	352	61	363	57	247	23	241	22
52	338	62	334	51	333	58	341	53	310	44
11	209	14	217	15	220	19	229	20	232	21	239	117	517	125
136	519	117	518	127	395	69	354	55	353	64	385	70	306	41	302	42	308	77	411	78	413	79	414	80
132	558	142	339	52	338	62	371	59	374	104	460	101
136	561	140	525	119	516	117	239	21	232	20
132	502	113	503	137
165	593	160	591	163	200	9	194	8	194	9	197	11	210	16	221	17	225	145	569	148
81	420	82	420	81	415	79	413	78	411	77	308	42	302	41	291	36	292	56	358	57	366	117	519	136
16	219	15	220	19	229	20	232	21	239	117	517	125
109	484	140	525	119	516	117	239	21	232	20	213	12	212	14	209	11
92	432	86	268	30	265	34	272	31	271	33
147	574	149	172	1	169	2	175	5	182	9	187	6
165	598	162	587	159	294	36	259	28	261	40	283	33	285	42	307	44	310	53	344	93	444	105	461	101
62	371	59	374	104	463	105	447	95	445	94	417	79	413	78	411	77	412	82
3	179	17	225	145	569	148
136	519	117	239	21	236	22
165	601	164	206	10	201	11	210	16
46	313	45	316	97	453	99	456	111	479	109	478	110
83	190	7	189	9	196	10	203	22
78	411	77	308	42	302	41	305	65	349	54	346	55	356	115	508	116	512	124	468	106	464	107	477	134
95	445	94	312	44	307	42	299	39	278	32	276	34	265	30	268	86	432	92
29	262	35	277	32	270	31	271	33
68	388	66	336	51	333	58	341	53	310	44
144	404	73	328	49
109	481	128	551	136	554	129	521	118	465	106	470	133	559	137	538	123	402	72	392	68	389	67	337	51	334	62	371	59	373	101
165	603	166	439	88	438	92	436	87	435	91	428	85	429	154
12	207	11	210	16
109	482	136	545	125	543	127	395	69	354	55	353	64	385	70	306	41	302	42	308	77	411	78
144	404	73	328	49	327	48	323	47	324	96	450	99
131	535	122	467	106	465	118	521	129	554	136
22	236	21	239	117	517	125	545	136	551	128	552	139	560	134
64	359	56	362	161	596	165	598	162	433	86	432	92
141	357	55	353	64	359	56	251	24	253	164
132	557	131	534	121	474	107	477	134	560	139
165	601	164	206	10	195	8	194	9	197	11	210	16
151	577	152	580	155
125	543	127	395	69	354	55	353	64	385	70	306	41	284	33	275	32
20	213	12	202	10	206	164	595	161	586	159	587	162	298	38	288	34	272	31	271	33
124	542	141	357	55	346	54	347	58	368	62
11	201	10	204	24	249	25	254	26	256	56	359	64	385	70	350	54	340	53	344	93	444	105
165	588	159	361	56	359	64	378	61	379	69	394	120	466	106	464	107	474	121
139	483	109	484	140	525	119	516	117	239	21	232	20	213	12	212	14	218	16	176	2
16	221	17	223	18	226	19	231	97	453	99	456	111	479	109	478	110
33	281	36	293	70	355	55	357	141	542	124
154	581	153	578	151	577	152	577	151	578	153	583	157	585	156	576	150	441	89	424	84	191	7	186	6	187	9	199	27	181	4	174	2	176	16
92	438	88	437	90	437	88	439	166	603	165
56	359	64	385	70	350	54	340	53	344	93	442	95
92	432	86	268	30	265	34	276	32	278	39	301	77	411	78
136	519	117	518	127	395	69	354	55	346	54	340	53
110	487	134	522	118	465	106	470	133	559	137	538	123	402	72	392	68	376	60	367	58	368	62
101	460	104	384	63	382	62	338	52	330	50	332	71	397	72	402	123	538	137	514	116	515	141	531	120
55	353	64	359	56	362	161	596	165	603	166	439	88	438	92	436	87	435	91	440	89	441	150	576	156	582	153	583	157
62	334	51	333	58	341	53	304	41	284	33	282	39	278	32	276	34
55	352	61	363	57	247	23	241	22	214	12	211	13	208	11	210	16	221	17
64	353	55	354	69	395	127	543	125	545	136	551	128	481	109	478	110
62	334	51	336	66	375	60	351	55	352	61	363	57	247	23	241	22	214	12	198	9	182	5	175	2
16	210	11	197	9	194	8	194	9	200	163	591	160	594	166	599	162	298	38	288	34
95	446	101
62	371	59	374	104	460	101
52	330	50	332	71	398	114	498	113	501	131	534	121	474	107	477	134	487	110
165	601	164	206	10	202	12	213	20
2	169	1	167	0	167	1	169	2	175	5	182	9	187	6	186	7	191	84	424	89	441	150	576	156	582	153	583	157
16	210	11	197	9	194	8	195	10	206	164	601	165	598	162	587	159	294	36	281	33
62	334	51	333	58	341	53	304	41	284	33	271	31	272	34
124	468	106	464	107	472	112
62	338	52	330	50	332	71	397	72	401	115	393	69	394	120	527	125
62	334	51	336	66	375	60	351	55	352	61	363	57	247	23	241	22	203	10	195	8
109	484	140	525	119	516	117	239	21	232	20	213	12	212	14	218	16	176	2
78	413	79	414	80
125	517	117	248	23	245	25	249	24	252	161	597	166	439	88	438	92
22	242	24	252	161	586	159	587	162	587	159	294	36	259	28	261	40	283	33	282	39	299	42	308	77	411	78	411	77	412	82	420	81
165	588	159	361	56	358	57	365	69	394	120
62	338	52	330	50	332	71	398	114	498	113	501	131	535	122	467	106
136	519	117	518	127	395	69	354	55	353	64	359	56	292	36	281	33
55	352	61	363	57	247	23	237	21	232	20	234	97
62	334	51	333	58	341	53	304	41	302	42	285	33	271	31	273	37
165	588	159	361	56	358	57	366	117	517	125
95	442	93	344	53	343	65	386	70	360	56
131	534	121	474	107	477	134	560	139
80	414	79	413	78	413	79	417	94	345	53	344	93	383	63	382	62
109	482	136	545	125	527	120	531	141	515	116	508	115	401	72	377	60	367	58	368	62
34	272	31	274	40	290	36	293	70	350	54	346	55	356	115	508	116	513	133	536	122	532	121
136	530	120	394	69	354	55	351	60	375	66
61	352	55	351	60	367	58	368	62
97	448	96	315	45	313	46	322	148
142	339	52	338	62	334	51	333	58	341	53
61	363	57	358	56	361	159	588	165
136	519	117	518	127	395	69	354	55	353	64	385	70	306	41	303	44
121	532	122	467	106	466	120	394	69	365	57	358	56	361	159	588	165
62	334	51	336	66	375	60	351	55	352	61	363	57	247	23	241	22	214	12	207	11	210	16
33	284	41	304	53	341	58	368	62
139	523	118	465	106	468	124	512	116	508	115	356	55
2	176	16	219	15	220	19	229	20	232	21	239	117	516	119	516	117	519	136
110	478	109	484	140	525	119	516	117	239	21	232	20
33	281	36	292	56	358	57	365	69
138	524	119	516	117	366	57	363	61
106	468	124	512	116	508	115	356	55	346	54	340	53	310	44
29	262	35	266	30
83	190	7	189	9	197	11
30	268	86	268	30	267	38	298	162	598	165
16	210	11	197	9	194	8	194	9	200	163	591	160	594	166	599	162	298	38	288	34
82	264	29
61	363	57	247	23	244	24	252	161	597	166	439	88	438	92	438	88	437	90	425	84	424	89	441	150	575	153	578	151	577	152	577	151	577	152
139	483	109	482	136	545	125	517	117	248	23	244	24	249	25	255	164	601	165
118	465	106	467	122	535	131	557	132	558	142	339	52	338	62
78	411	77	301	39	278	32	276	34	287	37	295	38	298	162	587	159	586	161	595	164	206	10	203	22
132	558	142	339	52	330	50	331	67	337	51	333	58	341	53
2	175	5	183	11	207	12	214	22	241	23	247	57	363	61	352	55	351	60	376	68	376	60	367	58	368	62
26	256	56	359	64	353	55	351	60	367	58	368	62
16	221	17	225	145	569	148	566	144
128	551	136	519	117	366	57	364	64	359	56	292	36	281	33
34	287	37	295	38	298	162	587	159	586	161	595	164	255	25	243	22	233	20	235	99
136	519	117	248	23	245	25	249	24	252	161	597	166	439	88	438	92
164	253	24	250	26	246	23	247	57	363	61	352	55	351	60	376	68	376	60	367	58	368	62
101	460	104	384	63	382	62	338	52	330	50	332	71	391	68	392	72	402	123	538	137	537	122	467	106	465	118
52	338	62	334	51	336	66	375	60	351	55	352	61
11	201	10	206	164	601	165	598	162	298	38	267	30
62	334	51	333	58	341	53	310	44
142	507	114	505	131	534	121	533	130	495	112	497	135	488	110	478	109	479	111	456	99	453	97	316	45	313	46	320	48	320	46	322	148	322	46	320	48	327	49	329	76	403	73	404	144
22	203	10	196	9	182	5	175	2
136	554	129	521	118	465	106	467	122	535	131
55	352	61	363	57	247	23	241	22	214	12	211	13	208	11	210	16	221	17	225	145	569	148
148	322	46	313	45	316	97	234	20	233	22
125	527	120	526	124	541	137	538	123	504	114	507	142	339	52
20	232	21	239	117	517	125	527	120	531	141	515	116	508	115	356	55	346	54	347	58	368	62
32	275	33	284	41	304	53	341	58	333	51	337	67	331	50	330	52	339	142	558	132
62	338	52	339	142	558	132
62	338	52	339	142	558	132
132	506	114	398	71	332	50	330	52	338	62
62	371	59	374	104	463	105	447	95	445	94	417	79	413	78
80	414	79	413	78
62	334	51	336	66	375	60	351	55	352	61	363	57	247	23	241	22	203	10	195	8
46	313	45	227	18	226	19	222	16	210	11	183	5	185	27
163	423	83
22	243	25	249	24	252	161	586	159	587	162	298	38	267	30
125	527	120	466	106	467	122	499	113	502	132
82	412	77	301	39	282	33
109	483	139	523	118	465	106	467	122	535	131	557	132
57	247	23	241	22	203	10	201	11	210	16
62	334	51	336	66	375	60	351	55	353	64
33	285	42	302	41	304	53	341	58	368	62
34	287	37	295	38	298	162	599	166	594	160	591	163	193	7
80	414	79	413	78	411	77	301	39	278	32	276	34	287	37	295	38	298	162	599	166	594	160	591	163	200	9	197	11
70	306	41	303	44
132	558	142	339	52	338	62
121	532	122	537	137	514	116	508	115	356	55	346	54	350	70	293	36	290	40	274	31	272	34
78	413	79	417	94	345	53	344	93	383	63	335	51	337	67	331	50	331	67	389	68
95	442	93	344	53	343	65	386	70	360	56	362	161	595	164	206	10	201	11
118	465	106	468	124	512	116	508	115	356	55	346	54	350	70	293	36	290	40	274	31	272	34
62	334	51	333	58	341	53	343	65	386	70	360	56	361	159
118	521	129	544	125	517	117	248	23	245	25	249	24	252	161	597	166	439	88	438	92	436	87	435	91	440	89	441	150	576	156	582	153	583	157
118	465	106	467	122	535	131	557	132	558	142
44	303	41	306	70	385	64	353	55	354	69	395	127	543	125	545	136	554	129	521	118
62	338	52	330	50	332	71	397	72	401	115	508	116	515	141	531	120	530	136
57	363	61	352	55	351	60	367	58	368	62	338	52
33	271	31	272	34	286	35	262	29
157	579	151	577	152	577	151	578	153	581	154
118	523	139	489	110	478	109	479	111	456	99	453	97	316	45	313	46	322	148
148	569	145	570	149	172	1	167	0	167	1	169	2	175	5	182	9	187	6	186	7	193	163	591	160	594	166	599	162	298	38	288	34
130	495	112	472	107	475	122	467	106	466	120	394	69	379	61
43	280	32	275	33
165	593	160	591	163	200	9	194	8	194	9	197	11	210	16	176	2	169	1	172	149	570	145	567	146	565	144
110	487	134	522	118	465	106	470	133	559	137	538	123	402	72	392	68	389	67	337	51	334	62	371	59	374	104
99	238	21	237	23	247	57	363	61	352	55
165	601	164	206	10	202	12	213	20
139	483	109	482	136	545	125	517	117	248	23	245	25	249	24	252	161	597	166	439	88	438	92	436	87	435	91	440	89	441	150	576	156	582	153	583	157
141	357	55	346	54	349	65	305	41	302	42	308	77	411	78
46	313	45	230	19	229	20	232	21	237	23	247	57	365	69
109	481	128	551	136	519	117	248	23	245	25	255	164	601	165
56	361	159	588	165
62	371	59	374	104	460	101
139	483	109	484	140	525	119	516	117	239	21	232	20	229	19
139	523	118	465	106	467	122	535	131	557	132
61	352	55	355	70	306	41	302	42	308	77	411	78	413	79	414	80
62	334	51	336	66	375	60	351	55	352	61	363	57	247	23	241	22
132	558	142	339	52	330	50	331	67	337	51	333	58	341	53	304	41	302	42
164	595	161	586	159	587	162	298	38	288	34
34	265	30	268	86	432	92	436	87	435	91	428	85	429	154	581	153	578	151	577	152	580	155
134	560	139	483	109	484	140	525	119	516	117	239	21	232	20	213	12	198	9	194	8
61	363	57	366	117	519	136	482	109
64	359	56	251	24	242	22	233	20
131	535	122	467	106	465	118	521	129	544	125	517	117	516	119	524	138
44	311	79	413	78	413	79	414	80
6	187	9	198	12	213	20
34	272	31	274	40	290	36	293	70	355	55
78	411	77	301	39	278	32	276	34	287	37	295	38	298	162	587	159	586	161	595	164	255	25	243	22	233	20	235	99
16	176	2	169	1	167	0	167	1	169	2	175	5	182	9	187	6	186	7	191	84	424	89	441	150	576	156	582	153	583	157
19	222	16	176	2
125	527	120	526	124	512	116	514	137	538	123	402	72	377	60	367	58	368	62
61	378	64	359	56	292	36	290	40	274	31	272	34	286	35	262	29
8	195	10	206	164	601	165	598	162	298	38	288	34
62	334	51	336	66	375	60	351	55	352	61	363	57	247	23	241	22	214	12	211	13	208	11	210	16	176	2	169	1	172	149	574	147	571	146	406	74	405	144
78	411	77	412	82
92	438	88	437	90	422	83	190	7	186	6	187	9	199	27	181	4	174	2	176	16
52	338	62	334	51	336	66	375	60	351	55	352	61	363	57	247	23	241	22
82	412	77	411	78	411	77	308	42	302	41	306	70	355	55
80	414	79	413	78	411	77	308	42	302	41	305	65	349	54	346	55	356	115	508	116	513	133	536	122	532	121
144	404	73	328	49	327	48	320	46	322	148	322	46	320	48	320	46	313	45	316	97	453	99	457	138	524	119
101	460	104	384	63	342	53	340	54	346	55	352	61
62	338	52	330	50	332	71	398	114	498	113	501	131	534	121	474	107	472	112
6	186	7	190	83	422	90	437	88	438	92
165	588	159	361	56	359	64	353	55	354	69	396	141	542	124	468	106	465	118
157	579	151	579	157	579	151
165	588	159	361	56	358	57	366	117	519	136	551	128
2	175	5	183	11	207	12	202	10	204	24	251	56	359	64	353	55
162	587	159	586	161	257	26	250	24	244	23	248	117	517	125	545	136	551	128	481	109	478	110
92	438	88	439	166	597	161	257	26	246	23	248	117	517	125
62	334	51	336	66	375	60	351	55	352	61	363	57	247	23	241	22	214	12	207	11	210	16
6	187	9	182	5	175	2	169	1	172	149
78	411	77	301	39	278	32	276	34	287	37	295	38	298	162	587	159	586	161	595	164	255	25	243	22	233	20
33	271	31	272	34	265	30	268	86	432	92	436	87	435	91	440	89	441	150	576	156	582	153	583	157
34	272	31	274	40	290	36	293	70	350	54	346	55	356	115	508	116	512	124	468	106	465	118
22	242	24	249	25	249	24	252	161	586	159	587	162	587	159	294	36	281	33
53	344	93	444	105	461	101
78	411	77	301	39	278	32	276	34
80	414	79	413	78	411	77	301	39	278	32	276	34	287	37	295	38	298	162	599	166	594	160	591	163	200	9	197	11	210	16
97	453	99	456	111	479	109	478	110
34	265	30	268	86	432	92	436	87	435	91	440	89	441	150	576	156	582	153	583	157
20	233	22	243	25	255	164	595	161	586	159	587	162	298	38	288	34
55	352	61	363	57	247	23	237	21	232	20
80	414	79	413	78	411	77	308	42	302	41	306	70	355	55	352	61
141	357	55	346	54	347	58	368	62
62	338	52	330	50	332	71	397	72	401	115	393	69	394	120	530	136
53	341	58	333	51	337	67	331	50	330	52	339	142	558	132
33	285	42	302	41	304	53	341	58	368	62
62	371	59	374	104	463	105	447	95	445	94	417	79	413	78
125	527	120	394	69	393	115	509	123	402	72	392	68	389	67	337	51	334	62	371	59	374	104	460	101
164	253	24	244	23	248	117	519	136
6	188	163	591	160	593	165
132	557	131	534	121	474	107	472	112
55	353	64	359	56	361	159	588	165
78	411	77	301	39	278	32	276	34	287	37	295	38	298	162	599	166	594	160	591	163	200	9	194	8
132	502	113	499	122	467	106	465	118
62	334	51	336	66	370	58	347	54	350	70	360	56	251	24	242	22
101	460	104	374	59	371	62
95	442	93	344	53	340	54	346	55	354	69	394	120	527	125
62	334	51	336	66	375	60	351	55	352	61	363	57	247	23	241	22	214	12	207	11	210	16
34	265	30	268	86	432	92	436	87	435	91	428	85	429	154	581	153	578	151	577	152	580	155	584	158
61	378	64	353	55	346	54	340	53	344	93	442	95
118	521	129	544	125	546	140	525	119	516	117	239	21	232	20	213	12	212	14	218	16	176	2
2	175	5	185	27	199	9	187	6	186	7	190	83
6	186	7	193	163	591	160	594	166	599	162	298	38	288	34
82	309	43	280	32	276	34
34	287	37	295	38	298	162	599	166	594	160	591	163	200	9	194	8	194	9	197	11	210	16
16	176	2	169	1
7	189	9	182	5	175	2	169	1
148	569	145	225	17	179	3	173	2	175	5	182	9	196	10	204	24	244	23	247	57	364	64	385	70	350	54	347	58	333	51	334	62
101	460	104	384	63	335	51	337	67	331	50	332	71	397	72	401	115	393	69	394	120	527	125
34	287	37	295	38	298	162	599	166	594	160	591	163	200	9	194	8	194	9	197	11	183	5	175	2
136	561	140	562	138	457	99	453	97	316	45	313	46
128	551	136	545	125	527	120	531	141	515	116	508	115	401	72	377	60	367	58	368	62
22	236	21	239	117	517	125	527	120	531	141	515	116	514	137	503	113	502	132
62	334	51	333	58	341	53	304	41	284	33
55	357	141	542	124	468	106	464	107	477	134	560	139
139	523	118	465	106	470	133	559	137	538	123	402	72	392	68	376	60	367	58	368	62
83	422	90	437	88	438	92	432	86	268	30	265	34
164	253	24	244	23	248	117	517	125
95	446	101
101	460	104	443	93	344	53	343	65	386	70	360	56	362	161	595	164	253	24	242	22	214	12	198	9	182	5	175	2
78	411	77	301	39	278	32	276	34	287	37	295	38	298	162	587	159	586	161	595	164	206	10	203	22
33	271	31	258	28	259	36	294	159	586	161	595	164	206	10	195	8	194	9	197	11	210	16
125	527	120	526	124	541	137	538	123	402	72	377	60	367	58	368	62
125	527	120	526	124	541	137	538	123	402	72	392	68	389	67	337	51	334	62	371	59	373	101
99	450	96	315	45	313	46	320	48	320	46	322	148	322	46	320	48	327	49	328	73	404	144
55	352	61	363	57	247	23	241	22	214	12	211	13	208	11	210	16	176	2	169	1	172	149	574	147	571	146	406	74	405	144
138	457	99	450	96	315	45	313	46
110	487	134	522	118	465	106	468	124	512	116	508	115	356	55	346	54	340	53	344	93	442	95
82	264	29
34	287	37	295	38	298	162	599	166	594	160	591	163	200	9	194	8	194	9	197	11	210	16
34	287	37	295	38	298	162	587	159	586	161	595	164	255	25	243	22	233	20
62	334	51	333	58	341	53	310	44	307	42	299	39	278	32	276	34
110	478	109	482	136	545	125	517	117	239	21	236	22	203	10	195	8
160	593	165	588	159	361	56	358	57	365	69	394	120	466	106	465	118
16	221	17	223	18	227	45	313	46
74	406	146	571	147	574	149	172	1	167	0	167	1	169	2	175	5	182	9	187	6	186	7	193	163	591	160	594	166	599	162	298	38	288	34
16	219	15	220	19	229	20	232	21	239	117	517	125	527	120	531	141	515	116	514	137	503	113	498	114
8	195	10	206	164	206	10	203	22	241	23	247	57	363	61	352	55	351	60	376	68	376	60	367	58	368	62
16	221	17	223	18	227	45	313	46
6	187	9	182	5	175	2	169	1	167	0
55	352	61	363	57	247	23	237	21	232	20
2	175	5	185	27	199	9	187	6	186	7	193	163	591	160	594	166	599	162	587	159	294	36	259	28	261	40	283	33	284	41	303	44
118	465	106	468	124	512	116	508	115	356	55
34	276	32	278	39	299	42	307	44	312	94	445	95	447	105	461	101
33	284	41	304	53	344	93	444	105
62	338	52	339	142
8	195	10	206	164	601	165	603	166	599	162	298	38	288	34
62	334	51	333	58	341	53	304	41	284	33	282	39	278	32	276	34
34	276	32	278	39	301	77	412	82	412	77
128	550	129	529	120	531	141	515	116	508	115	356	55	346	54	347	58	368	62
62	371	59	374	104	460	101
136	519	117	248	23	246	26
120	466	106	471	134
132	558	142	339	52	330	50	331	67	337	51	333	58	341	53	304	41	284	33
105	444	93	383	63	382	62	338	52	330	50	332	71	398	114	498	113	501	131	534	121	474	107	477	134	487	110
109	483	139	523	118	465	106	470	133	559	137	538	123	402	72	377	60	367	58	368	62
81	415	79	413	78
109	479	111	492	138	457	99	453	97	316	45	313	46
16	221	17	223	18	226	19	231	97
110	478	109	482	136	545	125	543	127	395	69	379	61	378	64	359	56	292	36	281	33
44	303	41	306	70	385	64	353	55	354	69	394	120	530	136	482	109
118	521	129	554	136	545	125	517	117	248	23	246	26
155	580	152	577	151	578	153	581	154	429	85	428	91	435	87	436	92	438	88	439	166	603	165	601	164	206	10	203	22
61	363	57	247	23	241	22	214	12	211	13	208	11	210	16	221	17
139	523	118	465	106	467	122	535	131
101	373	59	371	62
101	460	104	384	63	382	62	338	52	330	50	332	71	398	114	498	113	501	131	534	121	474	107	477	134	560	139
119	524	138	457	99	453	97	316	45	313	46
92	438	88	439	166	597	161	257	26	246	23	248	117	517	125	544	129	550	128	552	139
69	365	57	247	23	241	22	203	10	195	8	194	9	200	163
144	404	73	328	49	327	48	320	46	322	148	322	46	320	48	320	46	313	45	316	97	234	20
165	598	162	587	159	294	36	259	28	261	40	283	33	285	42	302	41	304	53	341	58	368	62
2	175	5	182	9	194	8	194	9	200	163	591	160	594	166	599	162	298	38	288	34
61	380	115	401	72	399	113	502	132
92	438	88	437	90	422	83	190	7	186	6	187	9	199	27	181	4	174	2	176	16
136	554	129	521	118	465	106	470	133	559	137	538	123	402	72	377	60	367	58	368	62
55	354	69	394	120	530	136	482	109
2	169	1	167	0	167	1	169	2	175	5	182	9	187	6	186	7	191	84	424	89	441	150	576	156	582	153	583	157
155	580	152	577	151	578	153	581	154	429	85	428	91	435	87	436	92	432	86	268	30	265	34
118	465	106	468	124	512	116	508	115	356	55	346	54	349	65	305	41	302	42	308	77	411	78
82	309	43	280	32	276	34
30	265	34	287	37	295	38	298	162	587	159	586	161	595	164	206	10	203	22
121	532	122	536	133	513	116	508	115	356	55	355	70	293	36	259	28	258	31	272	34
148	322	46	320	48	320	46	313	45	316	97	453	99	457	138	562	140	561	136
118	521	129	529	120	394	69	379	61
34	272	31	274	40	290	36	293	70	350	54	348	60	377	72	399	113	501	131
46	313	45	316	97	453	99	456	111	479	109	478	110
139	483	109	482	136	545	125	543	127	395	69	379	61	378	64	359	56	292	36	290	40	274	31	272	34
78	411	77	301	39	278	32	276	34	287	37	295	38	298	162	598	165
34	272	31	274	40	290	36	292	56	359	64	353	55	354	69	395	127	518	117	519	136	551	128
119	524	138	457	99	453	97	316	45	313	46	320	48	320	46	322	148	566	144
142	339	52	338	62
62	334	51	336	66	375	60	351	55	352	61	363	57	247	23	241	22	203	10	195	8
144	565	146	571	147	574	149	172	1	167	0	167	1	169	2	175	5	182	9	187	6	186	7	193	163	591	160	593	165
99	457	138	562	140	484	109	483	139
92	432	86	268	30	265	34
55	353	64	359	56	361	159	588	165
62	338	52	330	50	332	71	397	72	399	113	503	137	541	124
20	232	21	237	23	247	57	363	61	352	55
81	420	82	420	81	415	79	413	78
132	502	113	499	122	467	106	465	118	523	139	483	109
78	413	79	417	94	345	53	344	93	383	63	382	62	338	52	330	50	330	52	339	142	558	132
78	413	79	414	80
99	235	20	213	12	202	10	206	164	595	161	586	159	587	162	587	159	294	36	259	28	261	40	283	33	282	39	299	42	308	77	411	78
132	502	113	499	122	467	106	465	118	521	129	554	136	561	140	525	119	516	117	239	21	232	20	213	12	212	14	218	16
62	334	51	333	58	341	53	304	41	284	33
29	262	35	266	30	268	86	426	85
132	502	113	399	72	377	60	351	55	353	64
2	175	5	182	9	196	10	205	25	254	26	246	23	247	57	363	61
34	272	31	274	40	290	36	293	70	350	54	348	60	377	72	399	113	501	131
78	411	77	301	39	278	32	276	34
151	577	152	580	155
92	438	88	439	166	597	161	252	24	244	23	248	117	517	125	545	136	551	128	481	109
97	453	99	456	111	479	109	478	110	489	139	523	118	465	106	470	133	559	137	538	123	402	72	377	60	367	58	368	62
55	352	61	363	57	366	117	520	140
17	221	16	210	11
11	210	16	221	17	223	18	226	19	231	97
78	413	79	311	44
33	271	31	258	28	259	36	294	159	586	161	595	164	206	10	195	8	194	9	197	11	210	16
163	193	7	190	83	422	90	437	88	438	92
105	444	93	344	53	340	54	346	55	352	61	363	57	247	23	241	22
2	175	5	182	9	196	10	204	24	244	23	247	57	364	64	385	70	350	54	348	60	367	58	333	51	334	62
141	531	120	527	125	546	140	562	138	457	99	453	97
78	413	79	311	44	303	41	284	33
16	176	2	169	1	167	0	167	1	169	2	175	5	182	9	187	6	186	7	191	84	424	89	441	150	576	156	582	153	583	157
92	438	88	439	166	597	161	362	56	358	57	363	61
131	535	122	467	106	466	120	527	125	517	117	239	21	232	20	213	12	212	14	218	16	176	2
144	404	73	328	49	327	48	320	46	322	148	322	46	320	48	320	46	313	45	316	97	453	99	457	138	562	140	553	128
118	521	129	544	125	517	117	248	23	245	25	255	164	601	165
16	219	15	220	19	229	20	232	21	239	117	517	125	527	120	531	141	515	116	514	137	503	113	502	132
105	444	93	344	53	304	41	284	33	271	31	272	34
153	578	151	577	152	577	151	578	153	581	154
131	501	113	503	137	514	116	515	141	531	120	527	125	517	117	239	21	232	20	213	12	212	14	218	16	176	2
2	176	16	219	15	220	19	229	20	232	21	239	117	517	125	527	120	531	141	515	116	514	137	503	113	501	131
34	287	37	295	38	298	162	599	166	594	160	591	163	200	9	194	8	194	9	197	11	210	16
44	303	41	306	70	360	56	362	161	595	164	206	10	195	8	194	9	197	11	210	16
132	502	113	499	122	467	106	465	118	521	129	550	128	481	109
95	442	93	383	63	335	51	337	67	331	50	332	71	398	114	498	113	499	122	532	121
128	551	136	545	125	543	127	395	69	354	55	353	64	359	56	292	36	281	33
55	353	64	359	56	251	24	204	10	195	8
64	359	56	362	161	596	165	603	166	439	88	438	92	436	87	435	91	440	89	441	150	576	156	582	153	583	157
62	334	51	336	66	375	60	351	55	352	61	363	57	247	23	241	22	214	12	198	9	182	5	175	2
46	313	45	230	19	229	20
118	465	106	467	122	537	137	538	123	402	72	392	68	389	67	337	51	334	62	371	59	374	104	460	101
33	271	31	258	28	259	36	294	159	586	161	595	164	206	10	195	8	194	9	197	11	210	16	221	17	225	145	569	148
36	292	56	362	161	596	165	603	166	439	88	438	92
25	249	24	252	161	596	165	593	160	591	163	423	83
92	438	88	439	166	597	161	362	56	292	36
34	276	32	278	39	282	33	284	41	304	53	342	63	384	104
144	404	73	328	49	327	48	323	47	325	97
34	272	31	274	40	290	36	292	56	358	57	366	117	519	136	482	109
41	306	70	385	64	364	57	366	117	519	136
78	411	77	308	42	302	41	306	70	355	55	357	141
62	334	51	336	66	375	60	351	55	352	61	363	57	247	23	241	22	233	20
2	175	5	182	9	196	10	204	24	244	23	247	57	364	64	385	70	350	54	340	53	344	93	444	105	461	101
121	534	131	557	132	558	142	339	52	338	62	371	59	373	101	446	95
22	241	23	247	57	363	61	352	55	351	60	367	58	368	62
46	313	45	316	97	453	99	457	138	492	111	479	109
157	583	153	582	156	576	150	441	89	440	91	435	87	436	92
34	276	32	278	39	299	42	307	44	310	53	341	58	333	51	337	67	331	50	330	52	339	142	558	132
62	334	51	336	66	375	60	351	55	352	61	363	57	247	23	241	22	214	12	207	11	210	16
131	501	113	500	123	511	116	508	115	356	55	346	54	350	70	293	36	290	40	274	31	272	34
148	322	46	313	45	315	96	450	99
78	411	77	308	42	302	41	306	70	355	55
22	243	25	249	24	252	161	597	166	439	88	438	92
139	523	118	465	106	467	122	535	131	557	132
101	460	104	384	63	382	62	338	52	330	50	332	71	397	72	402	123	500	113	499	122	467	106	465	118
62	334	51	336	66	370	58	347	54	350	70	360	56	251	24	253	164
46	313	45	316	97	453	99	457	138	562	140	561	136
92	436	87	435	91	440	89	441	150	576	156	582	153	583	157
132	506	114	398	71	332	50	330	52	338	62
139	523	118	465	106	467	122	499	113	502	132
136	519	117	248	23	245	25	249	24	252	161	596	165	598	162	433	86	432	92
148	569	145	570	149	172	1	167	0	167	1	169	2	175	5	182	9	187	6	186	7	193	163	591	160	593	165
34	272	31	258	28	259	36	293	70	350	54	348	60	377	72
34	272	31	274	40	290	36	292	56	358	57	363	61
125	546	140	562	138	457	99	453	97	316	45	313	46
22	203	10	195	8	194	9	189	7
33	281	36	292	56	358	57	365	69	394	120	466	106	464	107	472	112	495	130
2	176	16	219	15	220	19	229	20	232	21	239	117	517	125	527	120	531	141	515	116	514	137	503	113	502	132
132	558	142	339	52	338	62	371	59	374	104
118	465	106	468	124	512	116	508	115	356	55	346	54	349	65	305	41	302	42	308	77	411	78
20	232	21	239	117	516	119	525	140	546	125	544	129	521	118
118	523	139	489	110	478	109	479	111	456	99	453	97	316	45	313	46	320	48	320	46	322	148	322	46	320	48	327	49	328	73	404	144
155	580	152	577	151	579	157
62	338	52	339	142	558	132	557	131	534	121	474	107	477	134	560	139
99	456	111	479	109	478	110	489	139	523	118	465	106	470	133	559	137	538	123	402	72	392	68	376	60	367	58	368	62
154	581	153	578	151	577	152	577	151	578	153
132	557	131	534	121	474	107	477	134	560	139
46	313	45	316	97	453	99	457	138	562	140
138	562	140	561	136	545	125	527	120	531	141	515	116	508	115	356	55	346	54	347	58	368	62
139	523	118	465	106	470	133	559	137	538	123	402	72	377	60	367	58	368	62
118	465	106	468	124	512	116	508	115	356	55	346	54	340	53	310	44
62	338	52	330	50	330	52	339	142	558	132
118	465	106	470	133	559	137	538	123	402	72	392	68	376	60	367	58	368	62
0	167	1	169	2	175	5	182	9	187	6
121	533	130	495	112	497	135	488	110	478	109	479	111	456	99	453	97	316	45	313	46
101	460	104	463	105	444	93	344	53	310	44
62	334	51	336	66	375	60	351	55	352	61	363	57	247	23	241	22	214	12	198	9	182	5	175	2
33	281	36	293	70	355	55
92	436	87	435	91	440	89	441	150	576	156	582	153	583	157
136	530	120	394	69	354	55
44	303	41	305	65	349	54	346	55	356	115	508	116	513	133	536	122	532	121
66	375	60	351	55	346	54	350	70	360	56	361	159	588	165
139	483	109	482	136	545	125	517	117	248	23	245	25	255	164	601	165
29	262	35	286	34
139	483	109	484	140	525	119	516	117	239	21	232	20	213	12	212	14	218	16	176	2
44	303	41	291	36	292	56	358	57	366	117	519	136
34	272	31	274	40	290	36	292	56	359	64	353	55	354	69	395	127	518	117	519	136	551	128
125	527	120	526	124	541	137	538	123	402	72	377	60	367	58	368	62
33	281	36	292	56	358	57	366	117	517	125
36	292	56	358	57	366	117	517	125
22	241	23	247	57	363	61	352	55	346	54	340	53	342	63	384	104
11	207	12	214	22	241	23	247	57	363	61	352	55	351	60	376	68	376	60	367	58	368	62
139	523	118	465	106	470	133	559	137	538	123	402	72	392	68	376	60	367	58	368	62
34	272	31	274	40	290	36	292	56	359	64	378	61	379	69	395	127	543	125	545	136	561	140	562	138
110	487	134	522	118	465	106	470	133	559	137	538	123	402	72	377	60	367	58	368	62
52	338	62	334	51	333	58	341	53	310	44
6	186	7	193	163	591	160	594	166	599	162	298	38	288	34
68	392	72	402	123	538	137	537	122	467	106	465	118
101	373	59	372	63	382	62	338	52	330	50	332	71	397	72	401	115	393	69	394	120	530	136	482	109
78	411	77	301	39	278	32	276	34	287	37	295	38	298	162	599	166	594	160	591	163	200	9	194	8	194	9	197	11	210	16
165	598	162	587	159	294	36	259	28	261	40	283	33	284	41	304	53
16	210	11	197	9	194	8	195	10	206	164	601	165
41	303	44	311	79	413	78
34	272	31	274	40	290	36	293	70	350	54	348	60	377	72	399	113	502	132
78	413	79	414	80
131	535	122	467	106	465	118
11	197	9	194	8	194	9	200	163	423	83	422	90	425	84	424	89	441	150	576	156	582	153	583	157
62	334	51	336	66	375	60	351	55	352	61
62	371	59	374	104	463	105	447	95	445	94	417	79	413	78
33	285	42	302	41	304	53	341	58	368	62
97	448	96	315	45	313	46	320	48	320	46	322	148	322	46	320	48	327	49	329	76
72	377	60	348	54	350	70	293	36	259	28	258	31	272	34
118	465	106	468	124	512	116	515	141	396	69	354	55	353	64	359	56	292	36	259	28	258	31	272	34
22	243	25	249	24	252	161	586	159	587	162	587	159	294	36	259	28	261	40	283	33	282	39	301	77	411	78
134	560	139	489	110	478	109	479	111	456	99	453	97	316	45	313	46
55	346	54	349	65	305	41	302	42	308	77	411	78
30	265	34	272	31	258	28	259	36	292	56	359	64	353	55	354	69	395	127	543	125	545	136	551	128	481	109	478	110
118	465	106	468	124	512	116	515	141	396	69	354	55	353	64	359	56	292	36	259	28	258	31	272	34
2	175	5	183	11	207	12	202	10	204	24	251	56	359	64	353	55	351	60	376	68	376	60	367	58	368	62
128	553	140	562	138	457	99	453	97	316	45	313	46	320	48	320	46	322	148	322	46	320	48	327	49	328	73	404	144
76	410	144	405	74	406	146	571	147	574	149	172	1	170	3	173	2
157	579	151	577	152	580	155	584	158
125	546	140	562	138	457	99	453	97
62	338	52	330	50	332	71	397	72	402	123	538	137	537	122	467	106	465	118
62	338	52	330	50	332	71	397	72	402	123	538	137	537	122	467	106	465	118
99	450	96	315	45	313	46
118	465	106	467	122	537	137	538	123	402	72	377	60	367	58	368	62	371	59	374	104	460	101
22	241	23	247	57	363	61	352	55	351	60	376	68	376	60	367	58	368	62
165	588	159	361	56	358	57
101	460	104	463	105	447	95	445	94	312	44	303	41	284	33	283	40	261	28	259	36	294	159	588	165
34	286	35	262	29
80	418	81	420	82
61	378	64	385	70	350	54	340	53	344	93	444	105	461	101
95	445	94	312	44	307	42	299	39	278	32	276	34	265	30	268	86	432	92
26	246	23	241	22	214	12	211	13	208	11	210	16	221	17	225	145	569	148
118	521	129	554	136	561	140	525	119	516	117	239	21	232	20	213	12	212	14	218	16
132	558	142	339	52	330	50	331	67	337	51	333	58	341	53	310	44	307	42	299	39	278	32	276	34
132	502	113	399	72	401	115	510	141	396	69	365	57	247	23	246	26	257	161	596	165
101	373	59	371	62	368	58	347	54	350	70
64	364	57	366	117	519	136	482	109
92	432	86	268	30	265	34	272	31	271	33	284	41	304	53
26	250	24	204	10	196	9	182	5	175	2
33	285	42	302	41	304	53	341	58	368	62
8	194	9	200	163	591	160	594	166	599	162	587	159	294	36	259	28	261	40	283	33	284	41	303	44
144	405	74	406	146	571	147	574	149	172	1	167	0	167	1	169	2	175	5	182	9	187	6	187	9
91	435	87	436	92
78	411	77	412	82	420	81
6	187	9	194	8
11	209	14	217	15	220	19	229	20	232	21	239	117	516	119	525	140	484	109
62	371	59	373	101
16	216	13	211	12	214	22	241	23	247	57	363	61	352	55	346	54	340	53	344	93	444	105	461	101
2	175	5	182	9	194	8	194	9	200	163	591	160	594	166	599	162	298	38	288	34
46	313	45	227	18	226	19	222	16	210	11	197	9	194	8	194	9	200	163	591	160	594	166	599	162	298	38	288	34
80	414	79	413	78	411	77	308	42	302	41	306	70	355	55	352	61
72	401	115	393	69	394	120	530	136
62	338	52	330	50	332	71	398	114	498	113	501	131	534	121	474	107	477	134
157	583	153	582	156	576	150	441	89	440	91	435	87	436	92	438	88	439	166	597	161	257	26	246	23	248	117	517	125	545	136	551	128	552	139
148	322	46	313	45	316	97	234	20	233	22
62	334	51	336	66	370	58	347	54	350	70	360	56	256	26
141	549	127	518	117	239	21	232	20	213	12	212	14	218	16
33	282	39	301	77	412	82
44	303	41
78	411	77	301	39	282	33	281	36	292	56	359	64
62	338	52	330	50	332	71	397	72	401	115	393	69	394	120	527	125
138	524	119	516	117	517	125	544	129	521	118
62	371	59	374	104	463	105	447	95	445	94	417	79	413	78	411	77	412	82
157	579	151
33	281	36	292	56	358	57	366	117	519	136	482	109
29	264	82
72	377	60	367	58	368	62	371	59	373	101	446	95
22	241	23	247	57	363	61	352	55	346	54	340	53	344	93	442	95
83	421	88	439	166	597	161	362	56	292	36
34	276	32	280	43	309	82
165	588	159	361	56	359	64	353	55	354	69	396	141	542	124	468	106	465	118
62	334	51	336	66	375	60	351	55	352	61
34	287	37	295	38	298	162	587	159	586	161	595	164	255	25	243	22	233	20	234	97
120	466	106	467	122	499	113	502	132
165	588	159	361	56	359	64	353	55	354	69	396	141	515	116	511	123	500	113	502	132
138	240	21	232	20	213	12	202	10	206	164	601	165
16	219	15	220	19	229	20	232	21	239	117	516	119	525	140	484	109	483	139
44	303	41	306	70	385	64	364	57	366	117	519	136
131	534	121	474	107	477	134	560	139	483	109
22	214	12	211	13	208	11	210	16	176	2	169	1	172	149	574	147	571	146	406	74	405	144
80	414	79	413	78	413	79	311	44	310	53	344	93
138	524	119	516	117	366	57	363	61	352	55	346	54	340	53
144	565	146	571	147	574	149	172	1	167	0	167	1	169	2	175	5	182	9	187	6	186	7	193	163	591	160	594	166	599	162	298	38	288	34
62	338	52	330	50	332	71	391	68	392	72	401	115	508	116	515	141	531	120	527	125	517	117	516	119
62	334	51	333	58	341	53	343	65	386	70	360	56	361	159	588	165
141	357	55	351	60	376	68	389	67	337	51	334	62	371	59	374	104	460	101
16	210	11	201	10	206	164	601	165	598	162	587	159	294	36	259	28	261	40	283	33	284	41
34	272	31	274	40	290	36	292	56	358	57	366	117	517	125
148	322	46	320	48	320	46	313	45	316	97	453	99	457	138	562	140	553	128
131	557	132	558	142	339	52	330	50	331	67	337	51	333	58	341	53	310	44
44	303	41	306	70	360	56	362	161	595	164	206	10	195	8
92	432	86	268	30	265	34	276	32	278	39	301	77	411	78
78	411	77	301	39	278	32	276	34	265	30	268	86	432	92	438	88	437	90	422	83
46	313	45	315	96	450	99
132	557	131	534	121	474	107	477	134	560	139
141	549	127	518	117	239	21	232	20	213	12	212	14	218	16
148	322	46	320	48	320	46	313	45	316	97	234	20	233	22
16	216	13	211	12	214	22	241	23	247	57	363	61	352	55	346	54	340	53
118	465	106	468	124	512	116	508	115	356	55	346	54	350	70	293	36	290	40	274	31	272	34
11	207	12	214	22	241	23	247	57	363	61	352	55	351	60	376	68	376	60	367	58	368	62
22	241	23	247	57	363	61	380	115	401	72	400	114	507	142
129	544	125	517	117	239	21	232	20
34	272	31	258	28	259	36	292	56	358	57	363	61
34	276	32	278	39	300	43	309	82
62	338	52	330	50	332	71	398	114	498	113	501	131	534	121	474	107	477	134	560	139
101	460	104	384	63	382	62	338	52	330	50	332	71	397	72	399	113	499	122	467	106	469	129	550	128
141	357	55	346	54	340	53	342	63	372	59	374	104	460	101
141	531	120	527	125	545	136	551	128	481	109
62	338	52	330	50	332	71	397	72	401	115	508	116	515	141	531	120	527	125
34	276	32	278	39	299	42	307	44	312	94	445	95	447	105	461	101
144	404	73	328	49	327	48	320	46	322	148	322	46	320	48	320	46	313	45	316	97	453	99	457	138	562	140	553	128
118	465	106	470	133	559	137	538	123	402	72	377	60	367	58	368	62
34	265	30	268	86	432	92	436	87	435	91	440	89	441	150	576	156	582	153	583	157
165	588	159	294	36	259	28	261	40	283	33	282	39	301	77	411	78
6	188	163	591	160	593	165
62	338	52	339	142	558	132	557	131	556	130	533	121	474	107	477	134	487	110
62	334	51	336	66	375	60	351	55	352	61	363	57	247	23	241	22	214	12	211	13	208	11	183	5	175	2
92	438	88	439	166	603	165	601	164	206	10	203	22
33	284	41	303	44	312	94	445	95	447	105	461	101
16	219	15	220	19	229	20	232	21	239	117	517	125	527	120	531	141	515	116	514	137	503	113	502	132
130	495	112	494	121	532	122	467	106	466	120	394	69	379	61
78	411	77	301	39	278	32	276	34	287	37	295	38	298	162	598	165
132	502	113	500	123	511	116	508	115	356	55
55	355	70	293	36	259	28	258	31	272	34
157	579	151	577	152
92	432	86	433	162	598	165
6	187	9	182	5	175	2	169	1	172	149
62	334	51	336	66	375	60	351	55	353	64	359	56	251	24	204	10	196	9
139	523	118	465	106	467	122	499	113	502	132
141	357	55	353	64	359	56	251	24	204	10	195	8	194	9	187	6
34	287	37	295	38	298	162	599	166	600	163	200	9	194	8
61	363	57	247	23	241	22	203	10	195	8	194	9	199	27
92	438	88	439	166	603	165	588	159	361	56	358	57	366	117	519	136
112	485	110
33	285	42	302	41	304	53	341	58	368	62
92	436	87	435	91
22	236	21	239	117	517	125	544	129	521	118
125	527	120	394	69	393	115	509	123	402	72	377	60	367	58	368	62	371	59	374	104	460	101
16	210	11	197	9	194	8	194	9	200	163	423	83	422	90	437	88	438	92
118	465	106	468	124	512	116	508	115	356	55	346	54	350	70	293	36	259	28	258	31	272	34
2	175	5	182	9	194	8	194	9	200	163	591	160	594	166	599	162	298	38	288	34
106	465	118	523	139	489	110	478	109	479	111	458	100	451	96	449	98	317	45	313	46	320	48	320	46	322	148	322	46	320	48	327	49	328	73	404	144
46	313	45	316	97
30	265	34	272	31	274	40	290	36	293	70	350	54	346	55	356	115	508	116	513	133	536	122	532	121
26	250	24	204	10	201	11	210	16
132	557	131	534	121	474	107	477	134	560	139
62	371	59	374	104	463	105	447	95	445	94	417	79	413	78
62	334	51	333	58	341	53	304	41	284	33	282	39	278	32	276	34
148	322	46	313	45	315	96	450	99
131	505	114	507	142	339	52	330	50	331	67	337	51	333	58	341	53	304	41	284	33
44	303	41	291	36	292	56	362	161	595	164	255	25	243	22	233	20
129	544	125	517	117	248	23	245	25	255	164	601	165
141	357	55	346	54	349	65	305	41	302	42	308	77	411	78
37	260	28	261	40	290	36	293	70	350	54	346	55	356	115	508	116	512	124	468	106	464	107	477	134
62	334	51	336	66	375	60	351	55	352	61	363	57	247	23	241	22	214	12	198	9	182	5	175	2
61	378	64	385	70	306	41	302	42	308	77	411	78	411	77	412	82	420	81
144	404	73	328	49	327	48	320	46	322	148	322	46	320	48	320	46	313	45	316	97	234	20
101	373	59	371	62	338	52	330	50	332	71	397	72	401	115	510	141
62	338	52	330	50	332	71	398	114	498	113	499	122	467	106
61	380	115	401	72	399	113	502	132
144	565	146	571	147	574	149	172	1	167	0	167	1	169	2	175	5	182	9	187	6	186	7	193	163	591	160	594	166	599	162	298	38	288	34
99	450	96	315	45	313	46
144	404	73	328	49	327	48	320	46	322	148	322	46	313	45	315	96	450	99
157	579	151	579	157	585	156	576	150	441	89	424	84	425	90	437	88	438	92	432	86	268	30	265	34	276	32	278	39	299	42	307	44	312	94	345	53	344	93	383	63	382	62
131	501	113	503	137	514	116	515	141	357	55	353	64	359	56	256	26	257	161	596	165
148	322	46	313	45	316	97
62	338	52	330	50	332	71	398	114	498	113	501	131	534	121	474	107	477	134	560	139
22	243	25	249	24	252	161	586	159	587	162	298	38	267	30
52	338	62	334	51	336	66	375	60	351	55
148	322	46	313	45	316	97	234	20	232	21	237	23	247	57	363	61	352	55
141	549	127	518	117	239	21	232	20	213	12	212	14	218	16	176	2
16	216	13	211	12	214	22	241	23	247	57	363	61	352	55	351	60	376	68	376	60	367	58	368	62
80	414	79	413	78	413	79	417	94	445	95
101	460	104	443	93	344	53	343	65	386	70	360	56	251	24	253	164	253	24	242	22	214	12	198	9	182	5	175	2
41	291	36	292	56	358	57	366	117	516	119
142	507	114	498	113	503	137	514	116	508	115	380	61	363	57	247	23	241	22
16	216	13	211	12	214	22	241	23	247	57	363	61	352	55	351	60	376	68	376	60	367	58	368	62
78	411	77	301	39	278	32	276	34	287	37	295	38	298	162	599	166	594	160	591	163	193	7	189	9	199	27
165	598	162	587	159	294	36	259	28	261	40	283	33	285	42	302	41	304	53	341	58	368	62
95	442	93	344	53	340	54	346	55	354	69	394	120	527	125
16	219	15	220	19	229	20	235	99	456	111	491	135	497	112	494	121	534	131
136	519	117	518	127	395	69	354	55	353	64	385	70	306	41	302	42	308	77
38	267	30	267	38	295	37	260	28	261	40	283	33	284	41	303	44
16	216	13	211	12	214	22	241	23	247	57	363	61	352	55	351	60	376	68	376	60	367	58	368	62
165	588	159	294	36	259	28	261	40	283	33	285	42	302	41	304	53	341	58	368	62
165	603	166	439	88	438	92	436	87	435	91	428	85	429	154
92	438	88	439	166	603	165	596	161	362	56	359	64	353	55	354	69	394	120	466	106	464	107	474	121
34	287	37	295	38	298	162	598	165
157	585	156	576	150	441	89	424	84	425	90	437	88	438	92	438	88	439	166	597	161	362	56	359	64	353	55
55	352	61	363	57	247	23	241	22	214	12	207	11	210	16
62	334	51	333	58	341	53	304	41	302	42	299	39	278	32	276	34
46	313	45	316	97	453	99	456	111	479	109	478	110	487	134	522	118
2	176	16	219	15	220	19	229	20	232	21	239	117	516	119	525	140	484	109	483	139
6	187	9	182	5	175	2	169	1	167	0
41	303	44	311	79	413	78
125	543	127	395	69	354	55	353	64	359	56	292	36	290	40	274	31	272	34
62	338	52	330	50	332	71	397	72	401	115	393	69	394	120	527	125
125	543	127	395	69	354	55	353	64	385	70	306	41	302	42
2	175	5	182	9	196	10	204	24	250	26	256	56	359	64	385	70	350	54	340	53	344	93	444	105	461	101
62	338	52	330	50	332	71	398	114	498	113	501	131	534	121	474	107	477	134	487	110
109	483	139	523	118	521	129	554	136	561	140	525	119	516	117	366	57	358	56	360	70	350	54	347	58	368	62
101	460	104	463	105	444	93	344	53	304	41	284	33
128	553	140	562	138	457	99	453	97	316	45	313	46	320	48	320	46	322	148	322	46	320	48	327	49	328	73	404	144
62	334	51	333	58	341	53	310	44	307	42	299	39	278	32	276	34
148	569	145	225	17	179	3	178	16	219	15	220	19	229	20	232	21	239	117	517	125
125	543	127	395	69	354	55	346	54	340	53	344	93	442	95
55	355	70	293	36	290	40	274	31	272	34
136	554	129	521	118	465	106	467	122	499	113	502	132
78	411	77	301	39	278	32	276	34	287	37	295	38	298	162	587	159	586	161	595	164	255	25
2	175	5	182	9	194	8	194	9	200	163	591	160	594	166	599	162	298	38	288	34
118	465	106	468	124	512	116	508	115	356	55	346	54	340	53	304	41	284	33
62	334	51	336	66	375	60	351	55	352	61	363	57	247	23	241	22	214	12	207	11
134	471	106	468	124	512	116	508	115	356	55	346	54	349	65	305	41	303	44	311	79	413	78
99	456	111	479	109	478	110	488	135	497	112	495	130	533	121	534	131
163	591	160	593	165
78	411	77	301	39	278	32	276	34
78	411	77	308	42	302	41	306	70	385	64	364	57	366	117	517	125
165	588	159	361	56	359	64	353	55
34	287	37	295	38	298	162	598	165	601	164	206	10	203	22
62	338	52	330	50	332	71	391	68	392	72	402	123	538	137	559	133	470	106	465	118	521	129	554	136
82	412	77	411	78	411	77	308	42	302	41	306	70	385	64	353	55	354	69	394	120	530	136	482	109
62	334	51	336	66	375	60	351	55
99	456	111	479	109	478	110	487	134	522	118
110	485	112	495	130	533	121	534	131	557	132
16	216	13	211	12	214	22	241	23	247	57	363	61	352	55	346	54	340	53	342	63	372	59	373	101
34	276	32	280	43	309	82
134	477	107	464	106	468	124	512	116	508	115	356	55	346	54	350	70	293	36	259	28	258	31	272	34
2	175	5	182	9	196	10	204	24	244	23	247	57	364	64	385	70	350	54	347	58	333	51	334	62
2	175	5	182	9	196	10	204	24	244	23	247	57	364	64	385	70	350	54	340	53	344	93	444	105	461	101
134	560	139	489	110	478	109	479	111	456	99	453	97	316	45	313	46	322	148	566	144
2	175	5	182	9	194	8	194	9	200	163	591	160	594	166	599	162	298	38	288	34
136	554	129	521	118	465	106	467	122	499	113	502	132
101	460	104	384	63	342	53	340	54	346	55
62	371	59	374	104	463	105	447	95	445	94	417	79	413	78	411	77	412	82
62	334	51	333	58	341	53	343	65	386	70	360	56	361	159	588	165
144	405	74	406	146	571	147	574	149	172	1	167	0	167	1	169	2	175	5	182	9	187	6	186	7	193	163	591	160	593	165
118	521	129	554	136	561	140	525	119	516	117	239	21	232	20	213	12	212	14	218	16	176	2
144	404	73	328	49	327	48	320	46	322	148	322	46	320	48	320	46	313	45	316	97	453	99	457	138
118	522	134	487	110	478	109	479	111	456	99	453	97	316	45	313	46	320	48	320	46	322	148	322	46	320	48	327	49	328	73	404	144
118	465	106	468	124	512	116	508	115	356	55	346	54	350	70	293	36	290	40	274	31	272	34
132	502	113	499	122	467	106	465	118	521	129	550	128
95	442	93	344	53	340	54	346	55	352	61	363	57	247	23	241	22
55	351	60	367	58	368	62
165	588	159	361	56	358	57	366	117	517	125
62	371	59	374	104	463	105	447	95	445	94	417	79	413	78	411	77	412	82
34	265	30	268	86	432	92
97	453	99	456	111	479	109	478	110	488	135	488	110	488	135	497	112	495	130	533	121	534	131	557	132	558	142	339	52	338	62
118	521	129	544	125	546	140	525	119	516	117	239	21	232	20	213	12	212	14	209	11
20	233	22	243	25	255	164	595	161	586	159	587	162	587	159	294	36	259	28	261	40	283	33	282	39	299	42	308	77	411	78
80	414	79	413	78
157	579	151	577	152	580	155	584	158
132	558	142	339	52	330	50	331	67	337	51	333	58	341	53	304	41
82	412	77	411	78	413	79	311	44	310	53
99	235	20	233	22	243	25	255	164	595	161	586	159	587	162	298	38	288	34
9	196	10	204	24	251	56	359	64	353	55
144	565	146	571	147	574	149	172	1	167	0	167	1	169	2	175	5	182	9	187	6	188	163
34	276	32	280	43	309	82
16	221	17	225	145	569	148	322	46	320	48	327	49	328	73	404	144
99	456	111	479	109	478	110	488	135	497	112	495	130	533	121	534	131	557	132	558	142	339	52	338	62
53	304	41	291	36	294	159	588	165
29	262	35	266	30	268	86	426	85	429	154	581	153	578	151	577	152	580	155	584	158
139	483	109	482	136	545	125	543	127	395	69	354	55	353	64	359	56	292	36	281	33
134	477	107	464	106	466	120	394	69	379	61
16	176	2	169	1	167	0	168	143	408	75
34	272	31	274	40	290	36	292	56	359	64	353	55	354	69	394	120	530	136
55	352	61	363	57	247	23	237	21	232	20	235	99
33	271	31	258	28	259	36	294	159	586	161	595	164	253	24	242	22	214	12	198	9	182	5	175	2
112	472	107	474	121	534	131
109	482	136	519	117	518	127	395	69	354	55	353	64	359	56	292	36	281	33
82	412	77	411	78
61	378	64	359	56	292	36	281	33
44	310	53	344	93	444	105	461	101
99	235	20	232	21	237	23	247	57	363	61
139	483	109	484	140	525	119	516	117	239	21	232	20	213	12	212	14	218	16	176	2
121	534	131	557	132	558	142	339	52	338	62
92	438	88	437	90	422	83	423	163	200	9	197	11
138	240	21	232	20	213	12	212	14	209	11
16	210	11	201	10	206	164	601	165	598	162	298	38	267	30
2	175	5	182	9	196	10	204	24	250	26	256	56	359	64	385	70	350	54	340	53	344	93
92	432	86	268	30	265	34	276	32	275	33	284	41	303	44	312	94	445	95
134	560	139	489	110	478	109	479	111	456	99	453	97	316	45	313	46
144	565	146	571	147	574	149	172	1	167	0	167	1	169	2	175	5	182	9	187	6	186	7	190	83
165	593	160	591	163	193	7	186	6
46	313	45	316	97	453	99	457	138	562	140	561	136
62	338	52	330	50	332	71	397	72	401	115	510	141
99	450	96	315	45	313	46	322	148
46	313	45	316	97	453	99	456	111	479	109	478	110	487	134
62	338	52	330	50	330	52	339	142	558	132	557	131	535	122	467	106	465	118
34	287	37	295	38	298	162	599	166	594	160	591	163	200	9	194	8	194	9	197	11	183	5	175	2
62	338	52	330	50	332	71	397	72	402	123	538	137	537	122	467	106	465	118
2	175	5	182	9	194	8
165	603	166	439	88	438	92	432	86	426	85	426	86	268	30	266	35	262	29
101	460	104	463	105	447	95	445	94	417	79	416	82	264	29	262	35	266	30
144	404	73	328	49
110	478	109	479	111	456	99	453	97	316	45	313	46	320	48	320	46	322	148	322	46	320	48	327	49	328	73	404	144
61	363	57	247	23	237	21	232	20	235	99
1	169	2	175	5	182	9	187	6
34	276	32	278	39	299	42	307	44	312	94	345	53	344	93	383	63	382	62
32	277	35	262	29
158	584	155	580	152	577	151	578	153	582	156	576	150	441	89	440	91	435	87	436	92
110	478	109	479	111	456	99	453	97	316	45	313	46	320	48	320	46	322	148	566	144
78	411	77	412	82
136	530	120	531	141	515	116	508	115	401	72	392	68	389	67	337	51	334	62	371	59	373	101
8	195	10	206	164	253	24	244	23	248	117	519	136
55	352	61	363	57	247	23	237	21	232	20	229	19	230	45	313	46
130	495	112	494	121	532	122	467	106	465	118	521	129	544	125	517	117	239	21	236	22
22	236	21	239	117	517	125	544	129	521	118	465	106	467	122	475	107	472	112	495	130
10	201	11	210	16
44	303	41	306	70	360	56	362	161	595	164	255	25	205	10	202	12	198	9	182	5	175	2
62	371	59	374	104	460	101
144	404	73	328	49	327	48	323	47	326	98	449	96	451	100	458	111	479	109	478	110
22	241	23	247	57	363	61	352	55	346	54	340	53	344	93	442	95
16	210	11	197	9	194	8	194	9	200	163	591	160	594	166	599	162	298	38	288	34
142	507	114	400	72	401	115	510	141
16	210	11	197	9	189	7	190	83
92	432	86	426	85
92	438	88	437	90	422	83	190	7	186	6	187	9	199	27	181	4	174	2	176	16
141	531	120	527	125	546	140	562	138	457	99
144	405	74	406	146	571	147	574	149	172	1	170	3	178	16	219	15	220	19	229	20	232	21	239	117	517	125
118	465	106	468	124	512	116	508	115	356	55	346	54	340	53	344	93	442	95
61	379	69	394	120	466	106	471	134
142	507	114	505	131	534	121	474	107	477	134	487	110
97	448	96	315	45	313	46	320	48	320	46	322	148	322	46	320	48	327	49	328	73	404	144
61	363	57	247	23	237	21	238	99
46	313	45	316	97	453	99	457	138	562	140	561	136
34	286	35	262	29
110	478	109	482	136	545	125	543	127	395	69	379	61	378	64	359	56	292	36	281	33
148	569	145	570	149	172	1	167	0	167	1	169	2	175	5	182	9	187	6	186	7	193	163	591	160	593	165
130	495	112	494	121	532	122	499	113	399	72	401	115	356	55	346	54	350	70	293	36	290	40	274	31	272	34
121	494	112
101	373	59	372	63	335	51	337	67	331	50	332	71	397	72	401	115	510	141
8	194	9	187	6
134	560	139	483	109	482	136	545	125	517	117	248	23	244	24	249	25	249	24	252	161	596	165
148	322	46	320	48	323	47	326	98	449	96	451	100	458	111	479	109
2	176	16	219	15	220	19	229	20	232	21	239	117	517	125	527	120	526	124
78	413	79	417	94	345	53	344	93	383	63	335	51	337	67	331	50	332	71	398	114
82	412	77	411	78	411	77	301	39	282	33
33	284	41	304	53	341	58	368	62
22	243	25	249	24	252	161	596	165	598	162	433	86	432	92
73	328	49	327	48	320	46	322	148
141	357	55	355	70	293	36	259	28	258	31	272	34
16	184	5	185	27	199	9	187	6
88	439	166	603	165
134	477	107	474	121	534	131	557	132	558	142	339	52	338	62
34	276	32	278	39	299	42	307	44	312	94	345	53	344	93	383	63	382	62
62	334	51	336	66	375	60	351	55	352	61	363	57	366	117
125	546	140	562	138	457	99
62	334	51	336	66	375	60	351	55	352	61	363	57	247	23	241	22	214	12	198	9	182	5	175	2
62	334	51	336	66	375	60	351	55	352	61	363	57	247	23	241	22	214	12	198	9	182	5	175	2
20	234	97	316	45	313	46	322	148
82	412	77	411	78
139	523	118	465	106	470	133	559	137	538	123	402	72	377	60	367	58	368	62
76	410	144
139	523	118	465	106	467	122	535	131	557	132	558	142	339	52	338	62
134	487	110	478	109	479	111	456	99	453	97	316	45	313	46	322	148
97	234	20	233	22
44	303	41	306	70	385	64	353	55	354	69	394	120	530	136	482	109
16	219	15	220	19	229	20	232	21	239	117	517	125	527	120	466	106	467	122	535	131
118	465	106	468	124	512	116	508	115	356	55	355	70
138	524	119	516	117	517	125
26	256	56	292	36	281	33
121	532	122	467	106	466	120	394	69	354	55
55	354	69	394	120	530	136
110	478	109	482	136	545	125	517	117	239	21	236	22	203	10	195	8	194	9	200	163
80	414	79	413	78
61	378	64	353	55	346	54	340	53	342	63	372	59	373	101
121	532	122	537	137	514	116	515	141	396	69	379	61	378	64	359	56	292	36	259	28
55	351	60	377	72	399	113	499	122	532	121
95	442	93	383	63	382	62	338	52	330	50	332	71	398	114	498	113	499	122	532	121
16	210	11	197	9	194	8	194	9	200	163	423	83	422	90	437	88	438	92
55	351	60	377	72	399	113	502	132
62	338	52	330	50	332	71	397	72	401	115	393	69	394	120	527	125
28	258	31	270	32	280	43
110	487	134	522	118	465	106	470	133	559	137	538	123	402	72	392	68	389	67	337	51	334	62	371	59	374	104	460	101
165	593	160	591	163	200	9	194	8	194	9	197	11	210	16	176	2	169	1	172	149	570	145	567	146	565	144
92	436	87	435	91	440	89	441	150	576	156	582	153	583	157
62	334	51	333	58	341	53	304	41	284	33	282	39	278	32	276	34	265	30	268	86	432	92	436	87	435	91	440	89	441	150	576	156	582	153	583	157
97	231	19	222	16	176	2
33	281	36	293	70	350	54	348	60	377	72	399	113	502	132
119	524	138	457	99	450	96	315	45	313	46
6	187	9	196	10	203	22	236	21	239	117	518	127	549	141
105	444	93	344	53	343	65	386	70	360	56	362	161	595	164	206	10	195	8	194	9	197	11	210	16
34	272	31	258	28	259	36	292	56	359	64
62	338	52	330	50	332	71	391	68	392	72	402	123	538	137	559	133	470	106	465	118	521	129	554	136
124	468	106	464	107	474	121
144	404	73	328	49	327	48	323	47	324	96	450	99
165	588	159	361	56	358	57	366	117	519	136
8	194	9	200	163	423	83	422	90	425	84	424	89	441	150	576	156	582	153	583	157
42	285	33	283	40	261	28	259	36	294	159	586	161	595	164	206	10	195	8	194	9	197	11	210	16
133	513	116	511	123	402	72	377	60	367	58	368	62
29	262	35	266	30	268	86	426	85	429	154	581	153	578	151	577	152	580	155	584	158
109	482	136	519	117	518	127	395	69	354	55	353	64	385	70	306	41	302	42	308	77	411	78
62	334	51	333	58	341	53	310	44
29	262	35	266	30
99	453	97	316	45	313	46	320	48	320	46	322	148	322	46	320	48	327	49	329	76	403	73	404	144	405	74
101	460	104	384	63	342	53	304	41	284	33	271	31	272	34
62	371	59	374	104	460	101
62	334	51	333	58	341	53	310	44
83	422	90	192	7	189	9	182	5	175	2	169	1
62	338	52	330	50	332	71	397	72	401	115	393	69	394	120	530	136
2	176	16	219	15	220	19	229	20	232	21	239	117	516	119	525	140	561	136
144	410	76
132	502	113	399	72	377	60	351	55
62	334	51	336	66	375	60	348	54	350	70
109	483	139	523	118	465	106	470	133	559	137	538	123	402	72	377	60	367	58	368	62
62	338	52	339	142	558	132	557	131	535	122	467	106	465	118
136	561	140	525	119	516	117	239	21	232	20	213	12	212	14	218	16	176	2
61	378	64	353	55	346	54	340	53	342	63	372	59	373	101
118	465	106	468	124	512	116	508	115	356	55	346	54	340	53	304	41	284	33
139	523	118	465	106	470	133	559	137	538	123	402	72	377	60	367	58	368	62
118	521	129	554	136	545	125	543	127	395	69	379	61	378	64	385	70
62	338	52	339	142
125	517	117	239	21	232	20	213	12	212	14	218	16	176	2
62	334	51	333	58	341	53	304	41	291	36	259	28
29	262	35	286	34	272	31	274	40	290	36	292	56	358	57	363	61
101	460	104	463	105	444	93	344	53	340	54	346	55	352	61	363	57	247	23	237	21
144	565	146	571	147	574	149	172	1	167	0	167	1	169	2	175	5	182	9	187	6	186	7	193	163	591	160	594	166	599	162	587	159	294	36	281	33
85	426	86	432	92	438	88	439	166	603	165
110	478	109	482	136	545	125	517	117	248	23	244	24	249	25	249	24	252	161	586	159	587	162	298	38	267	30	267	38
162	598	165
157	583	153	582	156	576	150	441	89	440	91	435	87	436	92	438	88	439	166	603	165	601	164	206	10	203	22
101	373	59	372	63	342	53	343	65	386	70	360	56	359	64	359	56	256	26
121	474	107	477	134	560	139	483	109	479	111	492	138
62	334	51	333	58	341	53	304	41	284	33
34	272	31	258	28	259	36	293	70
27	199	9	187	6	186	7	193	163	591	160	593	165	598	162	587	159	294	36	281	33
165	598	162	298	38	288	34	286	35	262	29
42	285	33	283	40	261	28	259	36	294	159	586	161	595	164	253	24	242	22	214	12	198	9	182	5	175	2
55	346	54	349	65	305	41	302	42	308	77	411	78
33	285	42	302	41	304	53	341	58	368	62
95	442	93	344	53	340	54	346	55	352	61	363	57	247	23	241	22
62	338	52	330	50	332	71	397	72	401	115	508	116	515	141	531	120	530	136
2	175	5	182	9	194	8	194	9	200	163	591	160	594	166	599	162	298	38	288	34
109	481	128	551	136	519	117	366	57	364	64
6	188	163
121	534	131	557	132
62	334	51	336	66	375	60	351	55	352	61	363	57	247	23	241	22	214	12	207	11	210	16
132	502	113	499	122	467	106	465	118
34	287	37	295	38	298	162	599	166	594	160	591	163	200	9	197	11
118	521	129	544	125	546	140	562	138	240	21	232	20
97	231	19	224	17
27	181	4	174	2	176	16	221	17	223	18	227	45	313	46
34	287	37	295	38	298	162	599	166	594	160	591	163
83	190	7	186	6	187	9	199	27	181	4	174	2
34	287	37	295	38	298	162	599	166	594	160	591	163	188	6
78	413	79	414	80
16	210	11	207	12	214	22	241	23	247	57	363	61	352	55	351	60	376	68	389	67	337	51	334	62
157	579	151	579	157	585	156	576	150	441	89	424	84	425	90	437	88	438	92	438	88	439	166	603	165
136	519	117	248	23	245	25	249	24	252	161	597	166	439	88	421	83
78	411	77	308	42	302	41	306	70	385	64	353	55	354	69	395	127	518	117	519	136	551	128
64	359	56	251	24	242	22	233	20	229	19	230	45	313	46
80	414	79	413	78	411	77	301	39	282	33
132	557	131	534	121	474	107	477	134	560	139
101	373	59	372	63	335	51	337	67	331	50	330	52	339	142	558	132
78	411	77	301	39	278	32	276	34	287	37	295	38	298	162	587	159	586	161	595	164
61	363	57	247	23	244	24	253	164
62	338	52	339	142	558	132	557	131	534	121	474	107	477	134	487	110
125	517	117	366	57	364	64	385	70	306	41	302	42	308	77	411	78
110	485	112	495	130	556	131	557	132	558	142	339	52	338	62
34	287	37	295	38	298	162	587	159	586	161	595	164	255	25	243	22	233	20
95	445	94	312	44	303	41	284	33	271	31	272	34
136	561	140	562	138	457	99
44	310	53	340	54	348	60	377	72	399	113	501	131
62	334	51	333	58	341	53	310	44	307	42	285	33	271	31	272	34
164	253	24	244	23	247	57	363	61	381	141
132	558	142	339	52	338	62
104	384	63	342	53	340	54	346	55	352	61	363	57	247	23	241	22
128	553	140	562	138	457	99	453	97	316	45	313	46	322	148
78	411	77	412	82
101	373	59	372	63	342	53	343	65	386	70	385	64
118	465	106	468	124	512	116	508	115	356	55
136	554	129	521	118	465	106	467	122	535	131
136	545	125	517	117	248	23	245	25	255	164	601	165
22	214	12	211	13	208	11	210	16	176	2	169	1	172	149	574	147	571	146	406	74	405	144
144	405	74	406	146	571	147	574	149	172	1	170	3	178	16
62	338	52	330	50	332	71	398	114	498	113	501	131	534	121	474	107	477	134
165	593	160	591	163
33	271	31	258	28	259	36	294	159	586	161	595	164	206	10	203	22
62	334	51	336	66	375	60	351	55	352	61	363	57	247	23	241	22	214	12	207	11	210	16
2	175	5	185	27	199	9	187	6	186	7	193	163	591	160	594	166	599	162	587	159	294	36	259	28	261	40	283	33	285	42
148	569	145	570	149	172	1	167	0	167	1	169	2	175	5	182	9	187	6	186	7	193	163	591	160	594	166	599	162	298	38	288	34
128	550	129	529	120	528	127	395	69	354	55	346	54	340	53
33	285	42	302	41	304	53	341	58	368	62
8	195	10	206	164	253	24	244	23	247	57	363	61
92	438	88	439	166	597	161	595	164	255	25	243	22	233	20
34	272	31	274	40	290	36	292	56	359	64	353	55	354	69	394	120	527	125
80	414	79	413	78	413	79	417	94	345	53	344	93	383	63	382	62
78	411	77	301	39	278	32	276	34
2	177	17	223	18	227	45	313	46
33	284	41	304	53	341	58	368	62
139	483	109	484	140	525	119	516	117	239	21	232	20	213	12	212	14	209	11
61	363	57	247	23	241	22	214	12	211	13	208	11	210	16	221	17	225	145	569	148
62	334	51	333	58	341	53	304	41	284	33
61	352	55	346	54	340	53	344	93	444	105	461	101
16	216	13	211	12	214	22	241	23	247	57	363	61	352	55	351	60	376	68	376	60	367	58	368	62
131	501	113	500	123	511	116	508	115	356	55	346	54	350	70	293	36	290	40	274	31	272	34
132	502	113	499	122	467	106	465	118	521	129	554	136
139	483	109	484	140	562	138	457	99
155	580	152	577	151	578	153	581	154	429	85	428	91	435	87	436	92	432	86	268	30	265	34
34	272	31	258	28	259	36	292	56	358	57	366	117	519	136	482	109
128	550	129	521	118	465	106	467	122	535	131	557	132
6	187	9	182	5	175	2	169	1	167	0	168	143	408	75
33	275	32	276	34	287	37	295	38	298	162	587	159	586	161	595	164	255	25	243	22	233	20
16	210	11	197	9	194	8	194	9	200	163	591	160	594	166	599	162	587	159	294	36	281	33
33	284	41	306	70	385	64	364	57	366	117	519	136
165	593	160	591	163
157	583	153	582	156	576	150	441	89	440	91	435	87	436	92	432	86	268	30	267	38	295	37	273	31	271	33
83	190	7	186	6	187	9	182	5	175	2	169	1	167	0	167	1	172	149	570	145	567	146	565	144
8	195	10	206	164	206	10	205	25	254	26	256	56	359	64	385	70	350	54	340	53
157	585	156	576	150	441	89	440	91	435	87	436	92	438	88	439	166	603	165	601	164	206	10	203	22
34	265	30
109	484	140	525	119	516	117	239	21	232	20	213	12	212	14	218	16	176	2
118	465	106	467	122	537	137	538	123	402	72	377	60	367	58	368	62
61	352	55	355	70	306	41	302	42	308	77	411	78
8	194	9	187	6
78	411	77	412	82
139	523	118	465	106	467	122	535	131	557	132	558	142	339	52	338	62
74	405	144	410	76	403	73	403	76	403	73	328	49	327	48	320	46	322	148	322	46	320	48	320	46	313	45	316	97	234	20
62	334	51	336	66	375	60	351	55	352	61	363	57	247	23	241	22	214	12	198	9	182	5	175	2
136	530	120	531	141	515	116	508	115	401	72	392	68	389	67	337	51	334	62	371	59	374	104	460	101
157	579	151	577	152	577	151	577	152
109	482	136	519	117	248	23	246	26
75	407	76	410	144
165	593	160	591	163	193	7	186	6	187	9	199	27	181	4	174	2
2	175	5	183	11	207	12	214	22	241	23	247	57	363	61	352	55	351	60	376	68	389	67	337	51	334	62
78	413	79	311	44	310	53	341	58	368	62	338	52
36	281	33	282	39	301	77	411	78
165	598	162	587	159	294	36	259	28	261	40	283	33	284	41	304	53	344	93	444	105
139	523	118	465	106	467	122	535	131	557	132	558	142	339	52	338	62
165	601	164	206	10	195	8	194	9	197	11	210	16
44	303	41	306	70	360	56	362	161	595	164	206	10	195	8	194	9	197	11	210	16
109	482	136	519	117	518	127	395	69	354	55	353	64	359	56	292	36	259	28	258	31	272	34
136	561	140	525	119	516	117	239	21	232	20	213	12	212	14	218	16
136	530	120	394	69	354	55	346	54	347	58	368	62
112	472	107	474	121	534	131	557	132
8	195	10	206	164	206	10	203	22	236	21	239	117	517	125	527	120	531	141	515	116	514	137	503	113	502	132
57	358	56	360	70	350	54	340	53	344	93	444	105	461	101
16	219	15	220	19	229	20	232	21	239	117	518	127	549	141
29	262	35	286	34
118	465	106	467	122	537	137	538	123	402	72	392	68	389	67	337	51	334	62	371	59	374	104	460	101
55	352	61	363	57	247	23	241	22	214	12	211	13	208	11	210	16	176	2	169	1	172	149	574	147	571	146	563	143	409	76	410	144
16	176	2	169	1	172	149	570	145	569	148	322	46	320	48	327	49
141	549	127	518	117	239	21	232	20	213	12	212	14	218	16	176	2
83	422	90	425	84	424	89	441	150	576	156	582	153	583	157
95	445	94	312	44	307	42	299	39	278	32	276	34
44	303	41	305	65	349	54	346	55	356	115	508	116	512	124	468	106	464	107	477	134	560	139
132	558	142	339	52	330	50	331	67	337	51	333	58	341	53	310	44	311	79	413	78
92	432	86	426	85	426	86	268	30	266	35	262	29
34	272	31	274	40	290	36	293	70	350	54	348	60	377	72	399	113	501	131
142	339	52	338	62	371	59	374	104	463	105	447	95	445	94	417	79	413	78
33	271	31	272	34	265	30	268	86	432	92	436	87	435	91	440	89	441	150	576	156	582	153	583	157
164	206	10	202	12	213	20	235	99
78	413	79	415	81
11	197	9	200	163	591	160	594	166	599	162	298	38	288	34
20	232	21	239	117	516	119	525	140	553	128	481	109	478	110
101	373	59	372	63	342	53
20	235	99	456	111	491	135	497	112	494	121	534	131	557	132
16	219	15	220	19	229	20	232	21	239	117	517	125	527	120	531	141	515	116	514	137	503	113	498	114	507	142
112	485	110	478	109	479	111	458	100	451	96	315	45	313	46
61	363	57	247	23	244	24	252	161	586	159	587	162
78	411	77	308	42	302	41	306	70	385	64	378	61	379	69	395	127	543	125	544	129	521	118
34	272	31	274	40	290	36	292	56	359	64	353	55	354	69	365	57	247	23	237	21	240	138
16	210	11	197	9	194	8	195	10	205	25	254	26	256	56	359	64	385	70	350	54	340	53
55	346	54	340	53	344	93	444	105	461	101
95	442	93	344	53	340	54	346	55	354	69	394	120	466	106	464	107	477	134	560	139
16	216	13	211	12	202	10	204	24	251	56	359	64	353	55	351	60	376	68	376	60	367	58	368	62
8	194	9	197	11	210	16	221	17	223	18	227	45	313	46
101	373	59	371	62
2	176	16	219	15	220	19	229	20	232	21	239	117	516	119	525	140	553	128
34	276	32	278	39	299	42	307	44	312	94	345	53	344	93	383	63	382	62
20	232	21	237	23	247	57	364	64	385	70	350	54	340	53	344	93	442	95
148	569	145	225	17	179	3	178	16	210	11	208	13	211	12	214	22	241	23	247	57	363	61	352	55	351	60	367	58	368	62
55	353	64	359	56	251	24	204	10	201	11	210	16
62	334	51	333	58	341	53	304	41	284	33	271	31	272	34
101	373	59	372	63	342	53	343	65	386	70	360	56	362	161	595	164	206	10	195	8	194	9	197	11	210	16	221	17	225	145	569	148
118	465	106	470	133	559	137	538	123	402	72	392	68	389	67	337	51	334	62	371	59	374	104	460	101
101	460	104	463	105	444	93	344	53	304	41
113	500	123	402	72	392	68	389	67	337	51	334	62	371	59	374	104	460	101
32	275	33	284	41	303	44	312	94	445	95	446	101
44	303	41	284	33	283	40	261	28	259	36	294	159	588	165
16	210	11	197	9	194	8	194	9	200	163	423	83	422	90	437	88	438	92
44	303	41	305	65	349	54	346	55	356	115	508	116	512	124	468	106	464	107	477	134	487	110
16	219	15	220	19	229	20	232	21	239	117	516	119	525	140	553	128	481	109	478	110
62	334	51	333	58	341	53	310	44
22	241	23	247	57	363	61	352	55	351	60	367	58	368	62
132	557	131	534	121	474	107	477	134	560	139
158	584	155	580	152	577	151	578	153	581	154	429	85	428	91	435	87	436	92	432	86	268	30	265	34
33	283	40	274	31	272	34	286	35	262	29
132	502	113	503	137	514	116	515	141	357	55	353	64	359	56	256	26	257	161	596	165
6	187	9	182	5	175	2	169	1	167	0	168	143	408	75
121	534	131	557	132
136	519	117	518	127	395	69	354	55	346	54	340	53	344	93	442	95
139	483	109	482	136	545	125	517	117	248	23	244	24	252	161	597	166	439	88	438	92	436	87	435	91	440	89	441	150	576	156	582	153	583	157
95	442	93	344	53	340	54	346	55	352	61	363	57	247	23	237	21	232	20
33	282	39	301	77	412	82
164	255	25	249	24	244	23	247	57	365	69	396	141	542	124	468	106	464	107	477	134
109	482	136	519	117	518	127	395	69	354	55	353	64	359	56	292	36	290	40	274	31	272	34
99	450	96	324	47	323	48	327	49	328	73	404	144
16	210	11	197	9	194	8	194	9	200	163	423	83	422	90	437	88	438	92
61	363	57	247	23	237	21	232	20	229	19	222	16	176	2
82	309	43	280	32	275	33
101	460	104	384	63	342	53	304	41	302	42
62	338	52	330	50	332	71	398	114	498	113	501	131	534	121	474	107	477	134	560	139	483	109
34	287	37	295	38	298	162	599	166	594	160	591	163	200	9	194	8	194	9	197	11	210	16
22	243	25	249	24	252	161	586	159	587	162	587	159	294	36	259	28	261	40	283	33	282	39	301	77	411	78
165	603	166	439	88	438	92	436	87	435	91	440	89	441	150	576	156	582	153	583	157
29	262	35	266	30	268	86	426	85	426	86	432	92	438	88	437	90	422	83	190	7	186	6	187	9	199	27	181	4	174	2
93	443	104
136	554	129	521	118	465	106	467	122	535	131
144	404	73	328	49	327	48	320	46	322	148	322	46	320	48	320	46	313	45	316	97	234	20
82	412	77	411	78
157	583	153	582	156	576	150	441	89	440	91	435	87	436	92	438	88	439	166	597	161	252	24	244	23	248	117	517	125	545	136	551	128	552	139
165	593	160	591	163	200	9	194	8	194	9	197	11	210	16	176	2	169	1	172	149	570	145	567	146	565	144
141	357	55	346	54	350	70	293	36	290	40	274	31	272	34
157	585	156	576	150	441	89	440	91	435	87	436	92	438	88	439	166	603	165	601	164	206	10	203	22
83	422	90	437	88	438	92	432	86	268	30	265	34
148	322	46	320	48	320	46	313	45	316	97	234	20	233	22
148	322	46	313	45	316	97
78	411	77	412	82	420	81
95	446	101
62	338	52	330	50	332	71	397	72	402	123	538	137	537	122	467	106	465	118
6	187	9	182	5	175	2	169	1	172	149	574	147	571	146	406	74	405	144
144	404	73	328	49
139	483	109	484	140	562	138	457	99	453	97	316	45	313	46	320	48	320	46	322	148	322	46	320	48	327	49	328	73	404	144
118	521	129	554	136	561	140	525	119	516	117	239	21	232	20	213	12	212	14	218	16	176	2
154	429	85	428	91	435	87	436	92	438	88	439	166	603	165
36	292	56	358	57	363	61
62	338	52	330	50	332	71	397	72	401	115	510	141
21	236	22	203	10	206	164	601	165
2	175	5	183	11	207	12	214	22	241	23	247	57	363	61	352	55	351	60	376	68	376	60	367	58	368	62
155	580	152	577	151
73	404	144	404	73	328	49	327	48	323	47	324	96	450	99
61	380	115	401	72	400	114	507	142
34	272	31	271	33	284	41	304	53
134	477	107	474	121	534	131	557	132	558	142	339	52	338	62
144	405	74	406	146	571	147	574	149	172	1	170	3	178	16
34	265	30	268	86	432	92
132	557	131	534	121	474	107	477	134	560	139
55	355	70	293	36	259	28	258	31	272	34
95	442	93	344	53	340	54	346	55	354	69	395	127	543	125	545	136
136	530	120	531	141	515	116	508	115	356	55	346	54	349	65	305	41	302	42	308	77	411	78
74	405	144	410	76	407	75	408	143	564	147
147	564	143
49	327	48	323	47	324	96	450	99
22	241	23	247	57	363	61	352	55	351	60	376	68	376	60	367	58	368	62
140	525	119	516	117	248	23	244	24	252	161	596	165
16	216	13	211	12	214	22	241	23	247	57	363	61	352	55	351	60	376	68	376	60	367	58	368	62
95	442	93	344	53	340	54	346	55	357	141
20	233	22	243	25	255	164	595	161	586	159	587	162	587	159	294	36	259	28	261	40	283	33	282	39	301	77	411	78
165	603	166	439	88	438	92	436	87	435	91	428	85	429	154	581	153	578	151	577	152	580	155	584	158
44	303	41	305	65	349	54	346	55	356	115	508	116	512	124	468	106	464	107	477	134
16	219	15	220	19	229	20	232	21	239	117	516	119	525	140	546	125	544	129	521	118
162	587	159	361	56	358	57	363	61
132	502	113	503	137	514	116	515	141	531	120	527	125	517	117	239	21	236	22
118	465	106	467	122	499	113	502	132
132	502	113	399	72	377	60	348	54	350	70	293	36	294	159	589	166	439	88	437	90	425	84	191	7	189	9	196	10	204	24	251	56	360	70	350	54	347	58	368	62
148	569	145	225	17	179	3	173	2	175	5	182	9	196	10	205	25	254	26
99	456	111	479	109	478	110	489	139	523	118	465	106	470	133	559	137	538	123	402	72	377	60	367	58	368	62
101	373	59	372	63	342	53
65	305	41	284	33
16	176	2	169	1	172	149	574	147	571	146	563	143	409	76	410	144	405	74
62	334	51	336	66	375	60	351	55	352	61	363	57	247	23	241	22	214	12	207	11	210	16
101	373	59	372	63	342	53	304	41
81	420	82	420	81	415	79	413	78
136	530	120	531	141	515	116	508	115	401	72	392	68	376	60	367	58	368	62
78	411	77	301	39	278	32	276	34	287	37	295	38	298	162	587	159	586	161	595	164	206	10	203	22
78	411	77	308	42	302	41	305	65	349	54	346	55	356	115	508	116	512	124	468	106
78	411	77
53	304	41	284	33	271	31	272	34
144	404	73	328	49	327	48	320	46	322	148	322	46	320	48	320	46	313	45	316	97	234	20	232	21	237	23	247	57	363	61	352	55
33	271	31	272	34	265	30	268	86	432	92	436	87	435	91	440	89	441	150	576	156	582	153	583	157
43	300	39	278	32	276	34	287	37	295	38	298	162	599	166	594	160	591	163	200	9	194	8	194	9	197	11	183	5	175	2
22	241	23	247	57	363	61	352	55	351	60	367	58	368	62
92	432	86	433	162	598	165	601	164	255	25
34	276	32	278	39	299	42	307	44	312	94	345	53	344	93	383	63	382	62	338	52	339	142
165	598	162	587	159	294	36	259	28	261	40	283	33	284	41
165	588	159	361	56
6	187	9	194	8
8	195	10	206	164	206	10	203	22	241	23	248	117	517	125	545	136	551	128	552	139	560	134
53	341	58	333	51	337	67	331	50	330	52	339	142	558	132
34	276	32	278	39	299	42	307	44	312	94	345	53	344	93	383	63	382	62
33	281	36	292	56	358	57	366	117	519	136	551	128
118	465	106	468	124	512	116	508	115	356	55	346	54	340	53	310	44
103	462	102	459	101
72	401	115	510	141	531	120	527	125	517	117	239	21	232	20	213	12	212	14	218	16
62	334	51	336	66	375	60	351	55	352	61
110	485	112	495	130	556	131	557	132	558	142	339	52	338	62
97	231	19	222	16	178	3
32	270	31	273	37	295	38	298	162	599	166	594	160	591	163	200	9	194	8	194	9	197	11	210	16
62	338	52	339	142	558	132	557	131	535	122	467	106	465	118	521	129	550	128	481	109
2	175	5	183	11	207	12	214	22	241	23	247	57	363	61	352	55	351	60	376	68	376	60	367	58	368	62
136	561	140	562	138	457	99	453	97	316	45	313	46	320	48	320	46	322	148	322	46	320	48	327	49	328	73	404	144
155	580	152	577	151	578	153	581	154	429	85	428	91	435	87	436	92	432	86	268	30	265	34
131	534	121	533	130	495	112	497	135	488	110	478	109	479	111	456	99	453	97
148	322	46	313	45	316	97	453	99	457	138	562	140	553	128	552	139
22	214	12	211	13	208	11	210	16	176	2	169	1	172	149	574	147	571	146	406	74	405	144
101	460	104	463	105	447	95	445	94	312	44	307	42	299	39	278	32	276	34
34	272	31	274	40	290	36	292	56	359	64	378	61	379	69	395	127	543	125	544	129	521	118
139	483	109	484	140	562	138	457	99	453	97	316	45	313	46	322	148
16	176	2	169	1	172	149	574	147	571	146	406	74	405	144
55	353	64	359	56	251	24	204	10	196	9
64	385	70	350	54	340	53	344	93	444	105	461	101
42	307	44
78	411	77	308	42	302	41	306	70
158	584	155	580	152	577	151	579	157
61	379	69	394	120	466	106	465	118
55	352	61	363	57	247	23	241	22	214	12	207	11
62	334	51	333	58	341	53	343	65	386	70	360	56	362	161	597	166	439	88	421	83
141	357	55	346	54	349	65	305	41	302	42	308	77	411	78
99	457	138	492	111	479	109	483	139
109	482	136	545	125	543	127	395	69	354	55	353	64	385	70	306	41	302	42	308	77	411	78
6	187	9	182	5	175	2	169	1	167	0	168	143	408	75
42	302	41	306	70	385	64	353	55	354	69	395	127	543	125	545	136	551	128	552	139
118	465	106	466	120	394	69	354	55	355	70	293	36	281	33	275	32
165	596	161	362	56	359	64	353	55
6	187	9	194	8	195	10	204	24	244	23	247	57	364	64	385	70	350	54	347	58	333	51	334	62
33	285	42	302	41	304	53	341	58	368	62
132	558	142	339	52	338	62	371	59	374	104	460	101
75	408	143	564	147
8	195	10	206	164	206	10	202	12	213	20	235	99
118	521	129	554	136	561	140	525	119	516	117	239	21	232	20	229	19
152	577	151	579	157
2	175	5	183	11	207	12	214	22	241	23	247	57	363	61	352	55	351	60	376	68	376	60	367	58	368	62
2	175	5	182	9	194	8	195	10	206	164	601	165	598	162	587	159	294	36	281	33
33	281	36	293	70	350	54	346	55	356	115	508	116	513	133	536	122	532	121
141	357	55	355	70	293	36	259	28	258	31	272	34
53	341	58	333	51	337	67	331	50	330	52	339	142	558	132	557	131	534	121
158	584	155	580	152	577	151	579	157
33	281	36	293	70	350	54	346	55	356	115	508	116	513	133	536	122	475	107	472	112	495	130
34	272	31	274	40	290	36	292	56	359	64	353	55	354	69	394	120	527	125
62	334	51	333	58	341	53	304	41	284	33	282	39	278	32	276	34	265	30	268	86	432	92
109	481	128	550	129	521	118	465	106	470	133	559	137	538	123	402	72	377	60	367	58	368	62
101	373	59	372	63	335	51	337	67	331	50	332	71	397	72	401	115	508	116	515	141	531	120	530	136
11	210	16	221	17
157	579	151	577	152	577	151	577	152	580	155
83	190	7	186	6	187	9	199	27	181	4	174	2	176	16
124	526	120	527	125	517	117	239	21	232	20	213	12	212	14	218	16	176	2
83	422	90	437	88	438	92
62	334	51	336	66	375	60	351	55	352	61	363	57	247	23	241	22	214	12	207	11	210	16
162	269	30	265	34
157	585	156	576	150	441	89	424	84	425	90	422	83	423	163	200	9	197	11
125	546	140	562	138	457	99	453	97	325	47	323	48	327	49	328	73	404	144
33	281	36	293	70	350	54	346	55	356	115	508	116	512	124	468	106	464	107	477	134
97	231	19	222	16	176	2
61	379	69	394	120	466	106	464	107	477	134
11	197	9	194	8	194	9	200	163	423	83	422	90	425	84	424	89	441	150	575	153	578	151	577	152	577	151	578	153	581	154
115	508	116	515	141	531	120	527	125	517	117	239	21	232	20	213	12	212	14	218	16
20	234	97	316	45	313	46	322	148	566	144
56	359	64	353	55	351	60	367	58	368	62
46	313	45	315	96
80	414	79	413	78	413	79	311	44
55	346	54	340	53	344	93	444	105	461	101
62	334	51	333	58	341	53	304	41	284	33
61	378	64	385	70	306	41	302	42	308	77	411	78
34	272	31	271	33	284	41	304	53	341	58	368	62
136	519	117	518	127	395	69	354	55	353	64	359	56	292	36	281	33
82	309	43	300	39	278	32	276	34	287	37	295	38	298	162	598	165
148	569	145	570	149	172	1	167	0	167	1	169	2	175	5	182	9	187	6	186	7	193	163	591	160	593	165	598	162	298	38	288	34
144	404	73	328	49	327	48	320	46	322	148	322	46	320	48	320	46	313	45	316	97	453	99	457	138	562	140	546	125
139	523	118	465	106	467	122	535	131
139	523	118	465	106	470	133	559	137	538	123	402	72	377	60	367	58	368	62
110	487	134	522	118	465	106	468	124	512	116	508	115	356	55
33	281	36	293	70	350	54	346	55	356	115	508	116	512	124	468	106	464	107	477	134
75	408	143	168	0	167	1	169	2	175	5	182	9	187	6
131	535	122	467	106	465	118	521	129	554	136
166	603	165	598	162	298	38	288	34
101	460	104	384	63	335	51	337	67	331	50	332	71	397	72	402	123	538	137	537	122	467	106	465	118
93	344	53	340	54	346	55	354	69	394	120	530	136
101	460	104	384	63	335	51	337	67	331	50	332	71	397	72	399	113	503	137	541	124
62	334	51	336	66	375	60	351	55	352	61	363	57	247	23	241	22	203	10	195	8
70	293	36	259	28	258	31	272	34
148	569	145	225	17	179	3	178	16
44	303	41	305	65	349	54	346	55	356	115	508	116	513	133	536	122	532	121
165	596	161	257	26	246	23	248	117	517	125	545	136	551	128	552	139
1	167	0	167	1	169	2	175	5	182	9	187	6	186	7
46	313	45	230	19	229	20	232	21	237	23	247	57	363	61
99	235	20	213	12	202	10	195	8	194	9	200	163	423	83	422	90	425	84	424	89	441	150	576	156	582	153	583	157
34	272	31	271	33	284	41	304	53	341	58	333	51	337	67	331	50	330	52	339	142	558	132
64	385	70	306	41	302	42	308	77	411	78
55	354	69	394	120	466	106	464	107	477	134
22	241	23	247	57	363	61	352	55	351	60	376	68	376	60	367	58	368	62
34	272	31	258	28	259	36	292	56	359	64	378	61	379	69	395	127	543	125	545	136	551	128	552	139
136	545	125	527	120	531	141	515	116	508	115	401	72	392	68	376	60	367	58	368	62
16	210	11	201	10	204	24	250	26
8	195	10	206	164	206	10	203	22	236	21	239	117	517	125	545	136	554	129	521	118
62	338	52	330	50	332	71	398	114	498	113	501	131	535	122	467	106
34	287	37	295	38	298	162	599	166	594	160	591	163	200	9	194	8	194	9	197	11	210	16
118	465	106	467	122	537	137	538	123	402	72	392	68	389	67	337	51	334	62	371	59	374	104	460	101
139	483	109	484	140	562	138	457	99
92	432	86	434	166	594	160
132	558	142	339	52	330	50	331	67	337	51	333	58	341	53
84	425	90
2	175	5	182	9	194	8	194	9	200	163	591	160	594	166	599	162	298	38	288	34
61	352	55	355	70
61	363	57	247	23	241	22	214	12	207	11	210	16
16	210	11	197	9	194	8	194	9	200	163	591	160	594	166	599	162	587	159	294	36	259	28	261	40	283	33	284	41	303	44
118	523	139	489	110	478	109	479	111	456	99	453	97	316	45	313	46	322	148
46	320	48	320	46	322	148	566	144	565	146	563	143	408	75
62	371	59	374	104	463	105	447	95	445	94	417	79	413	78
64	353	55	351	60	377	72	399	113	499	122	532	121
155	584	158
148	322	46	313	45	316	97	234	20
55	353	64	359	56	251	24	204	10	195	8	194	9	200	163
151	579	157
139	523	118	465	106	467	122	535	131
16	219	15	220	19
34	276	32	278	39	299	42	307	44	312	94	345	53	344	93	383	63	382	62
132	557	131	535	122	467	106	465	118	521	129	550	128
101	373	59	371	62
62	371	59	374	104	460	101
34	276	32	280	43
101	460	104	463	105	444	93	344	53	310	44	307	42	285	33	283	40	261	28	259	36	294	159	588	165
129	529	120	528	127	395	69	354	55	353	64	385	70	306	41	302	42	308	77	411	78	413	79	414	80
55	353	64	359	56	251	24	204	10	196	9	182	5	175	2
110	478	109	482	136	545	125	517	117	248	23	244	24	253	164
118	465	106	468	124	512	116	508	115	356	55	346	54	340	53	310	44
97	231	19	222	16	210	11	183	5	185	27
109	481	128	550	129	521	118	465	106	467	122	535	131	557	132	558	142	339	52	338	62
136	561	140	562	138	457	99	453	97	316	45	313	46
128	550	129	529	120	528	127	395	69	354	55	353	64	359	56	292	36	259	28	258	31	272	34
139	483	109	482	136	545	125	543	127	395	69	379	61	378	64	359	56	292	36	290	40	274	31	272	34
2	176	16	219	15	220	19	229	20	232	21	239	117	516	119	525	140	484	109
144	404	73	328	49	327	48	320	46	322	148	322	46	320	48	323	47	326	98	449	96	451	100	458	111	479	109	478	110	488	135	488	110	488	135	497	112	495	130	533	121
78	411	77	301	39	278	32	276	34
16	216	13	211	12	214	22	241	23	247	57	363	61	352	55	351	60	376	68	376	60	367	58	368	62
29	262	35	286	34
139	523	118	465	106	470	133	559	137	538	123	402	72	377	60	367	58	368	62
62	334	51	336	66	375	60	351	55	352	61	363	57	247	23	241	22	214	12	207	11	210	16
163	200	9	196	10	203	22	236	21	239	117	519	136
29	262	35	266	30	268	86	426	85	426	86	432	92	438	88	437	90	422	83	190	7	186	6	187	9	199	27	181	4	174	2
34	265	30	268	86	432	92	436	87	435	91	440	89	441	150	576	156	582	153	578	151
118	465	106	468	124	512	116	508	115	356	55	346	54	340	53	304	41	284	33
144	565	146	571	147	574	149	172	1	170	3	178	16	210	11
118	465	106	466	120	394	69	379	61
62	334	51	336	66	375	60	351	55	352	61	363	57	247	23	241	22
152	577	151	579	157
139	483	109	482	136	545	125	543	127	395	69	379	61
61	379	69	394	120	466	106	464	107	472	112	495	130
72	377	60	348	54	350	70	293	36	294	159	588	165
78	411	77	308	42	302	41	306	70	355	55	357	141
142	507	114	400	72	401	115	380	61	363	57	247	23	241	22
109	481	128	551	136	545	125	543	127	395	69	354	55	353	64	385	70	306	41	303	44
78	411	77	301	39	278	32	276	34	287	37	295	38	298	162	599	166	594	160	591	163	193	7	186	6	187	9	199	27	181	4	174	2
33	284	41	305	65	349	54	346	55	356	115	508	116	512	124	468	106	465	118
6	187	9	199	27	181	4	174	2	176	16	221	17	223	18	227	45	316	97
33	271	31	258	28	259	36	294	159	586	161	595	164	206	10	195	8	194	9	197	11	210	16
96	448	97	453	99	457	138	492	111	479	109	483	139
110	478	109	482	136	545	125	543	127	395	69	379	61	378	64	359	56	292	36	290	40	274	31	272	34
110	487	134	522	118	465	106	470	133	536	122	499	113
33	281	36	293	70	350	54	348	60
16	219	15	220	19	229	20	232	21
138	524	119	516	117	518	127	395	69	354	55	353	64	385	70	306	41	302	42	308	77	411	78
62	334	51	336	66	375	60	351	55	352	61	363	57	247	23	241	22	214	12	198	9	182	5	175	2
62	334	51	336	66	375	60	351	55	352	61	363	57	247	23	241	22	214	12	207	11	210	16
34	287	37	295	38	298	162	599	166	594	160	591	163	200	9	194	8	194	9	197	11	183	5	175	2
99	238	21	237	23	247	57	363	61	352	55
26	246	23	247	57	363	61	381	141
138	524	119	516	117	248	23	244	24	252	161	596	165
16	216	13	211	12	214	22	241	23	247	57	363	61	352	55	351	60	376	68	376	60	367	58	368	62
96	451	100	458	111	479	109	478	110	487	134	522	118
157	579	151	577	152	577	151	577	152	580	155
33	281	36	292	56	359	64	378	61	379	69	395	127	518	117	519	136	551	128
62	334	51	333	58	341	53	343	65	386	70	360	56	361	159	588	165
16	210	11	197	9	194	8	194	9	200	163	591	160	594	166	599	162	587	159	294	36	259	28	261	40	283	33	285	42
8	194	9	200	163	591	160	594	166	599	162	587	159	294	36	259	28	261	40	283	33	282	39	299	42	308	77	411	78
61	363	57	247	23	237	21	232	20	229	19	222	16	176	2
62	334	51	336	66	375	60	351	55	352	61	363	57	247	23	237	21
95	442	93	344	53	340	54	346	55	357	141
82	412	77	411	78	411	77	301	39	282	33
92	432	86	426	85
6	187	9	182	5	175	2	169	1	167	0	168	143	408	75	407	76	410	144	405	74
144	405	74	406	146	571	147	574	149	172	1	167	0	167	1	169	2	175	5	182	9	187	6	186	7	193	163	591	160	593	165
90	422	83	190	7	186	6
62	334	51	333	58	341	53	304	41	284	33	271	31
139	483	109	482	136	545	125	517	117	248	23	245	25	255	164	601	165
125	517	117	239	21	232	20	213	12	212	14	218	16
34	286	35	262	29
144	404	73	328	49	327	48	320	46	322	148	322	46	320	48	320	46	313	45	316	97	453	99	457	138	562	140	553	128
34	272	31	274	40	290	36	292	56	359	64	378	61	379	69	395	127	543	125	545	136	551	128	481	109	478	110
82	309	43	300	39	278	32	276	34	287	37	295	38	298	162	598	165
61	380	115	401	72	399	113	502	132
34	265	30	268	86	432	92	436	87	435	91	440	89	441	150	576	156	582	153	583	157
106	468	124	512	116	508	115	356	55	346	54	349	65	305	41	303	44	311	79	413	78
55	346	54	349	65	305	41	302	42	308	77	411	78	411	77	412	82	420	81
104	384	63	382	62	338	52	330	50	332	71	397	72	401	115	393	69	394	120	530	136
141	357	55	346	54	340	53	342	63	372	59	374	104	460	101
78	411	77	301	39	282	33	281	36
34	287	37	295	38	298	162	598	165	603	166
41	302	42
25	254	26	246	23	248	117	517	125	545	136	554	129	521	118
165	588	159	361	56	359	64	378	61	379	69	396	141	515	116	511	123	500	113	502	132
148	569	145	570	149	172	1	167	0	167	1	169	2	175	5	182	9	187	6	186	7	193	163	591	160	594	166	599	162	587	159	294	36	259	28	261	40	283	33	282	39	301	77	411	78
16	219	15	220	19	229	20	232	21	239	117	516	119	525	140	553	128	552	139
142	339	52	338	62	371	59	374	104
55	346	54	340	53	344	93	442	95
62	338	52	330	50	332	71	398	114	498	113	501	131	534	121	474	107	477	134	560	139	483	109
118	523	139	489	110	478	109	479	111	456	99	453	97	316	45	313	46	322	148
34	272	31	271	33	284	41	303	44	312	94	445	95
136	554	129	521	118	465	106	467	122	535	131	557	132	558	142	339	52	338	62
163	200	9	194	8	194	9	197	11	210	16	221	17	223	18	227	45	313	46
46	313	45	230	19	229	20	232	21	237	23	247	57	363	61	352	55
165	588	159	361	56	358	57	363	61
144	405	74	406	146	571	147	574	149	172	1	167	0	167	1	169	2	175	5	182	9	187	6	186	7	193	163	591	160	593	165
16	210	11	207	12	214	22	241	23	247	57	363	61	352	55	351	60	376	68	376	60	367	58	368	62
20	213	12	202	10	195	8	194	9	189	7	190	83
34	287	37	295	38	298	162	587	159	586	161	595	164	255	25	243	22	233	20	235	99
99	235	20	233	22	243	25	255	164	595	161	586	159	587	162	587	159	294	36	281	33
22	203	10	206	164	601	165	598	162	298	38	288	34	276	32
62	338	52	330	50	332	71	391	68	392	72	401	115	508	116	515	141	531	120	530	136	482	109
136	561	140	562	138	457	99
163	591	160	590	161	362	56	359	64	353	55
99	235	20	233	22	243	25	255	164	595	161	586	159	587	162	587	159	294	36	281	33
97	234	20	213	12	202	10	206	164	595	161	586	159	587	162	587	159	294	36	281	33
157	585	156	576	150	441	89	440	91	435	87	436	92	438	88	439	166	597	161	362	56	359	64	353	55	354	69	396	141	542	124	468	106	465	118
16	210	11	197	9	194	8	194	9	200	163	591	160	594	166	599	162	587	159	294	36	259	28	261	40	283	33	282	39	301	77
144	404	73	328	49	327	48	320	46	322	148	322	46	320	48	320	46	313	45	316	97	453	99	457	138
144	404	73	328	49	327	48	323	47	325	97	453	99	457	138
82	309	43	280	32	276	34
2	175	5	182	9	194	8	195	10	206	164	601	165	588	159	294	36	259	28
125	543	127	395	69	354	55	353	64	359	56	292	36	281	33
118	465	106	467	122	537	137	538	123	402	72	377	60	367	58	368	62
34	272	31	274	40	290	36	292	56	358	57	363	61
80	414	79	413	78	411	77	308	42	302	41	306	70	385	64	364	57	366	117	519	136
148	322	46	320	48	323	47	326	98	449	96	451	100	458	111	479	109	478	110	488	135	488	110	488	135	497	112	495	130	533	121	534	131	557	132
144	404	73	328	49	327	48	320	46	313	45	227	18	226	19	222	16
34	272	31	271	33	284	41	304	53
62	338	52	339	142	558	132
165	588	159	361	56	358	57	366	117	516	119	524	138
62	371	59	374	104	463	105	447	95	445	94	417	79	413	78	411	77	412	82
20	229	19	230	45	313	46
148	569	145	570	149	172	1	167	0	167	1	169	2	175	5	182	9	187	6	186	7	193	163	591	160	593	165
119	524	138	457	99	453	97	316	45	313	46	322	148
105	444	93	344	53	304	41	284	33
149	570	145	567	146	406	74	405	144
144	405	74	406	146	571	147	574	149	172	1	167	0	167	1	169	2	175	5	182	9	187	6	187	9	194	8
136	519	117	248	23	244	24	252	161	597	166	439	88	438	92
148	322	46	320	48	320	46	313	45	316	97	453	99	457	138	562	140
158	584	155	580	152	577	151	579	157
95	442	93	344	53	340	54	346	55	352	61	363	57	247	23	241	22
62	371	59	374	104	463	105	447	95	445	94	417	79	413	78
101	460	104	384	63	335	51	337	67	331	50	332	71	397	72	402	123	538	137	537	122	467	106	465	118
7	186	6	187	9	199	27	181	4	174	2
134	560	139	483	109	482	136	545	125	517	117	239	21	236	22
52	338	62	334	51	336	66	370	58	347	54	350	70
95	442	93	344	53	343	65	386	70	360	56	362	161	595	164	206	10	195	8
34	286	35	262	29
22	214	12	211	13	208	11	210	16	176	2	169	1	172	149	574	147	571	146	406	74	405	144
44	303	41	291	36	292	56	358	57	366	117	519	136
101	460	104	384	63	342	53	304	41	284	33	271	31	272	34
163	200	9	194	8
61	378	64	385	70	306	41	302	42	308	77	411	78
2	175	5	182	9	196	10	204	24	244	23	247	57	364	64	385	70	386	65
141	357	55	353	64	359	56	256	26	257	161	597	166	439	88	438	92
34	287	37	295	38	298	162	599	166	594	160	591	163	200	9	194	8	194	9	197	11	210	16	221	17	225	145	569	148
8	195	10	206	164	206	10	202	12	213	20	232	21	239	117	516	119	516	117	519	136
118	465	106	467	122	535	131	557	132
115	380	61	363	57	366	117	239	21	232	20	213	12	212	14	218	16
11	210	16	221	17	223	18	227	45	313	46
78	411	77	301	39	278	32	276	34	287	37	295	38	298	162	599	166	594	160	591	163	200	9	194	8
20	233	22	243	25	255	164	595	161	586	159	587	162	587	159	294	36	281	33
157	579	151	577	152	580	155
110	485	112	495	130	533	121	534	131
8	195	10	206	164	206	10	202	12	213	20	235	99
136	545	125	543	127	395	69	354	55	346	54	340	53	344	93	442	95
136	545	125	527	120	531	141	515	116	508	115	401	72	392	68	389	67	337	51	334	62	371	59	374	104	460	101
34	272	31	274	40	290	36	293	70	350	54	346	55	356	115	508	116	512	124	468	106	464	107	477	134
62	338	52	330	50	332	71	391	68	392	72	401	115	508	116	515	141	531	120	527	125	545	136	561	140	562	138
159	588	165	598	162	433	86	432	92
22	242	24	251	56	360	70	350	54	340	53	344	93	444	105	461	101
62	338	52	330	50	332	71	398	114	498	113	499	122	532	121
11	197	9	200	163	591	160	594	166	599	162	298	38	288	34
55	351	60	367	58	368	62
20	232	21	239	117	517	125	527	120	531	141	515	116	508	115	401	72	392	68	376	60	367	58	368	62
92	432	86	433	162	598	165	601	164	206	10	203	22
62	334	51	336	66	375	60	351	55	352	61	363	57	247	23	241	22
136	519	117	518	127	395	69	354	55	353	64	359	56	292	36	281	33
44	303	41	284	33	283	40	261	28	260	37	295	38	298	162
33	281	36	293	70	350	54	346	55	356	115	508	116	512	124	468	106	464	107	477	134
22	241	23	247	57	363	61
6	187	9	182	5	175	2	169	1	172	149
82	412	77	411	78	411	77	308	42	307	44	303	41	305	65	349	54	346	55	356	115	508	116	512	124	468	106	464	107	477	134	560	139
97	453	99	456	111	479	109	478	110	488	135	488	110	488	135	497	112	495	130	533	121	534	131	557	132	558	142	339	52	338	62
82	412	77	411	78	411	77	308	42	302	41	306	70	385	64	353	55	354	69	395	127	518	117	519	136
120	527	125	517	117	248	23	245	25	255	164	601	165
132	558	142	339	52	330	50	331	67	337	51	333	58	341	53	304	41	302	42
34	287	37	295	38	298	162	587	159	586	161	595	164	206	10	203	22
62	334	51	336	66	375	60	351	55	352	61	363	57	247	23	241	22
69	379	61	378	64	385	70	306	41	302	42	308	77	411	78
139	483	109	484	140	525	119	516	117	239	21	232	20	213	12	212	14	218	16	176	2
92	438	88	439	166	603	165	588	159	294	36	293	70
105	444	93	344	53	310	44	307	42	299	39	278	32	276	34
141	357	55	346	54	340	53	344	93	442	95
134	487	110	478	109	479	111	456	99	450	96	315	45	313	46
78	413	79	417	94	345	53	344	93	383	63	382	62	338	52	330	50	330	52	339	142	558	132
44	307	42	299	39	278	32	276	34	265	30	268	86	432	92
132	558	142	339	52	338	62	371	59	374	104	460	101
132	502	113	503	137	541	124	526	120	527	125
34	272	31	274	40	290	36	292	56	358	57	363	61
16	219	15	220	19	229	20	232	21	239	117	517	125	527	120	531	141	515	116	514	137	503	113	502	132
157	579	151	577	152	580	155	584	158
165	601	164	206	10	195	8	194	9	197	11	210	16
62	338	52	330	50	332	71	397	72	402	123	538	137	537	122	467	106	465	118
165	601	164	206	10	201	11	210	16
136	561	140	562	138	457	99	453	97	316	45	313	46	322	148
62	338	52	339	142	558	132	557	131	534	121	474	107	477	134	560	139
130	495	112	472	107	475	122	467	106	466	120	394	69	379	61
62	338	52	330	50	332	71	398	114	498	113	501	131	534	121	474	107	477	134	560	139
11	197	9	200	163	591	160	594	166	599	162	298	38	288	34	276	32	278	39	300	43	309	82
110	478	109	479	111	456	99	453	97	316	45	313	46	320	48	320	46	322	148	322	46	320	48	327	49	328	73	404	144
139	483	109	484	140	562	138	457	99	453	97
109	481	128	551	136	545	125	527	120	531	141
110	487	134	522	118	465	106	470	133	559	137	538	123	402	72	377	60	367	58	368	62
136	519	117	248	23	245	25	249	24	252	161	596	165	603	166	439	88	438	92	436	87	435	91	440	89	441	150	576	156	582	153	583	157
62	334	51	333	58	341	53	304	41	284	33	271	31	272	34
163	591	160	593	165
6	187	9	182	5	175	2	169	1	172	149
132	502	113	503	137	514	116	515	141	531	120	527	125	517	117	239	21	232	20	213	12	212	14	209	11
34	272	31	274	40	290	36	292	56	358	57	363	61
96	315	45	313	46	320	48	320	46	322	148	322	46	320	48	327	49	328	73	404	144
131	557	132	558	142	339	52	338	62
34	272	31	271	33	284	41	304	53	342	63
6	187	9	182	5	175	2	169	1	172	149
136	519	117	518	127	395	69	354	55	353	64	359	56	292	36	281	33
34	265	30	268	86	432	92	436	87	435	91	428	85	429	154
99	235	20	229	19	222	16	210	11	197	9	194	8
78	411	77	412	82
106	466	120	527	125	517	117	239	21	236	22	203	10	195	8
34	276	32	278	39	299	42	307	44	312	94	345	53	344	93	383	63	382	62
53	340	54	346	55	354	69	394	120	530	136
36	292	56	358	57	365	69	396	141	515	116	511	123	500	113	502	132
78	413	79	417	94	345	53	344	93	383	63	382	62
44	303	41	304	53	341	58	368	62
101	460	104	384	63	382	62	338	52	330	50	332	71	398	114	498	113	501	131	534	121	474	107	477	134
97	448	96	315	45	313	46	320	48	320	46	322	148	322	46	320	48	327	49	328	73	404	144
165	598	162	587	159	294	36	259	28	261	40	283	33	282	39	299	42	308	77	411	78	411	77	412	82	420	81
139	523	118	465	106	467	122	535	131	557	132	558	142	339	52	338	62
33	281	36	292	56	358	57	366	117	519	136
46	313	45	316	97	453	99	457	138	524	119
78	411	77	301	39	282	33	281	36	292	56	358	57	366	117	519	136	482	109
95	442	93	344	53	340	54	346	55	354	69	394	120	529	129	550	128
165	588	159	294	36	259	28	261	40	283	33	284	41	304	53	344	93	444	105	461	101
101	373	59	371	62	338	52	330	50	332	71	397	72	401	115	510	141
163	591	160	593	165	598	162	298	38	288	34
16	219	15	217	14	212	12	214	22	241	23	247	57	363	61	380	115
95	442	93	344	53	343	65	386	70	360	56	362	161	595	164	253	24	242	22	214	12	198	9	182	5	175	2
62	334	51	336	66	375	60	351	55	352	61	363	57	247	23	241	22	214	12	207	11	210	16
33	275	32	276	34	265	30	268	86	432	92	438	88	437	90	422	83
61	363	57	366	117	516	119	524	138
95	442	93	344	53	304	41	291	36	259	28
121	534	131	557	132	558	142	339	52	338	62	371	59	373	101
29	262	35	277	32	270	31	271	33
62	338	52	330	50	332	71	398	114	498	113	499	122	532	121
34	287	37	295	38	298	162	599	166	594	160	591	163	200	9	197	11
144	404	73	328	49	327	48	323	47	324	96	450	99
27	199	9	187	6	186	7	193	163	591	160	594	166	599	162	587	159	294	36	259	28	258	31	271	33
157	585	156	576	150	441	89	440	91	435	87	436	92	432	86	268	30	267	38	295	37	273	31	271	33
92	438	88	437	90	422	83	423	163	200	9	198	12
8	195	10	206	164	206	10	204	24	251	56	359	64	353	55	351	60	367	58	368	62
2	176	16	219	15	220	19	229	20	232	21	239	117	516	119	525	140	484	109	483	139
55	346	54	340	53	344	93	444	105	461	101
16	221	17	223	18	226	19	231	97	453	99	456	111	479	109	478	110
155	580	152	577	151	579	157
162	598	165	601	164	206	10	195	8	194	9	197	11	210	16
165	598	162	587	159	294	36	259	28	261	40	283	33	282	39	299	42	308	77	411	78
61	363	57	247	23	245	25	249	24	252	161	597	166	439	88	438	92	436	87	435	91	440	89	441	150	576	156	582	153	583	157
82	309	43	280	32	276	34
33	285	42	307	44	312	94	345	53	344	93	383	63	382	62
34	265	30	268	86	432	92
11	209	14	217	15	220	19	229	20	232	21	239	117	516	119	525	140	484	109	483	139
61	363	57	247	23	237	21	232	20	229	19	230	45	313	46
33	281	36	293	70	350	54	346	55	351	60	376	68
33	271	31	272	34	265	30	268	86	432	92	436	87	435	91	428	85	429	154
118	465	106	467	122	535	131	557	132
97	453	99	456	111	479	109	478	110	488	135	488	110	488	135	497	112	495	130	533	121	534	131	557	132
34	286	35	262	29
97	448	96	449	98	317	45	313	46	320	48	320	46	322	148	566	144	565	146	571	147
62	334	51	333	58	341	53	343	65	386	70	360	56	361	159	588	165
29	262	35	286	34
95	442	93	344	53	340	54	346	55	356	115	508	116	512	124	468	106	465	118
165	588	159	361	56	358	57	363	61
109	484	140	561	136	545	125	543	127	395	69	379	61	352	55	346	54	340	53	344	93	442	95
125	527	120	394	69	354	55	353	64	359	56	292	36	259	28	258	31	272	34
44	303	41	306	70	360	56	362	161	595	164	255	25	205	10	202	12	198	9	182	5	175	2
109	481	128	550	129	529	120	531	141	515	116	508	115	401	72	392	68	389	67	337	51	334	62	371	59	374	104	460	101
165	598	162	587	159	294	36	259	28	261	40	283	33	282	39	301	77	411	78
92	432	86	426	85	426	86	268	30	266	35	262	29
8	195	10	206	164	255	25	254	26	256	56	359	64	385	70	350	54	340	53	344	93	444	105	461	101
83	421	88	439	166	597	161	362	56	359	64	353	55	354	69	396	141	542	124	468	106
99	450	96	315	45	313	46	320	48	320	46	322	148	322	46	320	48	327	49	328	73	404	144
20	233	22	243	25	255	164	595	161	597	166	439	88	438	92
165	588	159	294	36	293	70	355	55	357	141
8	195	10	206	164	206	10	203	22	236	21	239	117	517	125	544	129	521	118
2	176	16	219	15	220	19	229	20	232	21	239	117	516	119	525	140	484	109	483	139
2	176	16	219	15	220	19	229	20	232	21	239	117	516	119	525	140	546	125	544	129	521	118
78	411	77	308	42	302	41	306	70	355	55	357	141
61	379	69	394	120	466	106	465	118
132	558	142	339	52	330	50	331	67	337	51	333	58	341	53	310	44	307	42	299	39	278	32	276	34
85	426	86	432	92
16	210	11	197	9	200	163
33	283	40	261	28	259	36	294	159	586	161	595	164	253	24	242	22	214	12	198	9	182	5	175	2
106	468	124	512	116	508	115	356	55	355	70	306	41	302	42
134	560	139	489	110	478	109	479	111	456	99	453	97	316	45	313	46	320	48	320	46	322	148	322	46	320	48	327	49	328	73	404	144
83	190	7	186	6	187	9	199	27	181	4	174	2	176	16
6	188	163	591	160	593	165
55	355	70	293	36	259	28	258	31	272	34
144	404	73	328	49	327	48	323	47	324	96	450	99
165	598	162	587	159	294	36	259	28	261	40	283	33	285	42	302	41	304	53	341	58	368	62
8	194	9	187	6
78	411	77	412	82
20	232	21	239	117	517	125	527	120	531	141	515	116	508	115	401	72	392	68	376	60	367	58	368	62	371	59	374	104
139	523	118	465	106	466	120	531	141
125	517	117	248	23	245	25	255	164	601	165
95	442	93	344	53	343	65	386	70	360	56	359	64	359	56	256	26
82	412	77	411	78	411	77	308	42	302	41	305	65	349	54	346	55	356	115	508	116	512	124	468	106	471	134
8	194	9	187	6
139	523	118	465	106	468	124	512	116	508	115	356	55	346	54	349	65	305	41	302	42	308	77	411	78
16	210	11	197	9	194	8	194	9	200	163	423	83	422	90	437	88	438	92
75	408	143	168	0	167	1	169	2	175	5	182	9	187	6	186	7	193	163
6	187	9	199	27	181	4	174	2
16	221	17	225	145	321	46	320	48	327	49
141	357	55	355	70	293	36	259	28	258	31	272	34
16	210	11	207	12	214	22	241	23	247	57	363	61	352	55	351	60	376	68	376	60	367	58	368	62
22	241	23	247	57	363	61	352	55	351	60	367	58	368	62
136	530	120	531	141	515	116	508	115	401	72	392	68	376	60	367	58	368	62
11	183	5	180	4
144	404	73	328	49	327	48	320	46	322	148	322	46	320	48	320	46	313	45	316	97	453	99	457	138	562	140	561	136
112	472	107	464	106	468	124
118	523	139	489	110	478	109	479	111	456	99
62	334	51	336	66	375	60	351	55	352	61	363	57	247	23	241	22	214	12	207	11	210	16
73	404	144	404	73	328	49	327	48	323	47	324	96	450	99
34	287	37
55	346	54	340	53	344	93	444	105	461	101
141	531	120	527	125	546	140	562	138	457	99	453	97	316	45	313	46
34	272	31	274	40	290	36	293	70	350	54	348	60	377	72	399	113	502	132
34	276	32	278	39	301	77	411	78
141	357	55	346	54	349	65	305	41	302	42	308	77	411	78
6	187	9	182	5	175	2	177	17	225	145	569	148
139	523	118	465	106	470	133	559	137	538	123	402	72	392	68	389	67	337	51	334	62	371	59	374	104	460	101
132	558	142	339	52	338	62	371	59	374	104	460	101
97	453	99	456	111	479	109	478	110
55	352	61	363	57	247	23	241	22	214	12	211	13	208	11	210	16	176	2	169	1	172	149	574	147	571	146	406	74	405	144
157	583	153	582	156	576	150	441	89	440	91	435	87	436	92	438	88	439	166	597	161	257	26	246	23	248	117	519	136
22	233	20	235	99	456	111	491	135	497	112	494	121
75	408	143	168	0	167	1	169	2	175	5	182	9	187	6	187	9	194	8
20	213	12	202	10	206	164	601	165
29	263	43
97	453	99	456	111	479	109	478	110	487	134	522	118
97	453	99	457	138	562	140	561	136
165	588	159	294	36	281	33
22	243	25	249	24	252	161	597	166	439	88	438	92
22	243	25	249	24	252	161	597	166	439	88	438	92
2	176	16	219	15	220	19	229	20	232	21	239	117	516	119	525	140	553	128	481	109	478	110
139	523	118	465	106	470	133	559	137	538	123	402	72	392	68	389	67	337	51	334	62	371	59	374	104	460	101
62	338	52	330	50	332	71	397	72	401	115	393	69	394	120	527	125
125	543	127	395	69	354	55	353	64	359	56	292	36	290	40	274	31	272	34
44	303	41	306	70	360	56	251	24	253	164	206	10	203	22
6	187	9	196	10	203	22	236	21	239	117	516	119
110	487	134	522	118	465	106	468	124	512	116	508	115	356	55	346	54	340	53	310	44
34	272	31	274	40	290	36	292	56	358	57	366	117	519	136	551	128
34	276	32	278	39	301	77	411	78
34	287	37	295	38	298	162	587	159	586	161	595	164	255	25	243	22	233	20	235	99
136	561	140	525	119	516	117	239	21	232	20	213	12	212	14	218	16	210	11	197	9	194	8	194	9	187	6
6	187	9	194	8
157	583	153	582	156	576	150	441	89	440	91	435	87	436	92
165	598	162	587	159	294	36	259	28	261	40	283	33	282	39	299	42	308	77	412	82
41	302	42	308	77	411	78	411	77	412	82
106	467	122	499	113	498	114	507	142	339	52	338	62
62	334	51	333	58	341	53	304	41	284	33	275	32
165	588	159	361	56	359	64	378	61	379	69	396	141	542	124	468	106	464	107	477	134
33	281	36	293	70	350	54	346	55	356	115	508	116	513	133	536	122	532	121
101	373	59	371	62
141	549	127	518	117	239	21	232	20	213	12	212	14	218	16
82	412	77	411	78	413	79	417	94	345	53	344	93	383	63	382	62
62	338	52	330	50	332	71	397	72	402	123	538	137	559	133	470	106	465	118	523	139	489	110	478	109	479	111	456	99
144	404	73	328	49	327	48	320	46	322	148	322	46	320	48	323	47	326	98	449	96	451	100	458	111	479	109	478	110
118	465	106	468	124	512	116	508	115	356	55	346	54	350	70	293	36	259	28	258	31	272	34
136	554	129	521	118	465	106	470	133	559	137	538	123	402	72	392	68	376	60	367	58	368	62
8	195	10	206	164	206	10	203	22	236	21	239	117	517	125	545	136	551	128	552	139
92	432	86	268	30	265	34
34	272	31	274	40	290	36	293	70	355	55
44	312	94	445	95	446	101
34	272	31	274	40	290	36	292	56	359	64	353	55	354	69	395	127	543	125	545	136	551	128	481	109	478	110
2	169	1	172	149	574	147	571	146	406	74	405	144
95	442	93	344	53	340	54	346	55	354	69	394	120	530	136
101	373	59	371	62
165	603	166	439	88	438	92	436	87	435	91	428	85	429	154	581	153	578	151	577	152	580	155	584	158
92	432	86	433	162	598	165
44	303	41	306	70	360	56	362	161	595	164	206	10	195	8
83	421	88	439	166	597	161	362	56	359	64	378	61	379	69	396	141	515	116	511	123	500	113	502	132
34	265	30	268	86	432	92	436	87	435	91	428	85	429	154	581	153	578	151	577	152	580	155
2	175	5	185	27	199	9	187	6	186	7	193	163	591	160	594	166	599	162	587	159	294	36	259	28	261	40	283	33	284	41	303	44
33	281	36	292	56	358	57	366	117	519	136
62	334	51	333	58	341	53	304	41	284	33	282	39	278	32	276	34
53	304	41	291	36	294	159	588	165
165	588	159	294	36	291	41	304	53	341	58	370	66
78	413	79	417	94	445	95	447	105	461	101
22	241	23	247	57	365	69	396	141	515	116	508	115	401	72	392	68
144	404	73	328	49	327	48	320	46	322	148	322	46	320	48	323	47	326	98	449	96	451	100	458	111	479	109	478	110	487	134	522	118
62	334	51	333	58	341	53	304	41	284	33
109	482	136	545	125	517	117	366	57	363	61
109	483	139	523	118	465	106	470	133	559	137	538	123	402	72	377	60	367	58	368	62
44	303	41	304	53	341	58	333	51	337	67	331	50	330	52	339	142	507	114	505	131
139	523	118	465	106	470	133	559	137	538	123	402	72	377	60	367	58	368	62
22	236	21	239	117	516	119	525	140
62	334	51	333	58	341	53	304	41	284	33
2	175	5	185	27	199	9	187	6	186	7	193	163	591	160	593	165
52	338	62	334	51	333	58	341	53	304	41	284	33	271	31
61	363	57	247	23	245	25	249	24	252	161	597	166	439	88	438	92	436	87	435	91	440	89	441	150	576	156	582	153	583	157
34	286	35	262	29
82	412	77	411	78	413	79	417	94	345	53	344	93	383	63	382	62
2	175	5	185	27	199	9	187	6	186	7	193	163	591	160	593	165
52	330	50	332	71	391	68	392	72	402	123	538	137	559	133	470	106	465	118	521	129	554	136
110	478	109	482	136	545	125	543	127	395	69	379	61	378	64	359	56	292	36	290	40	274	31	272	34
34	287	37	295	38	298	162	599	166	594	160	591	163	200	9	194	8	194	9	197	11	183	5	175	2
62	334	51	336	66	375	60	351	55	352	61	363	57	247	23	241	22
157	585	156	576	150	441	89	440	91	435	87	436	92	432	86	268	30	265	34
62	334	51	336	66	375	60	351	55	352	61	363	57	247	23	241	22
34	272	31	274	40	290	36	292	56	359	64	378	61	379	69	395	127	543	125	545	136	551	128	552	139
101	460	104	384	63	342	53	340	54	346	55	352	61
6	187	9	182	5	175	2	169	1	167	0	168	143	408	75
62	371	59	374	104	460	101
25	245	23	247	57	363	61	381	141
22	242	24	252	161	586	159	587	162	298	38	288	34
33	271	31	272	34	286	35	262	29
62	338	52	339	142	558	132	557	131	534	121	474	107	477	134	487	110
62	338	52	330	50	332	71	391	68	392	72	401	115	508	116	515	141	531	120	527	125	517	117	239	21	232	20
82	412	77	411	78
29	262	35	286	34
62	338	52	330	50	332	71	398	114	498	113	501	131	534	121	474	107	477	134	560	139
62	338	52	330	50	332	71	397	72	402	123	538	137	537	122	467	106	465	118
132	502	113	399	72	401	115	380	61
157	585	156	576	150	441	89	440	91	435	87	436	92	438	88	439	166	597	161	362	56	358	57	363	61
33	281	36	293	70	350	54	346	55	356	115	508	116	512	124	468	106	464	107	472	112	495	130
72	402	123	538	137	559	133	470	106	464	107	477	134	560	139
130	495	112	472	107	475	122	467	106	466	120	394	69	354	55	346	54	340	53	310	44
143	564	147
62	338	52	330	50	332	71	397	72	402	123	538	137	537	122	467	106	465	118
112	472	107	464	106	466	120	394	69	379	61
62	338	52	330	50	332	71	391	68	392	72	401	115	508	116	515	141	531	120	527	125	517	117	239	21	232	20
157	579	151	577	152	577	151	577	152	580	155
78	411	77	301	39	278	32	276	34	287	37	295	38	298	162	599	166	594	160	591	163	200	9	194	8	194	9	197	11	210	16
142	507	114	400	72	401	115	380	61
2	175	5	182	9	196	10	204	24	250	26	256	56	359	64	385	70	350	54	340	53	344	93	442	95
44	311	79	413	78
148	572	146	563	143	408	75
34	286	35	262	29
11	201	10	206	164	601	165	598	162	587	159	294	36	259	28	261	40	283	33	282	39	301	77	411	78	413	79	414	80
80	414	79	413	78
62	338	52	330	50	332	71	397	72	401	115	508	116	515	141	531	120	527	125
2	175	5	182	9	194	8	194	9	200	163	591	160	594	166	599	162	298	38	288	34
92	432	86	426	85	427	87
165	588	159	361	56	358	57	366	117	516	119	524	138
132	557	131	534	121	474	107	477	134	560	139
101	373	59	372	63	342	53	340	54	346	55	352	61	363	57	247	23	241	22
34	272	31	271	33	284	41	304	53	341	58	368	62
44	307	42	299	39	300	43
97	448	96	324	47	323	48	327	49	328	73	404	144
139	483	109	484	140	562	138	457	99
44	303	41	306	70
66	388	68	389	67	337	51	334	62	371	59	374	104	443	93	442	95
34	276	32	278	39	299	42	307	44	312	94	345	53	344	93	383	63	382	62
110	487	134	522	118	465	106	470	133	559	137	538	123	402	72	392	68	389	67	337	51	334	62	371	59	374	104	460	101
62	334	51	336	66	375	60	351	55	352	61	363	57	247	23	241	22	214	12	207	11	210	16
62	334	51	333	58	341	53	304	41	284	33	282	39	278	32	276	34
134	560	139	489	110	478	109	479	111	456	99
33	284	41	304	53	341	58	368	62
0	167	1	171	4	181	27	181	4	174	2	176	16
33	281	36	292	56	359	64	353	55	354	69	395	127	543	125	544	129	550	128	552	139
44	303	41	306	70	360	56	251	24	253	164	206	10	203	22
101	373	59	371	62	368	58	347	54	346	55
78	411	77	308	42	302	41	305	65	349	54	346	55	356	115	508	116	512	124	468	106
95	445	94	312	44	307	42	299	39	278	32	276	34	265	30
82	309	43	300	39	278	32	276	34	287	37	295	38	298	162	599	166	594	160	591	163	193	7	186	6	187	9	199	27	181	4	174	2
62	338	52	339	142	558	132	557	131	534	121	474	107	477	134	560	139
64	364	57	247	23	244	24	204	10	195	8	194	9	200	163
2	169	1	172	149	570	145	567	146	565	144
120	527	125	517	117	239	21	232	20	213	12	212	14	218	16	176	2
34	287	37	295	38	298	162	587	159	586	161	595	164	255	25	243	22	233	20	234	97
78	411	77	301	39	278	32	276	34	287	37	295	38	298	162	599	166	594	160	591	163	200	9	194	8	194	9	197	11	210	16	221	17	225	145	569	148
92	436	87	435	91	440	89	441	150	576	156	582	153	578	151	577	152	580	155
152	577	151	578	153	582	156	576	150	441	89	440	91	435	87	436	92	432	86	268	30	265	34
148	322	46	320	48	323	47	326	98	449	96	451	100	458	111	479	109	478	110	487	134	522	118
109	482	136	519	117	518	127	395	69	354	55	353	64	359	56	292	36	281	33
110	478	109	479	111	456	99	453	97	316	45	313	46	320	48	320	46	322	148	322	46	320	48	327	49	328	73	404	144
101	446	95
121	532	122	467	106	466	120	394	69	354	55	355	70	306	41
11	209	14	217	15	220	19	229	20	232	21	239	117	516	119	525	140	484	109	483	139
92	438	88	437	90	422	83	423	163	200	9	194	8	194	9	197	11	210	16	221	17	223	18	227	45	313	46
62	338	52	339	142	558	132	557	131	535	122	467	106	465	118	521	129	550	128	481	109
34	287	37	295	38	298	162	587	159	586	161	595	164	255	25	243	22	233	20	235	99
82	309	43	300	39	278	32	276	34	287	37	295	38	298	162	599	166	594	160	591	163	200	9	194	8	194	9	197	11	210	16
110	478	109	484	140	525	119	516	117	239	21	232	20	213	12	212	14	218	16	176	2	169	1	172	149
110	478	109	479	111	456	99	453	97	316	45	313	46
62	334	51	333	58	341	53	304	41	284	33	282	39	278	32	276	34	265	30	268	86	432	92
118	523	139	483	109
141	357	55	355	70	293	36	281	33
55	352	61	363	57	247	23	245	25	255	164
128	553	140	525	119	516	117	239	21	232	20	213	12	212	14	209	11
118	521	129	544	125	517	117	248	23	244	24	253	164
110	487	134	522	118	465	106	468	124	512	116	508	115	356	55
101	460	104	384	63	342	53	340	54	346	55	352	61
97	316	45	313	46
125	517	117	248	23	244	24	252	161	596	165	593	160	591	163	423	83
82	309	43	300	39	278	32	276	34	287	37	295	38	298	162	599	166	594	160	591	163	200	9	194	8	194	9	197	11	210	16
34	287	37	295	38	298	162	599	166	594	160	591	163	193	7	186	6
34	265	30	268	86	432	92
2	176	16	219	15	220	19	229	20	232	21	239	117	516	119	525	140	561	136
129	544	125	546	140	562	138	457	99	453	97	316	45	313	46	322	148
118	521	129	554	136	561	140	525	119	516	117	239	21	232	20	213	12	212	14	218	16
46	313	45	316	97	453	99	457	138
34	272	31	274	40	290	36	292	56	359	64	353	55	354	69	394	120	530	136
118	521	129	554	136	545	125	517	117	248	23	244	24	252	161	597	166	439	88	438	92	436	87	435	91	440	89	441	150	576	156	582	153	583	157
128	551	136	519	117	248	23	245	25	249	24	251	56	361	159
110	478	109	479	111	456	99	453	97	316	45	313	46	320	48	320	46	322	148	322	46	320	48	327	49	328	73	404	144
46	313	45	315	96	450	99
8	194	9	200	163	591	160	594	166	599	162	587	159	294	36	259	28	259	36
53	304	41	291	36	292	56	361	159	588	165
34	287	37	295	38	298	162	587	159	586	161	595	164	255	25	243	22	233	20	234	97
62	338	52	330	50	332	71	398	114	498	113	501	131	534	121	474	107	477	134	560	139
101	460	104	463	105	444	93	344	53	304	41	284	33
140	562	138	457	99	453	97	316	45	313	46
144	405	74	406	146	571	147	574	149	172	1	170	3	173	2	175	5	182	9	196	10	205	25	249	24	250	26	256	56	359	64	385	70	350	54	340	53	344	93	444	105	461	101
152	577	151	578	153	582	156	576	150	441	89	440	91	435	87	436	92	432	86	433	162	598	165
33	271	31	258	28	259	36	294	159	586	161	595	164	206	10	201	11
16	176	2	169	1	172	149	570	145	567	146	565	144
22	241	23	247	57	363	61	352	55	346	54	340	53	344	93	442	95
28	258	31	272	34
73	328	49	327	48	323	47	325	97
112	485	110	489	139	483	109	484	140	525	119	516	117	239	21	232	20
163	591	160	593	165
99	238	21	237	23	247	57	363	61	352	55
148	569	145	225	17	179	3	178	16	210	11	208	13	211	12	214	22	241	23	247	57	363	61	352	55	351	60	376	68	376	60	367	58	368	62
97	448	96	315	45	313	46	322	148	566	144
144	404	73	403	76	329	49	327	48	320	46	322	148	322	46	320	48	320	46	313	45	316	97	234	20	233	22
16	219	15	220	19	229	20	232	21	239	117	518	127	549	141
148	322	46	320	48	323	47	326	98	449	96	451	100	458	111	479	109	478	110
64	353	55	346	54	347	58	333	51	334	62
110	478	109	479	111	456	99	453	97	316	45	313	46	322	148
16	219	15	220	19	229	20	232	21	240	138
22	214	12	211	13	208	11	210	16	221	17	223	18	227	45	313	46
62	338	52	330	50	332	71	391	68	392	72	402	123	538	137	559	133	470	106	465	118	523	139	489	110	478	109	479	111	456	99
78	411	77	412	82	420	81
83	421	88	431	86	433	162
91	435	87	436	92	432	86	268	30	265	34
110	485	112	495	130	556	131	557	132	558	142	339	52	338	62
29	262	35	266	30	268	86	426	85	426	86	432	92	438	88	439	166	603	165
83	423	163	200	9	194	8	195	10	202	12	213	20
101	460	104	463	105	444	93	344	53	310	44	307	42	285	33	283	40	261	28	259	36	294	159	588	165
20	234	97	316	45	313	46	320	48	320	46	322	148	322	46	320	48	327	49	329	76	403	73	404	144
20	234	97	316	45	313	46	320	48	320	46	322	148	566	144	565	146	563	143	408	75
55	356	115	508	116	512	124	468	106	464	107	477	134	560	139
29	262	35	286	34
22	241	23	244	24	252	161	597	166	439	88	438	92	438	88	437	90	425	84	424	89	441	150	576	156	582	153	583	157
93	344	53	340	54	346	55	354	69	394	120	529	129	550	128
144	404	73	328	49	327	48	323	47	325	97
62	334	51	336	66	375	60	351	55	352	61	363	57	247	23	241	22	203	10	195	8
133	470	106	465	118	521	129	554	136	561	140	525	119	516	117	239	21	232	20	213	12	212	14	218	16
117	248	23	245	25	249	24	252	161	586	159	587	162	298	38	288	34
121	532	122	499	113	399	72	377	60	348	54	340	53	310	44
144	404	73	328	49	327	48	320	46	322	148	322	46	320	48	320	46	313	45	316	97	453	99	457	138	524	119
134	560	139	483	109	484	140	525	119	516	117	239	21	232	20	213	12	212	14	218	16	176	2
110	478	109	484	140	525	119	516	117	239	21	232	20	213	12	212	14	218	16
96	315	45	313	46	322	148	566	144
118	521	129	544	125	517	117	516	119	516	117	239	21	232	20	213	12	198	9	194	8
46	313	45	316	97	453	99	456	111	479	109	478	110	488	135	488	110	488	135	497	112	495	130	533	121	534	131	557	132
141	357	55	346	54	340	53	304	41	302	42
145	321	46	313	45	316	97	453	99	456	111	479	109	478	110
132	502	113	503	137	514	116	515	141	531	120	527	125	517	117	239	21	232	20	213	12	212	14	218	16	176	2
62	334	51	333	58	341	53	343	65	386	70	360	56	361	159	588	165
16	210	11	197	9	194	8	195	10	204	24	250	26	256	56	359	64	385	70	350	54	340	53	344	93	442	95
141	357	55	346	54	349	65	305	41	302	42	308	77	411	78
62	334	51	336	66	375	60	351	55	352	61
139	523	118	465	106	467	122	499	113	502	132
110	487	134	522	118	465	106	468	124	512	116	508	115	356	55	346	54	340	53	310	44
64	359	56	251	24	204	10	201	11
165	603	166	439	88	438	92	436	87	435	91	440	89	441	150
149	570	145	567	146	406	74	405	144
139	483	109	482	136	545	125	517	117	248	23	244	24	249	25	255	164	601	165
2	177	17	223	18	226	19	229	20	235	99
128	550	129	544	125	543	127	395	69	354	55	353	64	359	56	292	36	290	40	274	31	272	34
144	410	76	409	143	563	146	571	147	574	149	172	1	170	3	178	16	210	11	208	13	211	12	214	22	241	23	247	57	363	61	352	55	351	60	376	68	376	60	367	58	368	62
34	276	32	278	39	301	77	411	78
95	442	93	344	53	343	65	386	70	360	56	362	161	595	164	253	24	242	22	214	12	198	9	182	5	175	2
157	579	151	577	152	580	155	584	158
20	213	12	202	10	206	164	601	165
99	456	111	479	109	478	110	488	135	497	112	495	130	533	121	534	131	505	114	507	142
7	193	163	591	160	593	165
99	450	96	315	45	313	46	322	148
81	420	82	420	81	415	79	413	78
62	371	59	374	104	443	93	442	95
62	334	51	336	66	375	60	351	55	352	61
121	532	122	467	106	466	120	394	69	354	55	355	70	293	36	290	40	274	31	272	34
55	352	61	363	57	247	23	241	22	214	12	198	9	182	5	175	2
165	598	162	587	159	294	36	259	28	261	40	283	33	285	42	302	41	304	53	341	58	368	62
132	557	131	534	121	474	107	477	134	560	139	483	109
2	175	5	183	11	207	12	214	22	241	23	247	57	363	61	352	55	351	60	376	68	376	60	367	58	368	62
62	334	51	336	66	375	60	351	55	352	61	363	57	247	23	241	22	214	12	211	13	208	11	210	16	221	17	225	145	569	148
118	465	106	468	124	512	116	508	115	356	55	346	54	349	65	305	41	302	42	308	77	411	78
64	359	56	251	24	204	10	201	11	210	16
78	411	77	308	42	302	41	306	70	385	64	353	55	354	69	394	120
136	530	120	531	141	515	116	508	115	401	72	377	60	367	58	368	62
20	232	21	239	117	517	125	527	120	531	141	515	116	514	137	503	113	502	132
82	412	77	411	78	411	77	308	42	302	41	306	70	385	64	353	55	354	69	394	120	530	136
128	550	129	521	118	465	106	467	122	499	113	502	132
62	334	51	333	58	341	53	310	44	307	42	299	39	278	32	276	34	265	30	268	86	432	92
33	271	31	272	34	265	30	268	86	432	92
157	579	151	577	152	580	155	584	158
133	559	137	538	123	402	72	392	68	389	67	337	51	334	62	371	59	374	104	460	101
82	412	77	411	78	411	77	301	39	282	33
62	371	59	374	104	463	105	447	95	445	94	417	79	413	78	411	77	412	82
118	465	106	470	133	559	137	538	123	402	72	377	60	367	58	368	62
139	483	109	481	128	551	136	545	125	517	117	239	21	236	22
148	569	145	570	149	172	1	167	0	167	1	169	2	175	5	182	9	187	6	186	7	193	163	591	160	593	165
2	176	16	219	15	220	19	229	20	232	21	239	117	516	119	525	140	553	128	552	139
139	523	118	465	106	467	122	535	131	557	132	558	142	339	52	338	62
134	477	107	474	121	534	131	557	132	558	142
34	272	31	271	33	284	41	303	44	312	94	445	95
16	216	13	211	12	202	10	204	24	251	56	359	64	353	55	351	60	376	68	376	60	367	58	368	62
110	478	109	482	136	545	125	543	127	395	69	354	55	353	64
128	551	136	545	125	543	127	395	69	354	55	353	64	359	56	292	36	281	33
158	584	155	580	152	577	151	578	153	581	154	429	85	428	91	435	87	436	92	438	88	439	166	603	165
22	236	21	239	117	519	136	551	128	552	139
165	596	161	257	26	246	23	248	117	519	136	482	109
80	414	79	413	78
119	516	117	517	125	527	120	531	141	515	116	508	115	401	72	392	68	389	67	337	51	334	62	371	59	374	104	460	101
119	516	117	518	127	395	69	354	55	353	64	385	70	306	41	302	42	308	77	411	78
34	272	31	258	28	259	36	292	56	358	57	363	61
33	285	42	307	44	312	94	345	53	344	93	383	63	382	62
144	565	146	571	147	574	149	172	1	167	0	167	1	169	2	175	5	182	9	187	6	186	7	193	163	591	160	594	166	599	162	298	38	288	34
139	523	118	465	106	467	122	535	131	557	132	558	142	339	52	338	62
149	574	147	564	143	408	75	407	76	410	144	405	74
6	187	9	182	5	175	2	169	1
165	588	159	361	56	358	57	366	117	517	125
16	219	15	220	19	229	20	232	21	239	117	516	119	525	140	561	136	554	129	521	118	465	106	467	122	535	131
144	405	74	406	146	571	147	574	149	172	1	171	4	181	27
159	586	161	257	26	246	23	248	117	517	125	545	136	551	128	481	109	478	110
2	175	5	185	27	199	9	187	6	186	7	193	163	591	160	594	166	599	162	298	38	288	34	276	32	278	39	300	43	309	82
62	334	51	336	66	375	60	351	55	352	61	363	57	247	23	241	22	214	12	207	11	210	16
62	334	51	336	66	375	60	351	55	352	61	363	57	247	23	241	22	214	12	198	9	182	5	175	2
2	176	16	219	15	220	19	229	20	232	21	239	117	517	125	527	120	531	141
20	213	12	202	10	206	164	595	161	586	159	587	162	587	159	294	36	259	28	261	40	283	33	284	41	303	44
62	334	51	333	58	341	53	304	41	284	33	271	31	272	34
95	445	94	417	79	413	78	411	77	412	82
165	601	164	206	10	201	11	210	16
78	411	77	301	39	278	32	276	34	287	37	295	38	298	162	599	166	594	160	591	163	200	9
33	271	31	272	34	265	30	268	86	432	92	436	87	435	91	440	89	441	150	576	156	582	153	583	157
99	457	138	562	140	561	136
16	176	2	169	1	167	0	168	143	408	75
99	235	20	233	22	243	25	255	164	595	161	586	159	587	162	298	38	288	34
33	281	36	293	70	355	55	357	141
134	477	107	464	106	468	124	512	116	508	115	356	55
144	404	73	328	49	327	48	320	46	322	148	322	46	320	48	320	46	313	45	316	97	234	20	233	22
144	565	146	571	147	574	149	172	1	170	3	178	16	210	11	208	13	211	12	214	22	241	23	247	57	363	61	352	55	351	60	376	68	389	67	337	51	334	62
99	456	111	479	109	478	110	489	139	523	118	465	106	468	124
62	334	51	333	58	341	53	304	41	284	33
26	246	23	241	22	214	12	211	13	208	11	210	16	176	2	169	1	172	149	574	147	571	146	565	144
16	221	17	223	18	227	45	313	46
154	581	153	578	151	577	152	577	151	579	157
62	334	51	333	58	341	53	304	41	284	33	282	39	278	32	276	34
11	201	10	205	25	254	26	256	56	359	64	353	55	346	54	340	53
165	588	159	294	36	259	28	261	40	283	33	284	41	303	44	312	94	445	95	446	101	459	102	459	101
16	216	13	211	12	214	22	241	23	247	57	363	61	352	55	351	60	376	68	376	60	367	58	368	62
82	309	43	280	32	276	34
78	413	79	417	94	345	53	344	93	383	63	382	62	338	52
155	580	152	577	151	579	157
46	313	45	315	96	450	99
6	187	9	196	10	203	22	241	23	247	57	363	61
144	404	73	328	49	327	48	320	46	322	148	322	46	320	48	320	46	313	45	316	97	453	99	457	138	524	119
136	519	117	248	23	245	25	249	24	252	161	597	166	439	88	438	92	436	87	435	91	440	89	441	150	576	156	582	153	583	157
97	453	99	457	138	562	140	561	136	545	125	543	127	395	69	379	61
68	376	60	351	55	352	61	363	57	366	117	239	21	232	20	213	12	212	14	218	16	176	2
16	210	11	197	9	194	8	195	10	206	164	601	165	598	162	587	159	294	36	281	33
101	460	104
11	210	16	221	17	223	18	227	45	313	46
61	363	57	247	23	237	21	232	20	229	19	222	16	176	2
62	338	52	330	50	332	71	398	114	498	113	501	131	534	121	474	107	477	134	560	139
62	334	51	336	66	375	60	351	55	352	61	363	57	247	23	241	22
148	569	145	225	17	179	3	173	2	175	5	182	9	196	10	204	24	244	23	247	57	364	64	385	70	350	54	348	60	367	58	333	51	334	62
144	404	73	328	49	327	48	320	46	322	148	322	46	320	48	320	46	313	45	316	97	234	20
16	219	15	220	19	229	20	232	21	239	117	516	119	525	140	561	136
61	379	69	394	120	466	106	464	107	472	112	495	130
144	405	74	406	146	563	143	408	75	407	76	410	144	405	74
20	232	21	239	117	517	125	527	120	531	141	515	116	508	115	356	55	346	54	347	58	368	62
80	414	79	413	78	413	79	311	44	303	41	305	65	349	54	346	55	356	115	508	116	512	124	468	106	464	107	477	134	487	110
16	210	11	197	9	194	8	194	9	200	163	591	160	594	166	599	162	298	38	288	34
130	495	112	472	107	475	122	499	113	399	72	377	60	348	54	349	65	305	41	303	44
29	262	35	286	34
110	478	109	482	136	545	125	543	127	395	69	379	61	378	64	359	56	292	36	290	40	274	31	272	34
16	210	11	197	9	194	8	194	9	200	163	591	160	594	166	599	162	298	38	288	34
139	523	118	465	106	470	133	559	137	538	123	402	72	392	68	389	67	337	51	334	62	371	59	374	104	460	101
2	176	16	219	15	220	19	229	20	232	21	239	117	517	125	527	120	531	141	515	116	514	137	503	113	502	132
76	403	73	328	49	327	48	320	46
62	334	51	336	66	370	58	347	54	350	70
110	478	109	479	111	456	99	453	97	316	45	313	46
62	334	51	336	66	375	60	351	55	352	61	363	57	247	23	241	22	214	12	207	11	210	16
22	241	23	247	57	363	61	352	55	351	60	367	58	368	62
34	272	31	271	33	284	41	304	53	341	58	333	51	337	67	331	50	330	52	339	142	558	132
101	460	104	384	63	342	53	340	54	346	55
120	394	69	393	115	401	72	400	114	507	142
34	272	31	274	40	290	36	292	56	358	57	363	61
34	287	37	295	38	298	162	599	166	594	160	591	163	200	9	194	8	194	9	197	11	210	16
34	272	31	274	40	290	36	292	56	359	64	378	61	379	69	395	127	543	125	545	136	551	128	481	109	478	110
78	411	77	301	39	278	32	276	34
33	282	39	301	77	411	78	411	77	412	82	420	81
11	209	14	217	15	220	19	229	20	232	21	239	117	516	119	525	140	553	128	481	109	478	110
2	175	5	185	27	199	9	187	6	186	7	193	163	591	160	594	166	599	162	587	159	294	36	259	28	261	40	283	33	284	41	303	44
22	203	10	195	8	194	9	189	7	190	83
30	265	34	276	32	278	39	299	42	307	44	312	94	345	53	344	93	383	63	382	62
55	352	61	363	57	247	23	237	21	232	20
20	234	97	316	45	313	46	322	148
61	363	57	247	23	241	22	214	12	207	11	210	16
55	352	61	363	57	247	23	241	22	214	12	198	9	182	5	175	2
110	487	134	522	118	465	106	470	133	559	137	538	123	402	72	377	60	367	58	368	62
118	465	106	468	124	512	116	508	115	356	55	346	54	349	65
33	284	41	303	44	312	94	445	95	447	105	461	101
62	338	52	330	50	332	71	397	72	402	123	538	137	537	122	467	106	465	118
62	334	51	336	66	375	60	351	55	353	64
44	303	41	291	36	292	56	362	161	595	164	255	25	243	22	233	20
62	338	52	330	50	332	71	397	72	401	115	508	116	515	141	531	120	527	125	517	117	239	21	232	20
165	603	166	439	88	438	92	436	87	435	91	428	85	429	154	581	153	578	151	577	152	580	155
157	583	153	582	156	576	150	441	89	440	91	435	87	436	92	432	86	268	30
34	272	31	274	40	290	36	292	56	359	64
132	502	113	399	72	401	115	380	61
92	432	86	433	162	598	165	588	159
159	361	56	358	57	366	117	519	136	551	128
34	265	30	268	86	432	92	436	87	435	91	440	89	441	150	576	156	582	153	583	157
62	334	51	333	58	341	53	343	65	386	70	360	56	361	159	588	165
139	483	109	482	136	545	125	517	117	248	23	244	24	252	161	597	166	439	88	438	92	436	87	435	91	440	89	441	150	576	156	582	153	583	157
46	313	45	230	19	229	20	233	22
136	519	117	518	127	395	69	354	55	353	64	385	70	306	41	302	42	308	77	411	78	411	77	412	82
34	272	31	274	40	290	36	293	70	355	55
165	601	164	255	25	243	22	233	20	235	99
44	303	41	305	65	349	54	346	55	356	115	508	116	512	124	468	106	464	107	477	134	560	139
46	320	48	327	49
29	262	35	266	30
97	316	45	313	46
78	411	77	301	39	278	32	276	34	287	37	295	38	298	162	587	159	586	161	595	164	206	10	203	22
83	421	88	439	166	603	165	598	162	587	159	294	36	281	33
125	527	120	526	124	541	137	538	123	402	72	377	60	367	58	368	62
2	175	5	183	11	207	12	214	22	241	23	247	57	363	61	352	55	351	60	376	68	376	60	367	58	368	62
33	284	41	304	53	341	58	368	62
99	450	96	315	45	313	46	320	48	320	46	322	148	322	46	320	48	327	49	328	73	403	76
144	404	73	328	49	327	48	320	46	322	148	322	46	320	48	320	46	313	45	316	97	234	20	232	21	237	23	247	57	363	61	352	55
155	580	152	577	151
110	485	112	495	130	556	131	557	132	558	142	339	52	338	62
139	483	109	484	140	525	119	516	117	239	21	232	20	213	12	212	14	218	16	176	2
82	309	43	300	39	278	32	276	34	287	37	295	38	298	162	587	159	586	161	595	164	255	25	243	22	233	20
118	523	139	489	110	478	109	479	111	456	99
104	384	63	342	53	304	41	302	42	299	39	278	32	276	34
76	403	73	403	76	329	49	327	48	320	46	322	148	322	46	313	45	316	97
104	443	93	442	95	445	94	312	44	307	42	285	33	283	40	261	28	259	36	294	159	589	166	439	88	421	83
141	357	55	355	70	293	36	281	33
55	351	60	377	72	399	113	502	132
11	209	14	217	15	220	19	229	20	232	21	239	117	516	119	525	140	484	109	481	128	552	139	560	134	477	107	474	121
92	432	86	268	30	265	34
20	232	21	239	117	517	125	527	120	531	141	515	116	508	115	401	72	392	68	389	67	337	51	334	62	371	59	374	104	460	101
55	353	64	359	56	362	161	597	166	439	88	438	92	436	87	435	91	440	89	441	150	576	156	582	153	578	151	579	157
34	272	31	274	40	290	36	292	56	358	57	366	117	520	140
140	562	138	457	99	450	96	315	45	313	46
121	532	122	467	106	466	120	527	125	517	117	248	23	245	25	255	164	601	165
34	287	37	295	38	298	162	587	159	586	161	595	164	255	25	243	22	233	20	235	99
44	303	41	306	70	360	56	362	161	595	164	255	25	243	22	233	20	235	99
162	298	38	295	37	260	28	261	40	283	33	284	41	303	44
22	241	23	247	57	363	61	352	55	346	54	340	53	344	93	444	105	461	101
136	561	140	562	138	457	99	453	97	316	45	313	46	320	48	320	46	322	148	322	46	320	48	327	49	329	76	403	73	404	144
2	176	16	219	15	220	19	229	20	232	21	239	117	517	125	527	120	531	141	515	116	514	137	503	113	502	132
62	334	51	333	58	341	53	304	41	284	33
132	502	113	503	137	514	116	515	141	531	120	527	125	517	117	239	21	232	20
62	338	52	330	50	332	71	398	114	498	113	501	131	534	121	474	107	477	134
136	530	120	466	106	467	122	499	113
78	411	77	308	42	302	41	306	70	385	64	378	61	379	69	395	127	543	125	545	136	551	128	552	139
22	236	21	239	117	517	125	527	120	531	141	510	115	401	72	399	113	502	132
132	502	113	503	137	514	116	515	141	531	120	527	125	517	117	239	21	232	20
96	315	45	230	19	222	16	176	2
33	282	39	301	77	412	82
118	521	129	544	125	546	140	525	119	516	117	239	21	232	20	213	12	212	14	218	16	176	2
2	175	5	182	9	194	8	194	9	200	163	591	160	594	166	599	162	298	38	288	34
34	287	37	295	38	298	162	599	166	594	160	591	163	200	9	194	8	194	9	197	11	183	5	175	2
165	593	160	591	163	200	9	194	8	194	9	197	11	210	16	178	3
142	558	132	557	131	534	121	533	130	495	112	497	135	488	110	478	109	479	111	456	99	453	97
34	276	32	278	39	299	42	307	44	312	94	345	53	344	93	383	63	382	62
34	272	31	274	40	290	36	292	56	358	57	366	117	519	136	482	109
33	281	36	292	56	359	64	353	55	354	69	395	127	543	125	517	117	516	119	524	138
34	276	32	278	39	301	77	411	78
82	412	77	411	78	413	79	311	44	303	41	305	65	349	54	346	55	356	115	508	116	512	124	468	106	464	107	477	134	487	110
164	206	10	195	8	194	9	197	11	210	16	221	17	225	145	569	148
61	352	55	346	54	340	53	344	93	444	105	461	101
110	487	134	522	118	465	106	468	124	512	116	508	115	356	55	346	54	349	65	305	41	303	44	311	79	413	78	413	79	414	80
76	403	73	328	49	327	48	320	46	322	148	322	46
164	253	24	250	26	246	23	248	117	517	125	545	136	554	129	521	118
115	393	69	394	120	466	106	464	107	477	134	560	139
44	303	41	306	70	355	55
17	221	16	210	11
11	201	10	206	164	601	165	598	162	587	159	294	36	281	33
44	303	41	306	70	360	56	362	161	595	164	206	10	203	22
34	276	32	278	39	299	42	307	44	312	94	345	53	344	93	383	63	382	62	338	52	339	142
73	328	49	327	48	323	47	324	96
34	276	32	278	39	301	77	411	78
62	338	52	330	50	332	71	398	114	498	113	501	131	534	121	474	107	477	134
151	577	152	580	155
34	272	31	274	40	290	36	292	56	358	57	366	117	517	125
8	195	10	206	164	253	24	244	23	248	117	519	136
109	482	136	519	117	518	127	395	69	354	55	353	64	385	70	306	41	302	42	308	77	411	78
104	384	63	342	53	304	41	284	33
16	210	11	201	10	206	164	601	165
52	338	62	334	51	336	66	375	60	351	55	352	61	363	57
22	214	12	211	13	208	11	210	16	176	2	169	1	172	149	570	145	567	146	565	144
78	411	77	301	39	278	32	276	34	287	37	295	38	298	162	587	159	586	161	595	164	255	25	243	22	233	20
81	420	82	420	81	415	79	413	78	411	77	301	39	282	33
8	194	9	187	6	187	9	182	5	175	2	169	1	167	0	167	1	172	149	574	147	571	146	406	74	405	144
29	262	35	266	30	268	86	426	85	426	86	432	92
158	584	155	580	152	577	151	578	153	581	154	429	85	426	86	268	30	266	35	262	29
29	262	35	286	34
154	429	85	428	91	435	87	436	92
148	322	46	313	45	315	96	450	99
33	271	31	272	34	286	35	262	29
78	411	77	308	42	302	41	306	70	385	64	378	61	379	69	395	127	543	125	545	136	551	128	552	139
99	235	20	233	22	243	25	255	164	595	161	586	159	587	162	298	38	288	34
8	195	10	206	164	206	10	202	12	213	20	232	21	239	117	516	119	525	140	484	109	483	139
137	541	124	526	120	527	125	546	140	562	138	457	99
144	404	73	328	49	327	48	320	46	322	148	322	46	320	48	320	46	313	45	316	97	453	99	457	138	562	140	561	136
109	484	140	562	138	457	99	453	97	316	45	313	46	322	148
144	404	73	328	49	327	48	323	47	324	96	450	99
78	411	77	308	42	302	41	305	65	349	54	346	55	356	115	508	116	512	124	468	106	465	118
131	535	122	467	106	465	118	521	129	554	136	561	140	525	119	516	117	239	21	232	20	213	12	212	14	218	16
20	232	21	237	23	247	57	363	61	352	55
118	465	106	467	122	537	137	538	123	402	72	392	68	389	67	337	51	334	62	371	59	374	104
62	338	52	330	50	332	71	397	72	402	123	538	137	559	133	470	106	464	107	477	134	487	110
141	357	55	355	70	293	36	281	33
62	334	51	333	58	341	53	343	65	386	70	360	56	361	159	588	165
148	322	46	320	48	320	46	313	45	316	97	234	20
46	313	45	227	18	226	19	222	16	176	2
148	322	46	313	45	316	97	234	20	232	21	237	23	247	57	363	61
34	287	37	295	38	298	162	599	166	594	160	591	163	200	9	194	8	194	9	197	11	210	16	176	2	169	1	172	149	570	145	567	146	565	144
148	322	46	320	48	320	46	313	45	316	97	453	99	457	138	562	140	561	136
82	412	77	301	39	282	33
44	303	41	306	70	385	64	364	57	247	23	237	21
34	272	31	258	28	259	36	292	56	358	57	366	117	519	136	551	128
53	304	41	306	70	360	56	361	159	588	165
2	176	16	219	15	220	19	229	20	232	21	239	117	518	127	549	141
61	378	64	353	55	346	54	340	53	342	63	372	59	373	101
99	453	97	231	19	222	16	210	11	197	9	189	7	190	83
136	519	117	248	23	245	25	249	24	252	161	597	166	439	88	438	92
34	272	31	274	40	290	36	292	56	359	64	378	61	379	69	395	127	543	125	545	136	551	128	552	139
109	484	140	525	119	516	117	239	21	232	20	213	12	212	14	218	16	176	2
62	334	51	336	66	375	60	351	55	352	61
121	532	122	467	106	466	120	394	69	379	61
139	483	109	484	140	525	119	516	117	239	21	232	20	213	12	212	14	218	16	176	2
101	373	59	371	62
163	188	6	187	9	182	5	175	2	169	1	167	0	167	1	172	149	574	147	571	146	406	74	405	144
157	579	151	579	157	585	156	576	150	441	89	424	84	191	7	186	6	187	9	199	27	181	4	174	2
69	365	57	247	23	237	21	238	99
99	235	20	233	22	243	25	255	164	595	161	586	159	587	162	298	38	288	34
44	303	41	306	70	385	64	378	61	379	69	395	127	543	125	545	136	551	128	481	109	478	110
139	483	109	484	140	525	119	516	117	239	21	232	20	213	12	212	14	218	16	176	2
44	303	41	305	65	349	54	346	55	356	115	508	116	512	124	468	106	465	118
101	460	104	384	63	342	53	345	94	312	44	307	42	285	33	283	40	261	28	259	36	294	159	588	165
134	471	106	468	124	512	116	508	115	356	55	346	54	350	70	293	36	259	28	258	31	272	34
163	193	7	186	6	187	9	182	5	175	2	169	1	167	0	168	143	408	75
62	338	52	330	50	332	71	397	72	402	123	538	137	537	122	467	106	465	118
78	411	77	308	42	302	41	306	70	385	64	378	61	379	69	395	127	543	125	545	136	551	128	481	109	478	110
34	287	37	295	38	298	162	599	166	594	160	591	163	200	9	194	8	194	9	197	11	210	16	176	2	169	1	172	149	574	147	571	146	406	74	405	144
16	221	17	225	145	569	148	322	46	320	48	327	49	328	73	404	144
134	471	106	468	124	512	116	508	115	356	55	346	54	349	65	305	41	303	44	311	79	413	78
62	338	52	339	142	558	132	557	131	535	122	467	106	465	118
78	411	77	308	42	302	41	306	70	385	64	378	61	379	69	395	127	543	125	545	136	551	128	552	139
61	363	57	366	117	519	136
8	195	10	206	164	253	24	244	23	247	57	363	61
148	322	46	320	48	320	46	313	45	316	97	234	20	232	21	237	23	247	57	363	61	352	55
128	551	136	519	117	366	57	364	64	385	70	306	41	302	42	308	77	411	78
2	175	5	182	9	196	10	204	24	244	23	247	57	364	64	385	70	350	54	347	58	333	51	334	62
34	276	32	278	39	299	42	307	44	312	94	345	53	344	93	383	63	382	62
164	595	161	597	166	439	88	438	92	436	87	435	91	440	89	441	150	576	156	582	153	583	157
165	603	166	439	88	438	92	436	87	435	91	428	85	429	154	581	153	578	151	577	152	580	155	584	158
2	176	16	219	15	220	19	229	20	232	21	239	117	516	119	525	140	553	128	481	109	478	110
82	412	77	411	78	411	77	308	42	302	41	306	70	355	55	352	61
46	320	48	320	46	322	148	322	46	320	48	327	49	329	76	410	144	410	76	403	73
33	284	41	303	44	312	94	445	95	446	101
78	413	79	417	94	345	53	344	93	383	63	382	62
128	550	129	529	120	528	127	395	69	354	55	353	64
62	334	51	333	58	341	53	304	41	284	33	282	39	278	32	276	34	265	30	268	86	432	92	436	87	435	91	440	89	441	150	576	156	582	153	583	157
157	579	151	579	157	585	156	576	150	441	89	424	84	425	90	422	83	423	163	200	9	194	8
78	411	77	301	39	278	32	276	34	287	37	295	38	298	162	587	159	586	161	595	164	206	10	203	22
92	436	87	435	91	428	85	429	154
2	175	5	185	27	199	9	187	6	186	7	193	163	591	160	593	165
142	507	114	498	113	503	137	514	116	515	141	531	120	527	125	517	117	239	21	232	20	213	12	212	14	218	16
34	272	31	274	40	290	36	293	70	355	55
125	543	127	395	69	354	55	346	54	340	53	344	93	442	95
53	340	54	346	55	357	141
33	271	31	258	28	259	36	294	159	586	161	595	164	206	10	201	11	210	16
6	187	9	194	8	195	10	204	24	244	23	247	57	364	64	385	70
2	169	1	172	149	570	145	569	148
118	465	106	467	122	535	131	557	132	558	142	339	52	338	62
82	412	77	411	78	411	77	308	42	302	41	306	70	355	55
2	176	16	219	15	220	19	229	20	232	21	239	117	516	119	525	140	484	109	483	139
95	446	101
101	373	59	372	63	342	53	343	65	386	70	360	56	362	161	595	164	206	10	195	8	194	9	197	11	210	16
62	334	51	336	66	375	60	351	55	352	61
16	210	11	201	10	206	164	601	165
139	483	109	482	136	545	125	517	117	248	23	245	25	255	164	601	165
78	413	79	417	94	345	53	344	93	383	63	382	62
110	478	109	482	136	545	125	543	127	395	69	379	61	378	64	359	56	292	36	290	40	274	31	272	34
62	334	51	333	58	341	53	304	41	284	33
158	584	155	580	152	577	151	578	153	581	154	429	85	426	86	268	30	266	35	262	29
166	600	163	200	9	194	8	194	9	197	11	210	16
95	442	93	344	53	340	54	346	55	352	61
78	411	77	308	42	302	41	306	70	355	55	354	69
61	363	57	247	23	241	22	203	10	195	8	194	9	187	6
101	460	104	463	105	444	93	344	53	304	41	284	33
34	272	31	271	33	284	41	304	53	344	93	444	105	461	101
148	569	145	225	17	179	3	178	16	210	11
30	265	34	287	37	295	38	298	162	599	166	594	160	591	163	200	9	197	11
55	353	64	359	56	362	161	596	165	598	162	433	86	432	92
61	363	57	247	23	241	22	203	10	195	8
157	583	153	582	156	576	150	441	89	440	91	435	87	436	92	438	88	439	166	597	161	362	56	358	57	363	61
16	210	11	197	9	194	8	195	10	206	164	601	165	598	162	587	159	294	36	281	33
44	303	41	291	36	292	56	358	57	366	117	517	125
165	598	162	587	159	294	36	259	28	261	40	283	33	285	42	307	44	312	94	445	95	447	105	461	101
117	366	57	363	61	352	55	346	54	340	53
80	414	79	413	78	411	77	301	39	278	32
62	334	51	336	66	375	60	351	55	352	61	363	57	247	23	245	25
148	569	145	225	17	179	3	173	2	175	5	182	9	196	10	204	24	244	23	247	57	364	64	385	70	350	54	347	58	333	51	334	62
61	363	57	247	23	245	25	249	24	252	161	597	166	439	88	438	92
132	502	113	499	122	467	106	466	120	527	125
34	287	37	295	38	298	162	599	166	594	160	591	163	200	9	194	8	194	9	197	11	183	5	175	2
165	598	162	587	159	294	36	259	28	261	40	283	33	285	42	302	41	304	53	341	58	368	62
73	404	144	404	73	328	49	327	48	320	46	322	148	569	145	570	149	172	1	170	3	173	2
109	481	128	550	129	529	120	528	127	395	69	354	55	353	64	385	70	306	41	302	42	308	77	411	78	413	79	414	80
136	519	117	248	23	245	25	249	24	252	161	596	165	593	160	591	163	423	83
109	484	140	562	138	457	99	453	97	316	45	313	46
141	357	55	353	64	359	56	256	26	257	161	596	165	598	162	433	86	432	92
80	418	81	420	82
78	411	77	301	39	278	32	276	34	287	37	295	38	298	162	599	166	594	160	591	163	200	9	194	8
22	236	21	239	117	517	125	544	129	521	118
144	404	73	328	49	327	48	320	46	322	148	322	46	320	48	323	47	326	98	449	96	451	100	458	111	479	109	478	110
132	502	113	399	72	377	60	348	54	350	70	293	36	294	159	589	166	439	88	437	90	425	84	191	7	189	9	196	10	204	24	251	56	360	70	350	54	347	58	368	62
80	414	79	413	78	411	77	308	42	302	41	306	70	385	64	353	55	354	69	394	120	529	129
22	243	25	249	24	252	161	586	159	587	162	587	159	294	36	259	28	261	40	283	33	282	39	301	77	411	78	413	79	414	80
8	195	10	206	164	206	10	203	22	241	23	248	117	517	125	527	120	531	141	515	116	514	137	503	113	502	132
33	285	42	302	41	304	53	341	58	333	51	337	67	331	50	330	52	339	142	507	114	505	131
16	219	15	220	19	229	20	232	21	239	117	516	119	525	140	484	109	483	139
110	478	109	479	111	456	99	453	97	316	45	313	46	320	48	320	46	322	148	322	46	320	48	327	49	328	73	404	144
95	442	93	344	53	340	54	346	55	356	115	508	116	512	124	468	106	464	107	477	134	487	110
78	413	79	417	94	445	95	447	105	461	101
136	519	117	366	57	364	64	359	56	292	36	281	33
34	265	30	268	86	432	92	436	87	435	91	440	89	441	150	576	156	582	153	583	157
165	601	164	206	10	202	12	213	20
46	313	45	227	18	226	19	222	16	210	11	197	9	194	8	194	9	200	163	193	7	186	6
99	456	111	479	109	478	110
34	287	37	295	38	298	162	587	159	361	56	358	57	366	117
165	598	162	587	159	294	36	259	28	261	40	283	33	284	41	304	53
141	531	120	530	136
118	465	106	468	124	512	116	508	115	356	55	346	54	350	70	293	36	290	40	274	31	272	34
22	242	24	252	161	586	159	587	162	298	38	288	34	286	35	262	29
144	404	73	328	49	327	48	320	46	322	148	322	46	320	48	320	46	313	45	316	97	453	99	457	138	562	140	561	136
82	309	43	300	39	278	32	276	34	287	37	295	38	298	162	599	166	594	160	591	163	193	7	186	6	187	9	199	27	181	4	174	2
62	338	52	330	50	332	71	398	114	498	113	501	131	534	121	474	107	477	134	487	110
101	460	104	374	59	371	62
78	411	77	412	82	264	29
8	195	10	206	164	206	10	202	12	213	20	232	21	239	117	516	119	525	140	484	109
34	287	37	295	38	298	162	599	166	594	160	591	163	200	9	197	11	210	16
80	414	79	413	78
61	363	57	247	23	237	21	232	20	229	19	230	45	313	46
2	175	5	182	9	196	10	204	24	244	23	247	57	364	64	385	70	350	54	347	58	333	51	334	62
92	438	88	437	90	422	83	423	163
61	363	57	247	23	237	21	232	20
16	216	13	211	12	214	22	241	23	247	57	363	61	352	55	346	54	347	58	368	62
131	557	132	558	142	339	52	330	50	331	67	337	51	333	58	341	53	310	44
92	438	88	439	166	597	161	595	164	253	24	242	22	233	20	235	99
46	313	45	227	18	226	19	222	16	210	11	197	9
62	338	52	339	142	558	132	557	131	535	122	467	106	465	118	521	129	550	128	481	109
78	413	79	417	94	345	53	344	93	383	63	382	62	338	52	339	142
142	339	52	338	62	371	59	373	101
61	352	55	355	70	306	41	302	42	308	77	411	78	411	77	412	82
120	527	125	517	117	239	21	232	20	213	12	212	14	218	16
12	202	10	206	164	595	161	586	159	587	162	298	38	288	34
97	231	19	222	16	176	2
33	271	31	258	28	259	36	294	159	588	165
42	285	33	281	36	292	56	358	57	366	117	519	136
62	338	52	330	50	332	71	397	72	401	115	510	141
121	532	122	467	106	466	120	394	69	365	57	247	23	241	22
165	603	166	439	88	438	92
136	519	117	518	127	395	69	354	55	346	54	340	53	344	93	442	95
118	465	106	467	122	535	131	557	132	558	142	339	52	338	62
97	234	20	232	21	237	23	246	26	256	56	359	64	385	70	350	54	340	53
101	373	59	371	62	338	52	330	50	332	71	398	114	498	113	501	131	534	121	474	107	477	134	487	110
83	421	88	439	166	599	162	587	159	294	36	259	28	261	40	283	33	285	42	302	41	304	53	341	58	368	62
36	292	56	358	57	366	117	517	125
121	474	107	477	134	560	139	483	109	484	140	525	119	516	117	239	21	232	20	213	12	212	14	218	16	176	2
20	232	21	237	23	247	57	363	61	352	55
82	309	43	280	32	276	34
62	334	51	336	66	375	60	351	55	352	61	363	57	247	23	241	22	214	12	207	11	210	16
55	352	61	363	57	247	23	241	22	214	12	207	11	210	16
16	216	13	211	12	213	20	232	21	239	117
65	343	53	344	93	444	105	461	101
16	219	15	220	19	229	20	232	21	239	117	517	125	527	120	526	124	541	137
118	521	129	554	136	561	140	525	119	516	117	239	21	232	20	213	12	212	14	218	16	176	2
26	246	23	237	21	238	99
148	322	46	313	45	315	96	450	99
29	262	35	286	34
8	195	10	206	164	253	24	250	26	256	56	359	64	385	70	350	54	340	53
62	338	52	330	50	332	71	398	114	498	113	499	122	475	107	472	112	495	130
109	483	139	523	118	465	106	467	122	535	131
136	530	120	531	141	515	116	508	115	401	72	377	60	367	58	368	62
132	558	142	339	52	330	50	331	67	337	51	333	58	341	53	310	44	307	42	299	39	278	32	276	34
141	357	55	346	54	349	65	305	41	302	42	308	77	411	78
101	460	104	384	63	342	53	340	54	346	55
132	558	142	339	52	330	50	331	67	337	51	333	58	341	53	310	44	311	79	413	78
95	445	94	417	79	413	78	411	77	412	82
34	276	32	278	39	299	42	307	44	312	94	445	95	447	105	461	101
118	465	106	468	124	512	116	508	115	356	55	346	54	349	65	305	41	302	42	308	77	411	78
139	523	118	465	106	467	122	535	131	557	132	558	142	339	52	338	62
20	232	21	239	117	516	119	525	140	561	136
148	569	145	228	18	226	19	224	17
82	412	77	301	39	282	33
53	342	63	372	59	373	101
144	404	73	328	49	327	48	320	46	322	148	322	46	320	48	320	46	313	45	316	97	453	99	457	138	562	140	484	109	483	139
11	209	14	217	15	220	19	229	20	232	21	239	117	516	119	525	140	484	109	481	128	552	139	560	134
144	404	73	328	49	327	48	323	47	325	97
44	303	41	306	70	360	56	362	161	595	164	206	10	195	8	194	9	197	11	210	16
136	519	117	518	127	395	69	354	55	353	64	359	56	292	36	281	33
44	303	41	306	70	355	55	352	61
62	338	52	330	50	332	71	397	72	399	113	503	137
110	478	109	482	136	545	125	543	127	395	69	379	61	378	64	385	70	306	41	302	42	308	77	411	78
33	285	42	307	44	310	53	344	93	444	105	461	101
78	413	79	311	44	310	53	341	58	368	62
142	339	52	338	62	334	51	333	58	341	53	304	41	284	33	271	31	272	34
92	432	86	268	30	265	34	276	32	278	39	299	42	307	44	312	94	345	53	344	93	383	63	382	62
61	379	69	394	120
144	405	74	406	146	571	147	574	149	172	1	167	0	167	1	169	2	175	5	182	9	187	6	186	7	193	163	591	160	594	166	599	162	298	38	288	34
92	438	88	437	90	422	83	190	7	186	6	187	9	182	5	175	2	169	1	167	0	167	1	172	149	570	145	569	148
144	404	73	328	49	327	48	320	46	322	148	322	46	320	48	323	47	326	98	449	96	451	100	458	111	479	109	478	110	488	135	488	110	488	135	497	112	495	130	556	131	557	132
62	338	52	330	50	332	71	398	114	498	113	501	131	534	121	474	107	477	134
97	453	99	457	138	562	140	561	136
125	527	120	394	69	393	115	509	123	402	72	377	60	367	58	368	62
132	558	142	339	52	330	50	331	67	337	51	333	58	341	53	310	44	311	79	413	78
2	175	5	182	9	196	10	204	24	244	23	247	57	364	64	385	70	350	54	348	60	367	58	333	51	334	62
36	293	70	350	54	346	55	356	115	508	116	512	124	468	106	465	118
101	373	59	372	63	382	62	338	52	330	50	332	71	398	114	498	113	501	131	534	121	474	107	477	134	487	110
33	281	36	292	56	256	26
29	262	35	266	30	268	86	426	85	426	86	432	92
138	240	21	232	20	213	12	212	14	209	11
11	208	13	215	14	217	15	220	19	229	20	232	21	240	138
22	236	21	239	117	517	125	544	129	521	118
62	334	51	336	66	375	60	351	55	352	61	363	57	247	23	241	22	214	12	207	11	210	16
149	172	1	169	2	175	5	182	9	187	6
16	219	15	220	19	229	20	232	21	239	117	516	119	525	140	484	109	481	128	552	139	560	134
99	457	138	492	111	479	109	483	139
157	579	151	579	157	585	156	576	150	441	89	424	84	425	90	437	88	438	92	432	86	268	30	265	34	272	31	271	33	284	41	303	44
109	482	136	545	125	543	127	395	69	354	55
62	334	51	336	66	375	60	351	55	352	61
17	225	145	569	148
101	460	104	384	63	382	62	338	52	330	50	332	71	397	72	401	115	393	69	394	120	530	136
101	460	104	384	63	342	53	340	54	346	55	352	61	363	57	247	23	241	22
118	521	129	544	125	546	140	525	119	516	117	239	21	232	20	213	12	212	14	218	16
11	210	16	178	3
22	243	25	249	24	252	161	586	159	587	162	587	159	294	36	259	28	261	40	283	33	282	39	299	42	308	77	411	78
38	267	30	267	38	298	162	587	159	586	161	595	164	255	25	243	22	233	20
144	404	73	328	49	327	48	320	46	322	148	322	46	320	48	320	46	313	45	316	97	453	99	457	138	562	140	484	109	483	139
134	560	139	483	109	482	136	545	125	517	117	239	21	236	22
119	516	117	366	57	363	61	352	55
34	272	31	274	40	290	36	293	70	350	54	346	55	356	115	508	116	512	124	468	106	465	118
46	313	45	316	97	453	99	456	111	479	109	478	110	488	135	488	110	488	135	497	112	495	130	533	121
117	366	57	363	61	352	55	346	54	340	53	342	63	372	59	373	101
118	465	106	467	122	537	137	538	123	402	72	377	60	367	58	368	62
44	307	42
101	373	59	372	63	342	53
118	521	129	544	125	546	140	562	138
34	272	31	274	40	290	36	293	70	355	55	357	141
139	483	109	484	140	525	119	516	117	239	21	232	20	213	12	212	14	218	16
118	521	129	554	136	561	140	525	119	516	117	239	21	232	20	213	12	212	14	218	16	176	2	169	1	172	149
99	456	111	479	109	478	110	487	134
21	237	23	247	57	363	61	352	55	346	54	340	53	344	93	444	105	461	101
62	371	59	374	104	384	63	342	53	310	44	311	79	413	78
109	481	128	550	129	529	120	528	127	395	69	354	55	353	64	385	70	306	41	303	44
61	363	57	247	23	241	22	203	10	195	8
75	408	143	168	0	167	1	169	2	175	5	182	9	187	6
78	413	79	311	44	303	41	305	65	349	54	346	55	356	115	508	116	512	124	468	106	465	118
138	240	21	232	20	213	12	212	14	218	16
64	359	56	292	36	259	28	258	31	272	34
136	519	117	366	57	364	64	385	70	306	41	303	44
46	313	45	315	96	450	99	457	138
118	465	106	468	124	512	116	508	115	356	55	346	54	340	53	310	44
8	195	10	206	164	206	10	205	25	254	26	256	56	359	64	385	70	350	54	340	53	344	93	444	105	461	101
64	359	56	292	36	281	33
55	355	70	306	41	303	44
125	527	120	526	124	541	137	538	123	402	72	392	68	389	67	337	51	334	62	371	59	374	104	460	101
109	482	136	519	117	518	127	395	69	354	55	353	64	385	70	306	41	303	44
139	483	109	482	136	545	125	543	127	395	69	354	55	353	64	359	56	292	36	281	33
34	287	37	295	38	298	162	599	166	594	160	591	163	200	9	194	8	194	9	197	11	183	5	175	2
125	543	127	395	69	354	55	346	54	340	53	344	93	442	95
83	421	88	439	166	599	162	587	159	294	36	259	28	261	40	283	33	284	41	303	44	312	94	445	95
134	477	107	464	106	466	120	394	69	354	55	355	70	293	36	281	33
34	276	32	278	39	301	77	412	82	412	77	411	78	413	79	414	80
62	338	52	330	50	332	71	398	114	498	113	501	131	534	121	474	107	477	134	560	139
62	338	52	330	50	332	71	398	114	498	113	501	131	534	121	474	107	477	134	560	139
92	436	87	435	91	440	89	441	150	576	156	582	153	583	157
17	221	16	210	11	197	9	194	8	195	10	206	164	601	165	598	162	587	159	294	36	259	28	261	40	283	33	282	39	301	77	411	78
34	272	31	274	40	290	36	292	56	359	64	378	61	379	69	395	127	543	125	545	136	551	128	481	109	478	110
34	276	32	278	39	299	42	307	44	312	94	345	53	344	93	383	63	382	62
157	585	156	576	150	441	89	440	91	435	87	436	92	438	88	439	166	603	165	601	164
139	483	109	484	140	525	119	516	117	239	21	232	20	213	12	198	9	194	8
83	421	88	439	166	603	165	588	159	361	56	358	57	366	117	519	136
83	422	90	437	88	438	92	432	86	268	30	265	34	276	32	278	39	301	77	411	78
106	466	120	527	125	517	117	239	21	236	22	203	10	195	8
82	412	77	411	78	411	77	301	39	282	33
148	322	46	313	45	317	98	449	96	451	100	458	111	491	135	488	110
32	275	33	284	41	304	53	341	58	368	62
64	353	55	354	69	394	120	466	106	464	107	477	134
62	338	52	330	50	332	71	397	72	401	115	393	69	394	120	530	136
101	460	104	463	105	447	95	445	94	312	44	307	42	285	33	283	40	261	28	259	36	294	159	588	165
46	313	45	316	97	453	99	456	111	479	109	478	110	489	139	523	118	465	106	470	133	559	137	538	123	402	72	377	60	367	58	368	62
11	201	10	205	25	254	26	256	56	359	64	385	70	350	54	347	58	333	51	334	62
34	265	30	268	86	432	92	436	87	435	91	440	89	441	150	576	156	582	153	578	151	577	152	577	151	578	153	581	154
141	531	120	527	125	546	140	562	138	457	99	453	97
95	442	93	344	53	304	41	284	33
99	238	21	239	117	517	125	527	120	526	124
34	287	37	295	38	298	162	599	166	594	160	591	163	200	9	197	11
62	334	51	336	66	375	60	351	55	352	61	363	57	247	23	241	22	214	12	198	9	182	5	175	2
81	420	82	420	81	415	79	413	78
81	420	82	420	81	415	79	413	78	411	77	308	42	302	41	306	70	355	55	352	61
92	432	86	268	30	265	34
141	549	127	518	117	516	119	525	140
78	413	79	414	80
118	465	106	467	122	537	137	538	123	402	72	377	60	367	58	368	62
62	338	52	330	50	332	71	398	114	498	113	501	131	534	121	474	107	477	134	487	110
75	408	143	563	146	565	144	566	148	322	46	320	48	320	46	313	45	316	97	453	99	457	138	562	140	561	136
78	411	77	412	82	420	81
81	420	82	420	81	415	79	413	78
148	322	46	313	45	316	97	234	20	232	21	237	23	247	57	363	61
110	478	109	482	136	545	125	543	127	395	69	379	61	378	64	359	56	292	36	290	40	274	31	272	34
125	527	120	526	124	541	137	538	123	402	72	377	60	367	58	368	62
151	578	153	582	156	576	150	441	89	440	91	435	87	436	92	438	88	439	166	603	165
29	262	35	277	32
11	197	9	194	8	195	10	206	164	601	165	598	162	587	159	294	36	281	33
55	353	64	359	56	251	24	204	10	201	11	210	16
101	460	104	374	59	371	62
29	262	35	286	34
34	286	35	262	29
115	401	72	399	113	499	122	532	121
138	524	119	516	117	366	57	363	61	352	55
138	562	140	561	136	545	125	543	127	395	69	379	61	378	64	385	70	306	41	303	44
144	404	73	328	49	327	48	323	47	326	98	449	96	451	100	458	111	479	109	478	110
33	271	31	270	32	277	35	262	29
30	265	34	272	31	274	40	290	36	292	56	359	64	353	55	354	69	394	120	527	125
139	483	109	482	136	545	125	543	127	395	69	379	61	378	64	359	56	292	36	290	40	274	31	272	34
62	334	51	336	66	375	60	348	54	350	70	360	56	256	26
34	287	37	295	38	298	162	587	159	586	161	257	26	246	23	248	117	516	119
101	373	59	371	62
34	287	37	295	38	298	162	599	166	594	160	591	163	200	9	194	8	194	9	197	11	183	5	175	2
34	265	30	268	86	432	92
142	339	52	338	62	334	51	336	66	375	60	351	55	353	64	359	56	256	26
81	420	82	420	81	420	82	309	43	300	39	278	32	276	34	287	37	295	38	298	162	598	165
97	453	99	456	111	479	109	478	110
134	471	106	467	122	537	137	538	123	402	72	377	60	367	58	368	62
26	256	56	359	64	353	55	351	60	376	68	389	67	331	50	330	52	339	142
78	411	77	301	39	278	32	276	34	287	37	295	38	298	162	598	165
119	516	117	518	127	549	141	515	116	508	115	356	55	346	54	347	58	368	62
144	404	73	328	49	327	48	320	46	322	148	322	46	320	48	323	47	326	98	449	96	451	100	458	111	479	109	478	110	489	139	523	118	465	106
1	167	0	168	143
8	195	10	206	164	206	10	203	22	241	23	247	57	363	61	352	55	351	60	376	68	376	60	367	58	368	62
34	287	37	295	38	298	162	587	159	586	161	595	164	255	25	243	22	233	20	235	99
125	527	120	394	69	393	115	509	123	402	72	377	60	367	58	368	62
62	338	52	330	50	332	71	397	72	401	115	508	116	515	141	531	120	530	136
148	569	145	570	149	172	1	167	0	167	1	169	2	175	5	182	9	187	6	186	7	193	163	591	160	594	166	599	162	298	38	288	34
78	411	77	412	82
8	195	10	206	164	601	165	598	162	587	159	294	36	259	28	261	40	283	33	282	39	299	42	308	77	411	78
118	465	106	468	124	512	116	508	115	356	55	346	54	340	53	304	41	284	33	271	31	273	37	295	38	267	30
22	241	23	247	57	363	61	352	55	351	60	376	68	376	60	367	58	368	62
44	311	79	413	78	411	77	412	82
75	407	76	410	144	405	74
22	236	21	239	117	517	125	545	136	554	129	521	118	465	106	464	107	472	112
99	235	20	233	22	243	25	255	164	595	161	586	159	587	162	298	38	288	34
132	502	113	399	72	377	60	348	54	350	70	293	36	294	159	588	165
61	363	57	247	23	237	21	232	20	229	19
157	583	153	582	156	576	150	441	89	440	91	435	87	436	92
165	588	159	361	56	358	57	366	117	519	136
22	236	21	239	117	517	125	527	120	531	141	515	116	514	137	503	113	502	132
25	249	24	252	161	586	159	587	162	587	159	294	36	281	33
10	206	164	253	24	251	56	292	36	281	33
110	478	109	479	111	456	99	453	97	316	45	313	46	322	148
20	232	21	239	117	517	125	527	120	531	141	515	116	508	115	401	72	392	68	376	60	367	58	368	62
16	219	15	220	19	229	20	232	21	239	117	516	119	525	140	484	109	481	128	552	139	560	134
62	338	52	330	50	332	71	391	68	392	72	401	115	508	116	515	141	531	120	527	125	517	117	239	21	232	20
142	339	52	338	62	371	59	374	104	463	105	447	95	445	94	417	79	413	78
125	517	117	366	57	364	64	359	56	292	36	281	33
62	338	52	330	50	332	71	391	68	392	72	401	115	508	116	515	141	531	120	527	125	517	117	239	21	232	20
26	256	56	360	70	350	54	347	58	333	51	334	62
110	478	109	482	136	545	125	517	117	239	21	236	22
148	569	145	225	17	179	3	178	16
164	255	25	254	26	246	23	247	57	364	64	385	70	350	54	340	53	344	93	444	105	461	101
118	465	106	470	133	559	137	538	123	402	72	392	68	389	67	337	51	334	62	371	59	374	104	460	101
61	378	64	353	55	346	54	340	53	344	93	442	95
125	527	120	526	124	541	137	538	123	402	72	377	60	367	58	368	62
44	303	41	305	65	349	54	346	55	356	115	508	116	512	124	468	106	464	107	477	134
62	334	51	333	58	341	53	304	41	302	42	285	33	271	31	272	34
163	591	160	593	165	598	162	298	38	288	34
62	371	59	372	63	342	53	345	94
34	287	37	295	38	298	162	587	159	586	161	595	164	255	25	243	22	233	20	234	97
22	243	25	249	24	252	161	596	165	603	166	439	88	438	92	436	87	435	91	428	85	429	154
101	460	104	463	105	444	93	344	53	343	65	386	70	360	56	362	161	595	164	253	24	242	22	214	12	198	9	182	5	175	2
62	334	51	336	66	375	60	351	55	352	61	363	57	247	23	241	22	214	12	198	9	182	5	175	2
109	482	136	519	117	248	23	245	25	255	164	601	165
125	527	120	466	106	467	122	499	113	502	132
55	352	61	363	57	366	117	516	119
2	175	5	182	9	196	10	204	24	244	23	247	57	364	64	385	70	350	54	340	53	344	93	444	105	461	101
139	483	109	482	136	545	125	543	127	395	69	379	61	378	64	359	56	292	36	281	33
139	523	118	465	106	470	133	559	137	503	113	399	72	392	68
118	523	139	489	110	478	109	479	111	456	99
2	175	5	185	27	199	9	187	6	186	7	193	163	591	160	594	166	599	162	587	159	294	36	259	28	261	40	283	33	282	39	299	42	308	77	411	78
92	432	86	268	30	265	34
132	502	113	503	137	514	116	515	141	531	120	527	125	517	117	248	23	244	24	252	161	597	166	439	88	421	83
2	169	1	172	149	574	147	571	146	406	74	405	144	410	76
134	477	107	464	106	468	124	512	116	515	141	396	69	365	57	247	23	244	24	249	25	255	164
144	410	76	407	75
20	232	21	239	117	518	127	549	141
142	507	114	498	113	399	72	401	115	380	61	363	57	366	117	516	119
125	527	120	394	69	354	55	346	54	340	53	344	93	442	95
151	578	153	583	157	585	156	576	150	441	89	424	84	425	90	437	88	438	92	438	88	439	166	597	161	595	164	206	10	203	22
61	363	57	247	23	241	22
16	210	11	201	10	204	24	251	56	292	36
6	187	9	182	5	175	2	169	1	172	149	574	147
34	287	37	295	38	298	162	598	165	593	160	591	163	200	9	194	8	194	9	197	11	210	16	221	17	225	145	569	148
66	375	60	351	55	346	54	350	70	293	36	290	40	274	31	272	34
10	201	11	210	16
113	502	132	558	142	339	52	338	62	371	59	374	104	460	101
8	195	10	206	164	206	10	203	22	236	21	239	117	517	125	545	136	551	128	552	139
78	411	77	301	39	278	32	276	34	287	37	295	38	298	162	587	159	586	161	595	164	255	25	243	22	233	20
101	460	104	384	63	382	62	338	52	330	50	332	71	391	68	392	72	401	115	508	116	515	141	531	120	527	125	517	117	239	21	232	20
110	478	109	479	111	456	99	453	97	231	19	224	17
11	209	14	217	15	220	19	229	20	232	21	239	117	516	119	525	140	546	125	544	129	521	118
33	283	40	261	28	259	36	294	159	586	161	595	164	253	24	242	22	214	12	198	9	182	5	175	2
78	413	79	417	94	345	53	344	93	383	63	382	62	338	52	339	142
144	404	73	328	49	327	48	320	46	322	148	569	145	228	18	226	19	224	17
55	351	60	377	72	399	113	502	132
62	338	52	330	50	332	71	397	72	401	115	508	116	512	124	539	129	550	128
22	243	25	249	24	252	161	586	159	587	162	587	159	294	36	259	28	261	40	283	33	284	41	303	44
130	495	112	494	121	534	131	557	132	558	142	339	52	338	62	371	59	374	104	460	101
33	281	36	292	56	359	64	378	61	379	69	395	127	543	125	545	136	551	128	552	139
78	411	77	301	39	278	32	276	34	287	37	295	38	298	162	599	166	594	160	591	163	193	7	186	6	187	9	199	27	181	4	174	2
34	276	32	278	39	299	42	307	44	312	94	345	53	344	93	383	63	382	62
132	558	142	339	52	330	50	331	67	337	51	333	58	341	53	310	44
109	484	140	562	138	457	99	453	97	316	45	313	46	320	48	320	46	322	148	566	144	565	146	563	143	408	75
62	334	51	336	66	375	60	351	55	352	61
2	176	16	219	15	220	19	229	20	232	21	239	117	516	119	525	140	484	109	483	139
142	507	114	400	72	401	115	380	61	363	57	247	23	241	22
157	585	156	576	150	441	89	424	84	191	7	186	6	187	9	182	5	175	2	169	1	167	0	167	1	172	149	570	145	569	148
56	360	70	350	54	340	53	344	93	442	95
121	533	130	495	112	497	135	488	110	478	109	479	111	456	99	453	97
61	378	64	359	56	292	36	281	33
41	284	33	271	31	272	34
55	351	60	377	72	399	113	501	131
33	283	40	261	28	259	36	294	159	586	161	595	164	206	10
144	404	73	328	49
109	481	128	551	136	519	117	366	57	364	64	359	56	292	36	281	33
8	195	10	206	164	601	165	598	162	587	159	294	36	259	28	261	40	283	33	284	41	303	44
132	558	142	339	52	330	50	331	67	337	51	333	58	341	53	310	44	307	42	285	33	271	31	272	34
7	189	9	196	10	203	22
2	175	5	182	9	194	8	194	9	200	163	591	160	594	166	599	162	298	38	288	34	276	32
151	578	153	578	151	577	152	577	151	578	153	581	154
132	502	113	399	72	377	60	348	54	350	70	293	36	294	159	589	166	439	88	437	90	425	84	191	7	189	9	196	10	204	24	251	56	360	70	350	54	347	58	368	62
109	484	140	562	138	457	99	453	97	316	45	313	46	322	148
83	421	88	439	166	599	162	587	159	294	36	259	28	261	40	283	33	284	41	303	44	312	94	445	95
22	242	24	249	25	249	24	252	161	586	159	587	162	298	38	288	34
78	411	77	308	42	302	41	305	65	349	54	346	55	356	115	508	116	513	133	536	122	475	107	472	112	495	130
101	446	95	442	93	344	53	343	65	386	70	360	56	362	161	595	164	253	24	242	22	214	12	198	9	182	5	175	2
61	378	64	385	70	306	41	302	42	308	77	411	78
144	404	73	328	49	327	48	320	46	322	148	322	46	320	48	320	46	313	45	316	97	234	20
62	334	51	336	66	375	60	351	55	352	61	363	57	247	23	241	22
2	176	16	219	15	220	19	229	20	232	21	239	117	517	125	527	120	531	141	515	116	508	115	401	72
101	460	104	384	63	335	51	337	67	331	50	332	71	398	114	498	113	501	131	534	121	474	107	477	134	487	110
62	338	52	330	50	332	71	398	114	498	113	501	131	534	121	474	107	477	134	560	139
62	338	52	330	50	332	71	398	114	498	113	501	131	534	121	474	107	477	134	560	139
62	334	51	336	66	375	60	351	55	352	61	363	57	247	23	241	22	214	12	198	9	182	5	175	2
34	276	32	278	39	300	43	309	82
25	245	23	247	57	364	64	385	70	350	54	348	60	367	58	333	51	334	62
95	442	93	344	53	304	41	284	33	271	31	272	34
91	440	89	441	150	441	89	424	84	425	90	437	88	438	92
131	501	113	500	123	511	116	508	115	356	55	346	54	350	70	293	36	259	28	258	31	272	34
136	554	129	521	118	465	106	467	122	535	131	557	132	558	142	339	52	338	62
152	577	151	579	157
95	442	93	344	53	340	54	346	55	352	61
34	287	37	295	38	298	162	587	159	586	161	595	164	255	25	243	22	233	20
46	313	45	316	97
62	334	51	333	58	341	53	343	65	386	70	360	56
165	588	159	294	36	259	28	261	40	283	33	285	42	302	41	304	53	341	58	368	62
55	352	61	363	57	247	23	241	22	214	12	198	9	182	5	175	2
78	411	77	301	39	278	32	276	34	265	30	268	86	432	92
33	284	41	304	53	341	58	368	62
132	502	113	499	122	467	106	466	120	527	125
125	517	117	366	57	358	56	292	36	281	33
163	591	160	592	164
62	334	51	336	66	375	60	351	55	352	61	363	57	247	23	241	22
134	477	107	464	106	468	124	512	116	508	115	356	55
99	235	20	213	12	202	10	206	164	601	165
139	483	109	484	140	562	138	457	99
2	175	5	182	9	196	10	205	25	254	26	250	24	251	56	359	64	353	55	346	54	340	53
61	378	64	359	56	292	36	290	40	274	31	272	34	276	32	278	39	300	43
132	558	142	339	52	338	62
16	221	17	223	18	227	45	315	96
97	453	99	457	138	562	140	561	136
62	334	51	333	58	341	53	304	41	284	33
134	560	139	483	109	484	140	525	119	516	117	239	21	232	20	213	12	212	14	218	16	176	2
55	346	54	349	65
121	474	107	477	134	560	139	483	109	484	140	525	119	516	117	239	21	232	20	229	19
78	411	77	301	39	278	32	276	34	287	37	295	38	298	162	599	166	594	160	591	163	193	7	186	6	187	9	199	27	181	4	174	2
62	334	51	333	58	341	53	304	41	284	33	282	39	278	32	276	34
101	373	59	372	63	342	53	343	65	386	70	360	56	362	161	595	164	255	25	205	10	202	12	198	9	182	5	175	2
132	558	142	339	52	330	50	331	67	337	51	333	58	341	53	310	44	307	42	285	33	271	31	272	34
2	169	1	167	0	168	143	409	76	410	144
34	276	32	278	39	299	42	307	44	310	53	341	58	333	51	337	67	331	50	330	52	339	142	558	132
136	519	117	518	127	395	69	354	55
62	334	51	336	66	375	60	351	55	352	61	363	57	247	23	241	22	214	12	207	11	210	16
16	210	11	197	9	194	8	195	10	206	164	601	165
110	478	109	479	111	456	99	453	97	316	45	313	46	322	148	566	144
16	216	13	211	12	214	22	241	23	247	57	363	61	352	55	351	60	376	68	376	60	367	58	368	62
144	404	73	328	49	327	48	320	46	322	148	322	46	320	48	320	46	313	45	316	97	234	20	232	21	237	23	247	57	363	61
53	304	41	284	33	282	39	278	32	276	34	265	30	268	86	432	92
16	219	15	220	19	229	20	232	21	239	117	516	119	525	140	546	125	544	129	521	118
34	276	32	278	39	299	42	307	44	310	53	344	93	444	105	461	101
16	210	11	201	10	205	25	254	26	256	56	359	64	385	70	350	54	340	53
34	272	31	274	40	290	36	293	70	350	54	346	55	356	115	508	116	512	124	468	106	464	107	477	134
44	303	41	284	33	283	40	261	28	259	36	294	159	589	166	594	160	591	163	193	7	186	6
16	221	17	223	18	227	45	313	46
129	539	124	512	116	508	115	401	72	392	68	376	60	367	58	368	62
99	457	138	562	140	561	136
101	373	59	372	63	382	62	338	52	330	50	332	71	397	72	401	115	393	69	394	120
148	569	145	570	149	172	1	167	0	167	1	169	2	175	5	182	9	187	6	186	7	193	163	591	160	594	166	599	162	587	159	294	36	281	33
147	568	145	225	17	179	3	178	16	219	15	220	19	229	20	232	21	239	117	516	119	525	140	546	125	544	129	521	118
34	265	30	268	86	432	92	438	88	437	90	422	83
132	502	113	500	123	511	116	515	141	396	69	365	57	358	56
124	468	106	464	107	477	134	560	139
91	440	89	441	150	576	156	582	153	581	154
62	334	51	333	58	341	53	304	41	284	33	282	39	278	32	276	34
20	234	97	316	45	313	46	322	148
101	460	104	463	105	444	93	344	53	343	65	386	70	360	56	362	161	595	164	253	24	242	22	214	12	198	9	182	5	175	2
62	334	51	336	66	375	60	351	55	352	61	363	57	247	23	241	22	214	12	198	9	182	5	175	2
101	373	59	371	62	368	58	347	54	346	55	352	61
62	334	51	336	66	375	60	351	55	352	61	363	57	247	23	241	22	203	10	195	8
11	197	9	194	8	194	9	200	163	591	160	594	166	599	162	587	159	294	36	259	28	261	40	283	33	282	39	299	42	308	77	411	78
46	313	45	316	97	234	20	233	22
101	461	105	444	93	344	53	343	65	386	70	360	56	362	161	595	164	206	10	195	8	194	9	197	11	210	16	176	2	169	1	172	149	574	147	571	146	406	74	405	144
106	466	120	527	125	517	117	248	23	245	25	255	164	601	165
92	438	88	437	90	422	83	423	163	200	9	194	8	194	9
22	243	25	249	24	252	161	586	159	587	162	587	159	294	36	281	33
34	287	37	295	38	298	162	599	166	594	160
55	352	61	363	57	247	23	237	21	232	20	229	19	230	45	313	46
6	187	9	196	10	204	24	244	23	247	57	364	64	385	70	350	54	347	58	333	51	334	62
62	334	51	333	58	341	53	343	65	386	70	360	56	361	159	588	165
129	544	125	517	117	248	23	245	25	255	164	601	165
16	210	11	197	9	200	163
78	413	79	417	94	345	53	344	93	383	63	382	62
74	405	144	404	73	328	49	327	48	323	47	325	97	453	99
33	271	31	258	28	259	36	294	159	586	161	595	164	206	10	203	22
157	579	151	577	152	580	155	584	158	584	155
34	287	37	295	38	298	162	587	159	586	161	595	164	255	25	243	22	233	20	235	99
62	338	52	330	50	332	71	391	68	392	72	401	115	508	116	515	141	531	120	527	125	517	117	516	119	524	138
33	285	42	302	41	304	53	342	63	382	62	338	52	339	142
92	438	88	439	166	603	165	601	164	206	10	203	22
11	183	5	180	4
128	550	129	544	125	517	117	248	23	245	25	255	164	601	165
61	363	57	247	23	237	21	240	138	457	99	453	97
34	265	30	268	86	432	92	436	87	435	91	428	85	429	154
128	550	129	529	120	528	127	395	69	354	55	353	64	385	70	306	41	303	44
114	398	71	332	50	331	67	337	51	333	58	341	53	310	44	311	79	413	78
128	553	140	562	138	457	99	453	97	316	45	313	46	322	148
61	363	57	247	23	245	25	249	24	252	161	597	166	439	88
109	482	136	545	125	543	127	395	69	354	55
78	413	79	414	80
22	243	25	249	24	252	161	586	159	587	162	587	159	294	36	259	28	261	40	283	33	282	39	299	42	308	77	411	78
62	334	51	333	58	341	53	310	44	307	42	299	39	278	32	278	39	300	43
16	216	13	211	12	214	22	241	23	247	57	363	61	352	55	351	60	376	68	376	60	367	58	368	62
118	465	106	468	124	512	116	515	141	396	69	354	55	353	64	359	56	292	36	259	28	258	31	272	34
22	243	25	249	24	252	161	586	159	587	162	587	159	294	36	259	28	261	40	283	33	282	39	299	42	308	77	411	78	413	79	414	80
134	477	107	474	121	534	131	557	132	558	142	339	52	338	62
2	175	5	183	11	207	12	214	22	241	23	247	57	363	61	352	55	351	60	376	68	376	60	367	58	368	62
62	338	52	330	50	332	71	397	72	401	115	393	69	394	120	527	125
92	438	88	437	90	422	83	190	7	186	6	187	9	182	5	175	2	169	1	167	0	167	1	172	149	570	145	567	146	565	144
33	285	42	302	41	304	53	341	58	368	62
62	338	52	330	50	332	71	391	68	392	72	402	123	538	137	559	133	470	106	465	118	521	129	554	136
61	378	64	359	56	292	36	290	40	274	31	272	34
33	271	31	258	28	259	36	294	159	586	161	595	164	253	24	242	22	214	12	198	9	182	5	175	2
16	210	11	197	9	194	8	194	9	200	163	423	83	422	90	437	88	438	92
1	170	3	178	16
62	338	52	330	50	332	71	397	72	402	123	538	137	559	133	470	106	465	118
132	557	131	534	121	533	130	495	112	497	135	488	110	478	109	479	111	456	99	453	97	316	45	313	46	320	48	320	46	322	148	322	46	320	48	327	49	328	73	404	144
62	334	51	336	66	375	60	351	55	352	61	363	57	247	23	241	22	214	12	211	13	216	16	176	2
109	479	111	492	138	457	99	453	97
65	349	54	346	55	352	61	363	57	247	23	241	22	214	12	198	9	182	5	175	2
2	176	16	219	15	220	19	229	20	232	21	239	117	516	119	525	140	484	109	481	128	552	139	560	134	496	112	495	130
136	519	117	248	23	245	25	249	24	252	161	596	165	598	162	433	86	432	92
82	309	43	280	32	276	34
125	517	117	366	57	364	64	385	70	306	41	302	42	308	77	411	78	413	79	414	80
34	286	35	262	29
99	457	138	562	140	553	128
93	383	63	382	62
144	404	73	328	49	327	48	320	46	322	148	569	145	228	18	226	19	222	16
49	327	48	320	46	322	148	569	145	225	17	179	3	178	16
62	334	51	336	66	370	58	347	54	350	70	360	56	256	26
95	442	93	344	53	343	65	386	70	360	56	359	64	359	56	256	26
2	175	5	185	27	199	9	187	6	186	7	193	163	591	160	594	166	599	162	587	159	294	36	259	28	261	40	283	33	284	41	303	44
82	412	77	411	78
96	315	45	230	19	222	16
110	487	134	522	118	465	106	468	124	512	116	508	115	356	55	346	54	340	53	344	93	442	95
148	322	46	320	48	320	46	313	45	316	97	234	20	233	22
16	219	15	220	19	229	20	232	21	239	117	517	125	527	120	531	141	515	116	514	137	503	113	502	132
62	338	52	339	142	558	132
52	338	62	334	51	333	58	341	53	304	41	284	33
62	338	52	339	142	558	132	557	131	535	122	467	106	465	118	521	129	550	128	481	109
20	233	22	243	25	255	164	595	161	586	159	587	162	298	38	288	34
155	580	152	577	151	578	153	581	154	429	85	428	91	435	87	436	92	438	88	439	166	603	165
6	187	9	182	5	175	2	169	1
134	471	106	468	124	512	116	508	115	356	55	346	54	349	65	305	41	302	42	308	77	411	78
165	601	164	206	10	195	8	194	9	197	11	210	16
139	523	118	465	106	470	133	559	137	538	123	402	72	377	60	367	58	368	62
165	601	164	206	10	203	22	236	21	240	138
157	579	151	579	157	585	156	576	150	441	89	424	84	191	7	186	6
29	262	35	266	30	268	86	426	85	426	86	432	92	438	88	439	166	603	165
99	235	20	213	12	202	10	206	164	595	161	586	159	294	36	281	33
92	432	86	434	166
2	175	5	182	9	196	10	205	25	254	26	256	56	359	64	385	70	350	54	340	53	344	93	442	95
165	593	160	591	163	200	9	194	8	194	9	197	11	210	16	221	17	225	145	569	148
136	519	117	248	23	245	25	249	24	252	161	597	166	439	88	421	83
62	371	59	374	104	460	101
62	371	59	374	104	460	101
129	529	120	527	125	543	127	395	69	354	55	353	64	359	56	292	36	259	28	258	31	272	34
62	334	51	333	58	341	53	304	41	302	42	299	39	278	32	276	34	265	30	268	86	432	92
77	301	39	278	32	276	34
20	233	22	243	25	255	164	595	161	586	159	587	162	298	38	288	34
33	275	32	276	34	287	37	295	38	298	162	599	166	594	160	591	163	200	9	194	8	194	9	197	11	210	16
83	190	7	186	6
136	519	117	518	127	395	69	354	55	353	64	359	56	292	36	290	40	274	31	272	34
62	334	51	336	66	375	60	351	55	352	61	363	57	247	23	241	22	214	12	198	9	182	5	175	2
22	214	12	211	13	208	11	210	16	221	17	223	18	227	45	313	46
158	584	155	580	152	577	151	578	153	581	154	429	85	428	91	435	87	436	92
34	287	37	295	38	298	162	587	159	586	161	257	26	246	23	248	117	516	119
128	551	136	545	125	527	120	531	141	515	116	508	115	401	72	392	68	376	60	367	58	368	62
101	460	104	384	63	342	53	343	65	386	70	360	56	362	161	595	164	206	10	195	8	194	9	187	6
44	303	41	305	65	349	54	346	55	356	115	508	116	512	124	468	106	464	107	477	134	560	139
136	519	117	248	23	244	24	252	161	597	166	439	88	438	92	436	87	435	91	440	89	441	150	576	156	582	153	583	157
158	584	155	580	152	577	151	579	157
34	272	31	274	40	290	36	293	70	350	54	346	55	356	115	508	116	512	124	468	106	465	118
165	588	159	361	56	359	64	378	61	379	69	396	141	515	116	511	123	500	113	502	132
20	233	22	243	25	255	164	595	161	586	159	587	162	298	38	267	30	267	38
95	445	94	417	79	413	78
78	411	77	308	42	302	41	306	70	355	55
157	583	153	582	156	576	150	441	89	440	91	435	87	436	92	438	88	439	166	597	161	362	56	359	64	353	55
92	438	88	437	90	422	83	423	163	200	9	194	8
139	523	118	465	106	468	124	512	116	508	115	356	55	346	54	349	65	305	41	302	42	308	77	411	78
34	265	30	268	86	432	92
44	303	41	306	70	360	56	362	161	595	164	206	10	195	8	194	9	197	11	210	16
16	219	15	220	19	229	20	232	21	239	117	517	125	527	120	531	141
8	195	10	206	164	253	24	244	23	247	57	363	61
20	232	21	237	23	247	57	363	61	352	55
22	214	12	211	13	208	11	210	16	176	2	169	1	172	149	570	145	567	146	565	144
78	411	77	301	39	278	32	276	34	287	37	295	38	298	162	598	165
95	442	93	344	53	340	54	346	55	356	115	508	116	512	124	468	106	471	134
144	404	73	328	49	327	48	320	46	322	148	322	46	320	48	320	46	313	45	316	97	453	99	457	138	562	140	561	136
91	435	87	436	92	438	88	439	166	603	165
34	286	35	262	29
132	558	142	339	52	338	62
11	209	14	217	15	220	19	229	20	232	21	239	117	516	119	525	140	546	125	544	129	521	118
33	284	41	303	44	312	94	445	95	446	101
33	271	31	258	28	259	36	294	159	586	161	595	164	206	10	195	8	194	9	197	11	210	16	176	2	169	1	172	149	574	147	571	146	406	74	405	144
2	176	16	219	15	220	19	229	20	232	21	239	117	516	119	525	140	484	109	483	139
25	249	24	252	161	586	159	587	162	587	159	294	36	259	28	261	40	283	33	282	39	299	42	308	77	411	78
41	304	53	341	58	333	51	337	67	331	50	332	71	391	68
62	334	51	333	58	341	53	304	41	284	33
62	338	52	330	50	332	71	391	68	392	72	401	115	508	116	515	141	531	120	527	125	517	117	239	21	232	20
16	216	13	211	12	214	22	241	23	247	57	363	61	352	55	351	60	376	68	376	60	367	58	368	62
144	404	73	328	49	327	48	320	46	322	148	569	145	228	18	226	19	222	16
138	562	140	561	136	545	125	543	127	395	69	379	61
78	411	77	301	39	278	32	276	34	265	30	268	86	432	92
27	181	4	174	2	176	16	221	17	223	18	226	19	231	97
62	338	52	330	50	332	71	397	72	401	115	508	116	515	141	531	120	527	125
17	221	16	210	11	208	13	211	12	214	22	241	23	247	57	363	61
121	534	131	557	132	558	142	339	52	338	62
2	169	1	167	0	167	1	169	2	175	5	182	9	187	6	186	7	191	84	424	89	441	150	576	156	582	153	583	157
61	363	57	247	23	246	26
148	569	145	570	149	172	1	169	2	175	5	182	9	187	6
20	232	21	239	117	516	119	525	140	561	136	554	129	521	118	465	106
62	334	51	336	66	375	60	351	55	352	61	363	57	247	23	241	22	214	12	198	9	182	5	175	2
31	258	28	259	36	292	56	359	64	378	61	379	69	395	127	543	125	545	136	551	128	481	109	478	110
110	478	109	484	140	525	119	516	117	239	21	232	20	213	12	212	14	209	11
62	334	51	336	66	375	60	351	55	352	61	363	57	247	23	241	22	214	12	207	11	210	16
38	267	30	267	38	295	37	260	28	261	40	283	33	285	42	302	41	304	53	341	58	368	62
16	210	11	197	9	194	8	194	9	200	163	423	83	422	90	437	88	431	86	430	87	435	91	440	89	424	84	424	89	440	91	435	87
165	596	161	252	24	242	22
20	233	22	243	25	255	164	595	161	597	166	439	88	438	92	436	87	435	91	440	89	441	150	576	156	582	153	583	157
61	379	69	394	120	466	106	464	107	474	121
99	235	20	229	19	222	16	210	11	197	9	187	6
165	596	161	595	164	255	25	243	22	233	20	234	97
83	190	7	189	9	199	27
92	438	88	437	90	422	83
55	355	70	293	36	281	33
136	519	117	518	127	395	69	354	55	353	64	385	70	306	41	303	44
62	338	52	330	50	332	71	398	114	498	113	499	122	532	121
134	560	139	483	109	482	136	545	125	517	117	239	21	236	22
104	384	63	342	53	304	41	284	33	271	31	272	34
132	558	142	339	52	338	62
139	483	109	484	140	525	119	516	117	239	21	232	20	213	12	212	14	218	16	176	2
141	531	120	527	125	545	136	561	140	562	138
95	442	93	344	53	340	54	346	55
33	281	36	292	56	358	57	363	61
137	538	123	402	72	392	68	389	67	337	51	334	62	371	59	374	104	460	101
20	232	21	239	117	517	125	527	120	531	141	515	116	508	115	401	72	392	68	376	60	367	58	368	62
55	352	61	363	57	247	23	241	22	214	12	211	13	208	11	210	16	176	2	169	1	172	149	570	145	567	146	565	144
2	175	5	182	9	196	10	205	25	254	26
164	595	161	586	159	587	162	298	38	288	34
134	477	107	474	121	534	131	557	132	558	142	339	52	338	62
22	243	25	249	24	252	161	597	166	439	88	438	92	432	86	426	85
16	210	11	201	10	206	164	601	165
99	457	138	562	140	561	136	545	125	527	120	529	129
121	532	122	467	106	466	120	527	125	517	117
132	502	113	500	123	509	115	356	55
101	460	104	463	105	444	93	344	53	310	44
138	524	119	516	117	518	127	395	69	379	61	378	64	359	56	292	36	290	40	274	31	272	34
2	176	16	219	15	220	19	229	20	232	21	239	117	516	119	516	117	517	125	544	129	521	118
125	543	127	395	69	354	55	353	64	359	56	292	36	259	28	258	31	272	34
82	309	43	280	32	276	34
55	352	61	363	57	366	117	516	119
92	432	86	433	162	598	165
2	175	5	183	11	207	12	214	22	241	23	247	57	363	61	352	55	351	60	376	68	376	60	367	58	368	62
165	588	159	361	56	359	64
16	210	11	201	10	204	24	251	56	359	64	353	55
157	583	153	582	156	576	150	441	89	440	91	435	87	436	92	438	88	437	90	422	83	423	163	200	9	194	8
62	338	52	330	50	332	71	398	114	498	113	501	131	534	121	474	107	477	134	560	139	483	109
34	276	32	275	33	284	41	303	44	312	94	445	95
139	523	118	465	106	467	122	535	131	557	132	558	142	339	52	338	62
109	482	136	545	125	543	127	395	69	354	55	353	64	385	70	306	41	302	42	308	77	411	78
119	524	138	457	99	453	97	316	45	313	46	320	48	320	46	322	148	566	144
128	551	136	545	125	543	127	395	69	354	55	353	64	359	56	292	36	290	40	274	31	272	34
33	281	36	292	56	359	64	353	55	354	69	395	127	518	117	519	136	482	109
148	569	145	225	17	179	3	178	16	210	11	208	13	211	12	214	22	241	23	247	57	363	61	352	55	351	60	376	68	376	60	367	58	368	62
16	210	11	201	10	206	164	601	165
22	241	23	247	57	363	61	352	55	351	60	376	68	376	60	367	58	368	62
46	313	45	316	97	453	99	456	111	479	109	478	110
125	543	127	395	69	354	55	346	54	340	53
16	216	13	211	12	214	22	241	23	247	57	363	61	352	55	351	60	376	68	376	60	367	58	368	62
55	346	54	349	65	305	41	303	44	311	79	413	78	411	77	412	82
16	216	13	211	12	214	22	241	23	247	57	363	61
95	442	93	344	53	343	65	386	70	360	56
2	176	16	219	15	220	19	229	20	232	21	239	117	516	119	525	140	484	109	483	139
2	176	16	219	15	220	19	229	20	232	21	239	117	516	119	525	140	561	136	554	129	521	118
163	200	9	197	11	210	16
2	169	1	172	149	574	147	571	146	406	74	405	144
132	502	113	503	137	514	116	515	141	531	120	527	125	517	117	239	21	232	20	213	12	212	14	218	16
165	596	161	257	26	246	23	248	117	519	136	482	109
118	522	134	487	110	478	109	479	111	456	99
62	334	51	336	66	375	60	351	55	352	61	363	57	247	23	241	22	214	12	211	13	208	11	210	16	176	2	169	1	172	149	574	147	571	146	565	144
78	411	77	412	82	420	81
101	373	59	371	62	368	58	347	54	346	55
62	334	51	333	58	341	53	304	41	284	33
92	432	86	268	30	265	34
139	483	109	482	136	545	125	517	117	239	21	236	22
20	234	97	316	45	313	46	320	48	320	46	322	148	322	46	320	48	327	49	328	73	404	144
16	221	17	223	18	226	19	231	97	453	99	456	111	479	109	478	110
62	338	52	330	50	332	71	397	72	402	123	538	137	559	133	470	106	465	118	521	129	554	136
99	235	20	232	21	237	23	247	57	363	61
6	187	9	199	27	181	4	174	2
139	483	109	484	140	525	119	516	117	239	21	232	20	213	12	212	14	218	16	176	2
62	334	51	333	58	341	53	304	41	284	33
6	188	163
34	272	31	274	40	290	36	292	56	359	64	378	61	379	69	395	127	543	125	545	136	551	128	481	109	478	110
61	363	57	247	23	237	21	232	20	235	99
119	524	138	457	99	453	97	316	45	313	46	320	48	320	46	322	148	322	46	320	48	327	49	328	73	404	144
97	234	20	233	22	243	25	255	164	595	161	586	159	587	162	587	159	294	36	259	28	261	40	283	33	282	39	299	42	308	77	411	78
144	405	74	406	146	571	147	574	149	172	1	170	3	178	16	210	11	208	13	211	12	214	22	241	23	247	57	363	61
109	484	140	562	138	457	99	453	97	316	45	313	46	320	48	320	46	322	148	322	46	320	48	327	49	328	73	404	144
125	517	117	248	23	245	25	249	24	252	161	596	165	598	162	433	86	432	92
134	471	106	468	124	512	116	508	115	356	55	346	54	340	53	310	44
62	371	59	374	104	463	105	447	95	445	94	417	79	413	78
33	285	42	302	41	304	53	341	58	368	62
55	355	70	293	36	290	40	274	31	272	34
99	235	20	229	19	222	16	210	11	197	9	187	6
92	438	88	439	166	597	161	257	26	246	23	248	117	519	136
131	557	132	558	142	339	52	330	50	331	67	337	51	333	58	341	53	310	44
158	584	155	580	152	577	151	578	153	581	154	429	85	428	91	435	87	436	92	432	86	268	30	265	34
34	272	31	274	40	290	36	292	56	358	57	366	117	519	136
8	194	9	197	11	210	16	221	17	223	18	227	45	313	46
165	598	162	587	159	294	36	259	28	261	40	283	33	285	42	302	41	304	53	341	58	368	62
92	438	88	439	166	597	161	252	24	244	23	248	117	516	119
110	487	134	522	118	465	106	468	124	512	116	508	115	356	55	346	54	340	53	344	93	442	95
11	197	9	194	8	194	9	200	163	591	160	594	166	599	162	587	159	294	36	259	28	261	40	283	33	282	39	299	42	308	77	411	78
22	243	25	249	24	252	161	597	166	439	88	438	92	436	87	435	91	440	89	441	150	576	156	582	153	583	157
62	334	51	333	58	341	53	343	65	386	70	360	56	362	161	597	166	439	88	421	83
55	352	61	363	57	247	23	237	21	232	20
63	369	58	333	51	337	67	331	50	332	71	398	114	505	131
34	265	30	268	86	432	92	436	87	435	91	428	85	429	154	581	153	578	151	577	152	580	155
78	411	77	301	39	278	32	276	34	287	37	295	38	298	162	598	165
55	346	54	349	65	305	41	303	44	311	79	413	78	413	79	414	80
155	580	152	577	151	579	157
144	405	74	406	146	571	147	574	149	172	1	170	3	173	2
148	322	46	313	45	316	97	234	20
22	236	21	239	117	517	125	545	136	551	128	552	139	560	134
118	465	106	468	124	512	116	508	115	356	55	346	54	340	53
2	175	5	182	9	194	8	194	9	200	163	591	160	594	166	599	162	298	38	288	34
22	214	12	211	13	208	11	210	16	176	2	169	1	172	149	570	145	567	146	565	144
29	262	35	286	34
16	216	13	211	12	214	22	241	23	247	57	363	61
109	479	111	458	100	451	96	449	98	317	45	313	46	322	148
78	413	79	311	44	303	41	305	65	349	54	346	55	356	115	508	116	512	124	468	106	464	107	477	134	487	110
121	474	107	464	106	466	120	530	136	561	140	525	119
119	525	140	561	136	530	120	466	106	464	107	474	121
125	546	140	562	138	457	99	453	97	316	45	313	46	320	48	320	46	322	148	322	46	320	48	327	49	328	73	404	144
83	190	7	186	6	187	9	199	27	181	4	174	2	176	16
44	303	41	284	33	283	40	261	28	259	36	294	159	589	166	594	160	591	163
165	598	162	587	159	294	36	259	28	261	40	283	33	284	41	303	44
2	175	5	185	27	199	9	187	6	186	7	193	163	591	160	594	166	599	162	587	159	294	36	259	28	261	40	283	33	282	39	301	77	411	78
136	519	117	366	57	364	64	385	70	306	41	302	42	308	77	411	78	411	77	412	82
157	583	153	582	156	576	150	441	89	440	91	435	87	436	92	438	88	439	166	597	161	362	56	359	64	353	55
16	210	11	201	10	206	164	601	165	598	162	587	159	294	36	281	33
136	519	117	248	23	244	24	252	161	596	165
6	187	9	199	27	181	4	174	2	176	16	219	15	220	19	229	20	232	21	239	117	516	119	525	140	546	125	544	129	521	118
44	310	53	341	58	333	51	337	67	331	50	330	52	339	142	558	132
72	392	68	389	67	337	51	334	62	371	59	373	101
134	477	107	464	106	468	124	512	116	508	115	356	55	346	54	350	70	293	36	259	28	258	31	273	37	295	38	267	30
132	558	142	339	52	338	62	334	51	333	58	341	53	304	41	284	33
144	405	74	406	146	571	147	574	149	172	1	170	3	178	16
2	175	5	182	9	194	8	195	10	206	164	601	165	598	162	587	159	294	36	281	33
16	219	15	220	19	229	20	232	21	239	117	516	119	525	140	546	125	544	129	521	118
44	303	41	305	65	349	54	346	55	356	115	508	116	513	133	536	122	532	121
163	591	160	590	161	362	56	358	57	363	61	381	141
33	271	31	272	34	265	30	268	86	432	92	436	87	435	91	428	85	429	154	581	153	578	151	577	152	580	155
118	523	139	489	110	478	109	479	111	456	99	453	97	316	45	313	46	320	48	320	46	322	148	566	144
62	334	51	333	58	341	53	343	65	305	41	291	36
165	603	166	439	88	438	92	436	87	435	91
109	483	139	523	118	465	106	467	122	535	131	557	132	558	142	339	52	338	62
109	483	139	523	118	465	106	467	122	535	131
33	284	41	304	53	342	63	382	62
132	502	113	503	137	514	116	515	141	531	120	527	125	517	117	239	21	232	20	213	12	212	14	218	16
2	176	16	219	15	220	19	229	20	232	21	239	117	516	119	525	140	561	136	554	129	521	118
78	411	77	412	82
16	176	2	169	1	167	0	167	1	169	2	175	5	182	9	187	6	186	7	191	84	424	89	441	150	576	156	582	153	583	157
141	549	127	518	117	239	21	232	20	213	12	212	14	218	16
157	579	151	579	157	585	156	576	150	441	89	424	84	425	90	437	88	438	92	438	88	439	166	603	165	601	164	206	10	203	22
110	487	134	522	118	465	106	468	124	512	116	508	115	356	55	346	54	349	65	305	41	302	42	308	77	411	78	411	77	412	82
125	543	127	395	69	354	55	353	64	385	70	306	41	302	42	308	77	411	78
33	281	36	292	56	358	57	366	117	519	136
62	338	52	330	50	332	71	397	72	401	115	393	69	394	120	527	125
62	334	51	333	58	341	53	304	41	284	33
20	232	21	239	117	516	119	525	140	484	109	481	128	552	139	489	110	485	112
110	478	109	479	111	456	99	453	97	316	45	313	46	320	48	320	46	322	148	566	144
144	405	74	406	146	571	147	574	149	172	1	170	3	173	2	175	5	182	9	196	10	205	25	254	26	256	56	359	64	385	70	350	54	347	58	333	51	334	62
165	588	159	294	36	259	28	261	40	283	33	282	39	301	77	411	78	413	79	414	80
34	272	31	274	40	290	36	292	56	358	57	366	117	519	136	482	109
78	411	77	301	39	278	32	276	34	287	37	295	38	298	162	598	165
2	175	5	182	9	194	8	194	9	200	163	591	160	594	166	599	162	298	38	288	34
157	585	156	576	150	441	89	440	91	435	87	436	92	432	86	268	30	265	34
148	322	46	313	45	315	96	450	99
165	593	160	591	163
155	580	152	577	151
34	272	31	274	40	290	36	293	70	350	54	346	55	356	115	508	116	512	124	468	106	465	118
131	557	132	558	142	339	52	330	50	331	67	337	51	333	58	341	53	304	41	284	33
165	603	166	439	88	438	92	436	87	435	91	440	89	441	150	576	156	582	153	583	157
104	384	63	342	53	304	41	284	33	271	31	272	34
32	275	33	281	36	293	70	355	55	357	141
83	423	163	591	160
144	405	74	406	146	571	147	574	149	172	1	170	3	173	2	175	5	182	9	196	10	205	25	254	26	256	56	359	64	385	70	350	54	347	58	333	51	334	62
62	338	52	330	50	332	71	398	114	498	113	501	131	534	121	474	107	477	134	560	139
142	507	114	498	113	499	122	467	106	465	118	521	129	554	136
148	569	145	225	17	179	3
16	219	15	220	19	229	20	232	21	239	117	516	119	525	140	484	109	481	128	552	139	560	134
121	532	122	467	106	466	120	394	69	379	61
36	259	28	260	37	295	38	297	86	431	88	438	92
2	169	1	172	149	574	147
29	262	35	286	34
101	373	59	372	63	342	53
144	565	146	571	147	574	149	172	1	170	3	173	2
16	210	11	197	9	194	8	194	9	200	163	591	160	594	166	599	162	298	38	288	34	272	31	271	33
34	272	31	258	28	259	36	293	70	355	55	351	60	375	66
118	523	139	489	110	478	109	479	111	456	99	453	97	316	45	313	46	320	48	320	46	322	148	322	46	320	48	327	49	328	73	404	144
164	601	165	598	162	298	38	288	34
20	234	97	316	45	313	46	320	48	320	46	322	148	566	144
101	460	104	384	63	382	62	338	52	330	50	332	71	397	72	401	115	510	141
20	233	22	243	25	255	164	595	161	586	159	587	162	587	159	294	36	259	28	261	40	283	33	284	41	303	44
131	557	132	558	142	339	52	330	50	331	67	337	51	333	58	341	53	310	44
110	478	109	484	140	525	119	516	117	239	21	232	20	213	12	212	14	218	16
97	448	96	315	45	313	46	320	48	320	46	322	148	322	46	320	48	327	49	328	73	404	144	405	74
34	276	32	278	39	300	43	309	82
125	546	140	562	138	457	99	453	97
118	465	106	468	124	512	116	508	115	356	55	355	70	306	41
62	371	59	374	104	463	105	447	95	445	94	417	79	413	78
34	272	31	274	40	290	36	293	70	350	54	346	55	356	115	508	116	512	124	468	106	471	134
165	598	162	587	159	294	36	259	28	261	40	283	33	284	41	304	53	344	93	444	105	461	101
8	195	10	206	164	255	25	254	26	256	56	359	64	385	70	350	54	348	60	367	58	333	51	334	62
6	186	7	193	163	591	160	594	166	599	162	587	159	294	36	259	28	261	40	283	33	282	39	299	42	308	77	411	78
144	565	146	571	147	574	149	172	1	167	0	167	1	169	2	175	5	182	9	187	6	186	7	193	163	591	160	594	166	599	162	298	38	288	34
149	172	1	167	0
97	453	99	456	111	479	109	478	110	487	134	522	118
82	412	77	411	78	413	79	311	44	310	53	341	58	370	66
148	569	145	570	149	172	1	167	0	167	1	169	2	175	5	182	9	187	6	186	7	193	163	591	160	593	165
22	243	25	249	24	252	161	597	166	439	88	438	92	438	88	437	90	437	88	438	92
136	530	120	531	141	515	116	508	115	356	55	346	54	349	65	305	41	302	42	308	77	411	78
118	465	106	468	124	512	116	508	115	356	55	346	54	350	70	293	36	259	28	258	31	272	34
16	210	11	201	10	206	164	601	165
101	373	59	371	62
121	534	131	557	132	558	142	339	52	330	50	331	67	337	51	333	58	341	53
139	483	109	484	140	525	119	516	117	239	21	232	20	213	12	212	14	218	16
99	450	96	324	47	323	48	327	49	328	73	404	144
44	303	41	306	70	360	56	362	161	595	164	206	10	201	11
83	423	163
34	272	31	274	40	290	36	292	56	359	64	378	61	379	69	395	127	543	125	545	136	551	128	552	139
165	603	166	439	88	438	92	436	87	435	91	440	89	441	150	576	156	582	153	583	157
157	583	153	582	156	576	150	441	89	440	91	435	87	436	92	438	88	439	166	603	165
55	346	54	350	70	360	56
34	276	32	278	39	299	42	307	44	312	94	445	95	447	105	461	101
129	529	120	394	69	354	55	346	54	340	53
165	596	161	257	26	246	23	248	117	517	125	544	129
78	411	77	301	39	278	32	276	34	287	37	295	38	298	162	599	166	594	160	591	163	200	9	194	8	194	9	197	11	210	16	221	17
34	276	32	278	39	299	42	307	44	312	94	345	53	344	93	383	63	382	62
148	322	46	320	48	327	49	328	73	404	144	404	73
142	339	52	338	62	371	59	374	104	463	105	447	95	445	94	417	79	413	78	411	77	412	82	420	81
16	216	13	211	12	214	22	241	23	247	57	363	61	352	55	351	60	376	68	376	60	367	58	368	62
78	411	77	308	42
148	569	145	225	17	179	3	173	2	175	5	182	9	196	10	204	24	244	23	247	57	364	64	385	70	350	54	340	53	344	93	444	105	461	101
110	487	134	522	118	465	106	468	124	512	116	508	115	356	55	346	54	349	65	305	41	303	44	311	79	413	78	411	77	412	82	420	81
148	322	46	313	45	316	97	234	20	233	22
157	585	156	576	150	441	89	424	84	425	90	437	88	438	92	432	86	268	30	265	34
44	303	41	304	53	342	63	382	62	338	52	339	142	558	132
16	219	15	220	19	229	20	232	21	239	117	516	119	516	117	519	136
41	306	70	385	64	378	61	379	69	395	127	543	125	545	136	551	128	481	109	478	110
144	404	73	328	49	327	48	320	46	322	148	322	46	320	48	323	47	326	98	449	96	451	100	458	111	479	109
30	265	34
112	472	107	474	121	534	131	557	132
121	534	131	557	132	558	142	339	52	338	62
22	203	10	195	8	194	9	189	7	190	83
55	352	61	363	57	247	23	241	22
81	415	79	413	78
136	561	140	525	119	516	117	239	21	232	20	213	12	212	14	218	16	176	2	169	1	172	149
62	338	52	330	50	332	71	397	72	399	113
110	478	109	484	140	525	119	516	117	239	21	232	20	213	12	212	14	218	16	176	2
82	420	81	418	80
132	502	113	499	122	467	106	466	120	527	125	517	117	239	21	236	22
99	235	20	232	21	237	23	247	57	363	61	352	55
92	438	88	437	90	422	83	423	163	200	9	194	8
140	546	125	544	129	521	118	465	106	467	122	535	131
110	478	109	479	111	456	99	453	97
34	287	37	295	38	298	162	599	166	594	160	591	163	200	9	194	8	194	9	197	11	210	16	221	17	223	18	227	45	313	46
157	579	151	577	152	580	155	584	158
93	344	53	341	58	333	51	337	67	331	50	330	52	339	142	558	132
29	262	35	286	34	272	31	271	33
101	460	104	384	63	342	53	343	65	386	70	360	56	362	161	595	164	206	10	195	8	194	9	197	11	210	16	221	17	225	145	569	148
99	450	96	315	45	313	46	322	148
78	411	77	301	39	278	32	276	34	265	30	268	86	432	92
6	187	9	194	8
101	460	104	443	93	442	95	445	94	312	44	307	42	285	33	283	40	290	36	294	159	588	165
34	272	31	274	40	290	36	292	56	358	57	363	61
136	530	120	531	141	515	116	508	115	401	72	392	68	376	60	367	58	368	62
99	456	111	479	109	478	110	488	135	497	112	495	130	533	121	534	131	557	132	558	142	339	52	338	62
22	241	23	247	57	363	61	352	55	351	60	376	68	376	60	367	58	368	62
164	253	24	250	26	246	23	247	57	364	64	385	70	350	54	348	60	367	58	333	51	334	62
157	585	156	576	150	441	89	424	84	425	90	437	88	438	92	432	86	268	30	265	34	276	32	278	39	299	42	307	44	310	53	341	58	368	62
139	483	109	484	140	525	119	516	117	239	21	232	20	213	12	212	14	218	16	176	2
20	213	12	202	10	206	164	595	161	586	159	587	162	587	159	294	36	259	28	261	40	283	33	285	42
147	574	149	172	1	170	3	178	16	210	11
34	286	35	262	29
165	603	166	439	88	438	92	436	87	435	91	440	89	441	150	576	156	582	153	583	157
158	584	155
33	275	32	276	34	265	30	268	86	432	92
6	187	9	199	27	181	4	174	2	176	16	219	15	220	19	229	20	232	21	239	117	516	119	525	140	561	136	554	129	521	118
33	271	31	258	28	259	36	294	159	586	161	595	164	206	10	195	8	194	9	197	11	210	16	221	17	223	18	227	45	313	46
132	502	113	500	123	511	116	508	115	356	55
118	521	129	554	136	561	140	525	119	516	117	239	21	232	20	213	12	212	14	218	16	176	2
118	465	106	468	124	512	116	508	115	356	55	346	54	340	53	344	93
101	460	104	463	105	444	93	344	53	343	65	386	70	360	56	362	161	595	164	206	10	195	8	194	9	197	11	210	16
55	351	60	377	72	399	113	502	132
141	510	115	401	72	400	114	507	142
136	561	140	562	138	457	99
92	438	88	439	166	597	161	252	24	244	23	248	117	517	125	545	136	551	128	481	109	478	110
62	334	51	333	58	341	53	304	41	284	33
118	523	139	489	110	478	109	479	111	456	99	453	97	316	45	313	46	320	48	320	46	322	148	322	46	320	48	327	49	328	73	404	144
95	446	101
136	561	140	562	138	457	99	453	97	316	45	313	46	320	48	320	46	322	148	322	46	320	48	327	49	328	73	404	144
56	292	36	281	33
34	276	32	278	39	299	42	307	44	312	94	345	53	344	93	383	63	382	62
82	412	77	411	78
22	241	23	247	57	363	61	352	55	351	60	367	58	368	62
136	519	117	248	23	245	25	249	24	252	161	596	165	598	162	433	86	432	92
6	187	9	182	5	175	2	169	1	172	149
32	270	31	273	37	295	38	298	162	587	159	586	161	595	164	206	10	203	22
41	304	53	340	54	346	55	356	115	508	116	512	124	468	106	464	107	477	134
99	450	96	315	45	313	46	322	148
2	176	16	219	15	220	19	229	20	232	21	239	117	516	119	516	117	517	125	544	129	521	118
136	530	120	531	141	515	116	508	115	401	72	392	68	389	67	337	51	334	62	371	59	374	104	460	101
101	373	59	371	62	368	58	347	54	346	55	353	64
92	432	86	426	85	426	86	268	30	266	35	262	29
132	558	142	339	52	330	50	331	67	337	51	333	58	341	53	304	41	284	33
36	292	56	358	57	363	61
20	232	21	239	117	517	125	527	120	531	141	515	116	508	115	401	72	392	68	376	60	367	58	368	62
83	190	7	186	6	187	9	199	27	181	4	174	2
163	200	9	196	10	203	22
125	546	140	562	138	457	99	453	97	316	45	313	46	320	48	320	46	322	148	322	46	320	48	327	49	328	73	404	144
78	411	77	308	42	302	41	305	65	349	54	346	55	356	115	508	116	512	124	468	106	471	134
6	187	9	182	5	175	2	169	1
2	175	5	182	9	194	8	194	9	200	163	591	160	594	166	599	162	298	38	288	34
154	581	153	578	151	577	152	577	151	579	157
8	195	10	206	164	253	24	244	23	247	57	363	61	381	141
118	465	106	468	124	512	116	508	115	356	55	355	70	293	36	281	33
61	363	57	247	23	241	22	214	12	211	13	208	11	210	16	221	17	225	145
62	338	52	330	50	332	71	398	114	498	113	501	131	534	121	474	107	477	134	560	139
62	338	52	330	50	332	71	397	72	402	123	538	137	537	122	467	106	465	118
144	404	73	328	49	327	48	320	46	322	148	322	46	320	48	323	47	326	98	449	96	451	100	458	111	479	109	478	110	487	134	522	118
34	276	32	278	39	299	42	307	44	312	94	345	53	344	93	383	63	382	62
62	334	51	333	58	341	53	343	65	305	41	291	36
80	418	81	420	82
148	322	46	313	45	317	98	449	96	451	100	458	111	491	135	488	110
2	176	16	219	15	220	19	229	20	232	21	239	117	516	119	525	140	553	128	552	139
101	460	104	384	63	382	62	338	52	330	50	332	71	391	68	392	72	401	115	508	116	515	141	531	120	530	136	482	109
101	460	104	384	63	382	62	338	52	330	50	332	71	391	68	392	72	401	115	508	116	515	141	531	120	527	125	517	117	239	21	232	20
144	405	74	406	146	571	147	574	149	172	1	167	0	167	1	169	2	175	5	182	9	187	6	187	9	196	10	205	25
110	478	109	479	111	456	99	453	97	316	45	313	46
62	338	52	330	50	332	71	397	72	401	115	508	116	515	141	531	120	530	136
20	229	19	230	45	313	46
165	598	162	587	159	294	36	259	28	261	40	283	33	284	41	303	44	312	94	445	95	446	101	459	102	459	101
26	246	23	248	117	517	125	545	136	551	128	481	109	478	110
110	487	134	522	118	465	106	468	124	512	116	508	115	356	55	346	54	340	53	344	93	442	95
95	445	94	417	79	413	78	413	79	414	80
125	527	120	394	69	393	115	509	123	402	72	377	60	367	58	368	62
80	414	79	413	78	411	77	301	39	278	32	276	34
62	338	52	330	50	332	71	398	114	498	113	501	131	534	121	474	107	477	134	560	139
34	276	32	278	39	301	77	411	78
62	338	52	330	50	332	71	398	114	498	113	501	131	534	121	474	107	477	134
16	210	11	197	9	194	8	195	10	205	25	254	26	256	56	359	64	385	70	350	54	340	53	344	93	442	95
121	534	131	557	132	558	142	339	52	338	62
128	551	136	519	117	248	23	244	24	252	161	596	165
92	432	86	426	85	426	86
163	200	9	194	8	194	9	197	11	210	16	221	17	223	18	226	19	231	97
91	435	87	436	92
62	334	51	333	58	341	53	310	44
118	465	106	468	124	512	116	508	115	356	55	355	70	306	41
131	557	132	558	142	339	52	330	50	331	67	337	51	333	58	341	53	310	44	307	42	285	33	271	31	272	34
2	175	5	183	11	207	12	214	22	241	23	247	57	363	61	352	55	351	60	376	68	376	60	367	58	368	62
62	334	51	333	58	341	53	304	41	284	33	271	31	272	34
2	175	5	182	9	194	8	194	9	200	163	591	160	594	166	599	162	298	38	288	34
130	495	112	494	121	534	131	557	132	558	142	339	52	338	62
134	471	106	468	124	512	116	508	115	356	55	346	54	350	70	293	36	281	33
22	243	25	249	24	252	161	586	159	587	162	298	38	288	34
101	373	59	372	63	335	51	337	67	331	50	332	71	397	72	401	115	393	69	394	120	527	125
132	502	113	399	72	377	60	351	55
2	175	5	182	9	196	10	205	25	245	23	247	57	363	61
16	210	11	197	9	194	8	194	9	200	163	591	160	594	166	599	162	298	38	288	34
62	338	52	330	50	332	71	398	114	498	113	499	122	475	107	472	112	495	130
110	485	112	495	130	533	121	534	131	557	132	558	142	339	52	338	62
22	233	20	235	99	456	111	491	135	497	112	494	121
99	453	97	316	45	313	46	320	48	320	46	322	148	322	46	320	48	327	49	328	73	404	144
33	281	36	292	56	358	57	366	117	519	136	482	109
163	200	9	196	10	203	22	236	21	239	117	517	125	545	136	551	128	481	109	478	110
2	175	5	185	27	199	9	187	6	186	7	193	163	591	160	594	166	599	162	587	159	294	36	259	28	261	40	283	33	282	39	299	42	308	77	411	78	413	79	414	80
99	235	20	233	22	243	25	255	164	595	161	586	159	587	162	298	38	288	34
62	371	59	374	104	463	105	447	95	445	94	417	79	413	78	413	79	414	80
92	438	88	439	166	597	161	595	164	255	25	243	22	233	20	235	99
62	338	52	330	50	332	71	397	72	401	115	508	116	515	141	531	120	527	125	517	117	516	119
6	186	7	193	163	591	160	594	166	599	162	298	38	288	34
136	519	117	518	127	395	69	354	55	346	54	340	53
109	482	136	519	117	518	127	395	69	354	55
49	327	48	323	47	325	97
95	442	93	383	63	335	51	337	67	331	50	331	67	389	68
20	234	97	316	45	313	46	320	48	320	46	322	148	322	46	320	48	327	49	328	73	404	144
134	471	106	468	124	512	116	508	115	356	55	346	54	349	65	305	41	302	42	308	77	411	78
157	579	151	579	157	585	156	576	150	441	89	440	91	435	87	436	92	438	88	439	166	603	165
139	483	109	484	140	525	119	516	117	239	21	232	20	213	12	212	14	218	16
8	195	10	206	164	253	24	244	23	248	117	517	125
109	483	139	523	118
125	527	120	466	106	467	122	499	113	502	132
62	338	52	330	50	332	71	391	68	392	72	402	123	538	137	537	122	467	106	465	118
16	210	11	197	9	194	8	195	10	205	25	254	26	256	56	359	64	385	70	350	54	340	53	344	93	444	105	461	101
57	366	117	517	125	545	136	551	128	481	109	478	110
132	502	113
34	265	30
82	412	77	411	78	411	77	308	42	302	41	306	70	385	64	353	55	354	69	394	120	530	136
110	485	112	495	130	533	121	534	131	557	132	558	142	339	52	338	62
16	176	2	169	1	172	149	570	145	569	148	322	46	320	48	327	49
80	414	79	413	78	413	79	417	94	345	53	342	63	382	62
34	276	32	280	43	309	82
84	424	89	424	84	425	90
33	281	36	292	56	359	64	353	55	354	69	395	127	543	125	545	136	554	129	521	118
6	187	9	199	27	181	4	174	2	176	16
6	187	9	182	5	175	2	169	1	172	149	574	147	571	146	565	144
6	188	163	591	160	593	165
34	276	32	278	39	301	77	412	82	412	77	411	78	413	79	414	80
34	272	31	274	40	290	36	292	56	358	57	366	117	519	136	551	128
109	484	140	525	119	516	117	239	21	232	20	213	12	212	14	218	16
62	334	51	336	66	375	60	351	55	353	64	359	56	251	24	253	164
61	363	57	247	23	241	22	203	10	195	8
33	281	36	292	56	358	57	363	61
78	411	77	308	42	302	41	306	70	355	55	352	61
92	438	88	439	166	597	161	257	26	246	23	248	117	517	125	545	136	551	128	481	109	478	110
53	340	54	346	55	354	69	394	120	466	106	465	118
92	438	88	439	166	597	161	257	26	246	23	248	117	519	136
157	585	156	576	150	441	89	424	84	191	7	186	6	187	9	199	27	181	4	174	2
44	311	79	413	78	411	77	412	82	420	81
163	591	160	593	165
34	287	37	295	38	298	162	587	159	586	161	595	164	255	25	243	22	233	20
141	357	55	346	54	349	65	305	41	302	42	308	77	411	78
62	334	51	333	58	341	53	304	41	284	33	271	31	272	34
138	524	119	516	117	366	57	363	61	352	55
44	303	41	306	70	360	56	362	161	595	164	206	10	195	8	194	9	197	11	210	16
142	507	114	400	72	401	115	380	61	363	57	366	117	239	21	236	22	203	10	195	8
134	487	110	478	109	479	111	456	99
2	176	16	219	15	220	19	229	20	232	21	239	117	516	119	525	140	553	128	552	139
11	201	10	204	24	251	56	359	64	353	55	351	60	367	58	368	62
33	281	36	292	56	358	57	366	117	517	125
118	465	106	468	124	512	116	508	115	356	55	346	54	349	65	305	41	303	44	311	79	413	78
33	281	36	293	70	355	55
95	442	93	383	63	382	62	338	52	330	50	330	52	339	142	507	114	505	131
62	338	52	330	50	332	71	397	72	401	115	393	69	394	120	530	136	482	109
144	404	73	328	49	327	48	320	46	322	148	322	46	320	48	320	46	313	45	316	97	234	20	232	21	237	23	247	57	363	61
22	241	23	247	57	363	61	352	55	346	54	340	53
2	175	5	182	9	196	10	204	24	250	26	256	56	359	64	385	70	350	54	340	53	344	93	444	105	461	101
61	363	57	366	117	519	136	551	128	552	139
139	483	109	484	140	525	119	516	117	239	21	232	20	213	12	212	14	218	16	176	2
22	241	23	247	57	363	61	352	55	346	54	340	53	344	93	444	105	461	101
2	175	5	185	27	199	9	187	6	186	7	193	163	591	160	593	165
139	483	109	484	140	525	119	516	117	239	21	232	20	213	12	212	14	218	16	176	2
163	591	160	590	161	362	56	358	57	363	61
92	438	88	439	166	597	161	252	24	244	23	248	117	516	119	524	138
93	344	53	310	44	311	79	413	78	413	79	414	80
62	338	52	330	50	332	71	397	72	401	115	393	69	394	120	527	125
34	286	35	262	29
34	276	32	278	39	299	42	307	44	312	94	345	53	344	93	383	63	382	62
22	241	23	247	57	363	61	378	64	385	70
62	334	51	333	58	341	53	310	44	307	42	299	39	278	32	276	34	265	30	268	86	432	92	436	87	435	91	440	89	441	150	576	156	582	153	583	157
165	596	161	595	164	255	25	243	22	233	20	235	99
144	565	146	571	147	574	149	172	1	170	3	173	2	175	5	182	9	196	10	204	24	244	23	247	57	364	64	385	70	350	54	347	58	333	51	334	62
55	351	60	367	58	368	62
109	481	128	550	129	521	118	465	106	470	133	559	137	538	123	402	72	392	68	389	67	331	50	330	52
41	284	33	283	40	261	28	259	36	294	159	586	161	595	164	206	10	195	8	194	9	197	11	210	16
26	246	23	237	21	232	20	229	19	230	45	313	46
55	351	60	377	72	399	113	499	122	532	121
157	585	156	576	150	441	89	424	84	191	7	186	6	187	9	199	27	181	4	174	2
6	187	9	182	5	175	2	169	1	167	0	168	143	408	75
139	523	118	465	106	470	133	559	137	538	123	402	72	392	68	376	60	367	58	368	62
8	194	9	197	11	210	16	221	17	223	18	227	45	313	46
148	569	145	225	17	179	3	178	16	210	11	197	9	194	8
44	303	41	305	65	349	54	346	55	356	115	508	116	512	124	468	106	464	107	477	134	487	110
144	565	146	571	147	574	149	172	1	167	0	167	1	169	2	175	5	182	9	187	6	186	7	193	163	591	160	593	165
96	315	45	313	46	322	148
128	553	140	562	138	457	99	453	97	316	45	313	46	320	48	320	46	322	148	322	46	320	48	327	49	328	73	404	144
139	483	109	484	140	562	138	457	99
131	534	121	533	130	495	112	497	135	488	110	478	109	479	111	456	99
11	201	10	204	24	244	23	247	57	364	64	385	70	350	54	340	53	344	93	444	105	461	101
16	219	15	220	19	229	20	232	21	239	117	516	119	525	140	484	109	481	128	552	139	560	134	477	107	474	121
62	338	52	330	50	332	71	397	72	401	115	393	69	394	120	527	125
139	483	109	482	136	545	125	517	117	248	23	244	24	252	161	597	166	439	88	438	92	436	87	435	91	440	89	441	150	576	156	582	153	583	157
52	338	62	334	51	333	58	341	53	304	41	284	33
16	219	15	220	19	229	20	232	21	239	117	517	125	527	120	531	141	515	116	514	137	503	113	502	132
132	502	113	503	137	514	116	515	141	531	120	527	125	517	117	239	21	232	20
16	210	11	197	9	194	8	194	9	200	163	591	160	594	166	599	162	587	159	294	36	259	28	261	40	283	33	282	39	299	42	308	77	411	78
11	197	9	187	6
46	313	45	315	96	450	99
16	216	13	211	12	214	22	241	23	247	57	363	61	352	55	351	60	376	68	376	60	367	58	368	62
62	338	52	330	50	332	71	398	114	498	113	501	131	534	121	474	107	477	134	487	110
2	169	1	172	149	574	147	571	146	563	143	409	76	410	144	405	74
34	272	31	274	40	290	36	293	70	350	54	346	55	356	115	508	116	512	124	468	106	465	118
157	579	151	579	157	585	156	576	150	441	89	424	84	191	7	186	6	187	9	199	27	181	4	174	2	176	16
109	483	139	523	118	465	106	467	122	535	131	557	132	558	142	339	52	338	62
8	195	10	206	164	206	10	203	22	236	21	239	117	517	125	545	136	554	129	521	118
148	322	46	320	48	323	47	326	98	449	96	451	100	458	111	479	109	478	110
55	352	61	363	57	247	23	237	21	232	20
6	188	163	200	9	194	8	195	10	203	22	241	23	248	117	517	125	545	136	551	128	481	109	478	110
62	334	51	333	58	341	53	304	41	284	33	271	31	272	34
125	517	117	366	57	364	64	385	70	306	41	302	42	308	77	411	78
11	197	9	200	163	591	160	594	166	599	162	298	38	288	34
83	190	7	189	9	197	11
92	438	88	437	90	422	83
119	516	117	518	127	395	69	354	55	346	54	340	53	344	93	442	95
148	569	145	225	17	179	3	178	16	219	15	220	19	229	20	232	21	239	117	518	127	549	141
144	404	73	328	49	327	48	323	47	325	97
22	203	10	195	8	194	9	189	7	190	83
33	271	31	258	28	259	36	294	159	586	161	595	164	206	10	195	8
136	530	120	531	141	515	116	508	115	356	55	346	54	347	58	368	62
55	352	61	363	57	247	23	241	22	214	12	211	13	208	11	210	16	221	17	225	145	569	148
113	500	123	511	116	515	141	531	120	527	125	517	117	239	21	232	20
118	521	129	544	125	546	140	525	119	516	117	239	21	232	20	213	12	212	14	218	16	176	2	169	1	169	2	175	5	182	9	187	6
62	338	52	339	142	558	132	557	131	556	130	533	121	474	107	477	134	487	110
121	533	130	495	112	497	135	488	110	478	109	479	111	456	99	453	97	316	45	313	46	320	48	320	46	322	148	322	46	320	48	327	49	328	73	404	144
33	271	31	258	28	259	36	294	159	589	166	594	160	591	163	188	6
128	550	129	529	120	528	127	395	69	354	55	346	54	340	53	344	93	442	95
62	371	59	374	104	463	105	447	95	445	94	417	79	413	78	413	79	414	80
62	338	52	330	50	332	71	398	114	498	113	501	131	534	121
20	213	12	202	10	206	164	595	161	586	159	587	162	298	38	267	30
101	460	104	443	93	344	53	343	65	386	70	360	56	362	161	595	164	206	10	201	11
53	340	54	346	55	356	115	508	116	511	123	500	113
144	565	146	571	147	574	149	172	1	170	3	173	2	175	5	182	9	196	10	205	25	249	24	249	25	254	26	256	56	359	64	385	70	350	54	348	60	367	58	333	51	334	62
33	281	36	294	159	586	161	595	164	206	10	195	8	194	9	197	11	210	16
62	334	51	336	66	375	60	351	55	352	61	363	57	247	23	241	22
109	484	140	562	138	457	99	453	97	316	45	313	46	322	148
157	583	153	582	156	576	150	441	89	440	91	435	87	436	92	432	86	268	30
121	534	131	557	132	558	142	339	52	338	62
115	393	69	394	120	530	136
16	210	11	197	9	194	8	194	9	200	163	591	160	594	166	599	162	298	38	288	34
62	334	51	336	66	375	60	351	55	352	61	363	57	247	23	241	22	214	12	207	11	210	16
34	286	35	262	29
132	502	113	399	72	377	60	351	55
61	378	64	359	56	292	36	259	28	258	31	272	34
128	553	140	562	138	457	99	453	97	316	45	313	46	322	148
144	404	73	328	49	327	48	320	46	322	148	322	46	313	45	315	96
44	303	41	305	65	349	54	346	55	356	115	508	116	512	124	468	106	464	107	477	134	560	139
21	237	23	247	57	363	61	352	55	351	60	367	58	368	62
141	381	61	363	57	247	23	245	25
16	216	13	211	12	214	22	241	23	247	57	363	61	352	55	351	60	376	68	376	60	367	58	368	62
8	194	9	182	5	175	2	169	1	172	149
22	243	25	249	24	252	161	596	165	598	162	433	86	432	92
11	209	14	217	15	220	19	229	20	232	21	239	117	516	119	525	140	546	125	544	129	521	118
130	495	112	494	121	534	131	557	132	506	114	398	71	332	50	330	52	338	62
118	521	129	554	136	561	140	525	119	516	117	239	21	232	20	213	12	212	14	218	16	221	17
92	432	86	268	30	265	34	276	32	278	39	301	77	411	78
33	282	39	301	77	411	78
34	287	37	295	38	298	162	599	166	594	160	591	163	200	9	194	8	194	9	197	11	183	5	175	2
144	404	73	328	49	327	48	320	46	322	148	322	46	320	48	320	46	313	45	316	97	234	20	232	21	237	23	247	57	363	61	352	55
134	477	107	464	106	468	124	512	116	515	141	357	55	355	70	293	36
141	549	127	518	117	239	21	232	20	213	12	212	14	218	16	176	2	169	1	172	149	574	147	571	146	406	74	405	144
99	456	111	479	109	478	110	487	134
131	501	113	399	72	401	115	380	61	363	57	247	23	241	22
9	197	11	210	16
78	411	77	308	42	302	41	305	65	349	54	346	55	356	115	508	116	512	124	468	106	471	134
55	355	70	360	56	362	161	597	166	439	88	421	83
16	210	11	197	9	194	8	194	9	200	163	591	160	594	166	599	162	298	38	288	34
139	523	118	465	106	468	124	512	116	508	115	356	55	346	54	349	65	305	41	303	44	311	79	413	78
163	200	9	194	8	195	10	203	22	241	23	248	117	516	119	525	140
32	275	33	284	41	303	44	312	94	445	95
46	313	45	316	97	453	99	457	138	562	140	553	128
78	413	79	417	94	445	95	447	105	461	101
110	487	134	522	118	465	106	468	124	512	116	508	115	356	55	346	54	349	65	305	41	302	42	308	77	411	78
155	580	152	577	151	578	153	582	156	576	150	441	89	440	91	435	87	436	92	432	86	268	30	265	34
33	271	31	258	28	259	36	294	159	586	161	595	164	206	10	195	8
68	389	67	337	51	333	58	341	53	310	44	311	79	413	78
8	194	9	197	11	183	5	175	2
110	487	134	522	118	465	106	468	124	512	116	508	115	356	55	346	54	340	53
34	272	31	271	33	284	41	304	53	341	58	368	62
132	557	131	534	121	474	107	477	134	560	139
46	320	48	327	49
105	444	93	344	53	343	65	386	70	360	56	362	161	595	164	253	24	242	22	214	12	198	9	182	5	175	2
34	276	32	278	39	301	77	412	82	412	77	411	78	413	79	414	80
78	411	77	308	42	302	41	306	70	385	64	353	55	354	69	394	120	530	136	482	109
136	561	140	562	138	457	99	453	97	316	45	313	46	320	48	320	46	322	148	322	46	320	48	327	49	328	73	404	144
6	187	9	196	10	203	22	241	23	247	57	363	61	352	55	351	60	376	68	376	60	367	58	368	62
16	176	2	169	1	172	149	574	147	571	146	406	74	405	144
62	334	51	336	66	375	60	351	55	352	61	363	57	247	23	241	22	214	12	198	9	182	5	175	2
74	405	144	410	76	407	75	408	143	168	0	167	1	169	2	175	5	182	9	187	6
62	338	52	330	50	332	71	397	72	402	123	538	137	537	122	467	106	465	118
20	234	97	448	96
132	502	113	399	72	377	60	348	54	350	70	293	36	294	159	589	166	439	88	437	90	425	84	191	7	189	9	196	10	204	24	251	56	360	70	350	54	347	58	368	62
20	232	21	239	117	518	127	549	141
144	404	73	328	49	327	48	320	46	322	148	322	46	320	48	323	47	326	98	449	96	451	100	458	111	479	109	478	110	488	135	488	110	488	135	497	112	495	130	533	121
33	281	36	293	70	355	55	356	115
85	426	86	432	92
62	338	52	330	50	332	71	398	114	498	113	501	131	534	121	533	130	495	112	497	135	488	110	478	109	479	111	456	99
16	210	11	201	10	203	22	241	23	247	57	363	61	352	55	351	60	376	68	376	60	367	58	368	62
33	271	31	258	28	259	36	294	159	586	161	595	164	206	10	201	11	210	16
75	408	143	564	147	574	149	172	1	170	3	178	16	219	15	220	19	229	20	232	21	239	117	516	119	525	140	561	136	554	129	521	118
92	432	86	426	85	426	86
78	411	77	301	39	278	32	276	34	287	37	295	38	298	162	587	159	586	161	595	164	255	25	243	22	233	20	234	97
121	532	122	499	113	399	72	377	60
34	272	31	274	40	290	36	293	70	355	55	357	141
6	186	7	193	163	591	160	594	166	599	162	298	38	288	34
148	322	46	313	45	316	97	453	99	457	138	562	140	561	136
8	194	9	197	11	210	16	221	17	225	145	569	148
16	216	13	211	12	214	22	241	23	247	57	363	61	352	55	351	60	376	68	376	60	367	58	368	62
97	234	20	213	12	202	10	206	164	601	165
62	334	51	333	58	341	53	304	41	284	33	282	39	278	32	276	34
149	172	1	170	3	178	16	210	11	197	9	194	8
16	219	15	220	19	229	20	235	99	456	111	491	135	497	112	494	121	534	131	557	132
78	411	77	301	39	278	32	276	34	287	37	295	38	298	162	598	165	601	164	206	10	203	22
33	271	31	258	28	259	36	294	159	589	166	594	160	591	163	193	7	186	6
144	404	73	328	49	327	48	320	46	322	148	322	46	320	48	320	46	313	45	316	97	453	99	457	138	524	119
141	396	69	354	55	353	64	359	56	292	36
83	423	163	200	9	194	8	195	10	202	12
19	229	20	233	22	243	25	255	164	601	165
118	521	129	554	136	561	140	525	119	516	117	239	21	232	20	213	12	212	14	218	16	176	2
158	584	155	580	152	577	151	578	153	583	157	585	156	576	150	441	89	424	84	191	7	186	6	187	9	199	27	181	4	174	2
75	408	143	168	0	167	1	169	2	175	5	182	9	187	6
141	357	55	353	64	359	56	251	24	253	164
56	292	36	281	33
22	241	23	247	57	363	61	352	55	346	54	340	53
99	457	138	562	140	546	125
8	195	10	206	164	253	24	251	56	359	64	353	55
62	338	52	330	50	332	71	391	68	392	72	401	115	508	116	515	141	531	120	527	125	517	117	239	21	232	20	229	19
64	353	55	346	54	340	53	344	93	444	105	461	101
22	241	23	247	57	363	61	352	55	346	54	340	53	344	93	442	95
16	210	11	197	9	194	8	194	9	200	163	591	160	594	166	599	162	587	159	294	36	259	28	261	40	283	33	282	39	299	42	308	77	411	78
61	378	64	385	70	306	41	302	42	308	77	411	78
20	232	21	239	117	516	119	525	140	484	109	483	139
101	373	59	371	62	368	58	347	54	346	55	352	61
121	534	131	557	132	558	142	339	52	338	62
20	232	21	237	23	247	57	363	61	352	55
49	328	73	404	144
148	569	145	570	149	172	1	167	0	167	1	169	2	175	5	182	9	187	6	186	7	190	83	422	90	437	88	438	92
165	588	159	361	56	358	57	366	117	519	136	482	109
148	322	46	320	48	320	46	313	45	316	97	453	99	457	138	562	140	546	125	544	129	521	118
34	276	32	278	39	299	42	307	44	312	94	345	53	344	93	383	63	382	62
6	187	9	194	8	194	9	197	11	210	16	221	17	223	18	226	19	229	20	235	99
154	581	153	578	151	577	152	580	155	580	152	577	151	577	152	580	155
160	591	163	193	7	186	6	187	9	199	27	181	4	174	2
132	558	142	339	52	330	50	331	67	337	51	333	58	341	53	310	44
34	265	30	268	86	432	92	438	88	437	90	425	84	424	89	441	150	576	156	582	153	583	157
61	363	57	247	23	241	22	214	12	207	11	210	16
55	352	61	363	57	247	23	241	22	214	12	211	13	208	11	210	16	176	2	169	1	172	149	574	147	571	146	565	144
62	334	51	336	66	375	60	351	55	352	61	363	57	247	23	241	22	214	12	211	13	208	11	210	16	221	17	225	145	569	148
2	175	5	185	27	199	9	187	6	186	7	190	83	422	90	437	88	438	92
44	303	41	304	53	342	63	382	62
141	357	55	353	64	359	56	251	24	204	10	195	8
8	195	10	206	164	253	24	251	56	359	64	353	55
8	195	10	206	164	206	10	203	22	233	20	232	21	239	117	516	119	525	140	561	136	554	129	521	118
62	338	52	339	142	558	132	557	131	534	121	474	107	477	134	487	110
4	180	5	183	11
20	213	12	202	10	206	164	595	161	586	159	587	162	587	159	294	36	281	33
16	219	15	220	19	229	20	232	21	239	117	517	125	527	120	466	106	467	122	535	131
142	507	114	498	113	499	122	467	106
124	526	120	527	125	517	117	239	21	232	20	213	12	212	14	218	16
105	444	93	344	53	340	54	346	55	354	69	394	120	527	125
97	453	99	457	138	492	111	479	109
101	460	104	463	105	447	95	445	94	417	79	413	78
11	209	14	217	15	220	19	229	20	232	21	239	117	517	125	527	120	531	141	515	116	514	137	503	113	502	132
62	338	52	330	50	332	71	397	72	401	115	393	69	394	120	530	136
92	432	86	268	30	265	34	276	32	278	39	299	42	307	44	312	94	345	53	344	93	383	63	382	62
42	302	41	304	53	344	93	444	105	461	101
22	214	12	211	13	208	11	210	16	221	17	223	18	227	45	313	46
164	255	25	254	26	246	23	248	117	517	125	545	136	551	128	481	109	478	110
2	175	5	182	9	194	8	194	9	200	163	591	160	594	166	599	162	587	159	294	36	281	33
101	373	59	372	63	342	53
2	175	5	182	9	196	10	204	24	244	23	247	57	364	64	385	70	350	54	348	60	367	58	333	51	334	62
33	275	32	276	34	287	37	295	38	298	162	598	165
132	502	113	499	122	467	106	465	118	521	129	550	128
33	271	31	272	34	265	30	268	86	432	92	436	87	435	91	440	89	441	150	576	156	582	153	583	157
22	241	23	247	57	363	61	352	55	346	54	340	53
56	292	36	281	33	282	39	301	77	411	78
104	384	63	335	51	336	66	375	60	351	55
53	344	93	444	105	461	101
144	565	146	571	147	574	149	172	1	170	3	173	2	175	5	182	9	196	10	204	24	244	23	247	57	364	64	385	70	350	54	340	53
20	229	19	230	45	313	46	320	48	320	46	322	148	566	144
29	264	82	412	77	411	78
22	203	10	195	8	194	9	187	6
34	276	32	278	39	299	42	307	44	310	53	341	58	333	51	337	67	331	50	330	52	339	142	558	132
16	219	15	220	19	229	20	232	21	239	117	516	119	525	140	484	109	481	128	552	139	560	134
78	413	79	415	81
62	334	51	336	66	375	60	351	55	352	61	363	57	247	23	241	22	214	12	211	13	208	11	210	16	176	2	169	1	172	149	574	147	571	146	406	74	405	144
92	432	86	268	30	265	34
158	584	155	580	152	577	151	578	153	581	154	429	85	428	91	435	87	436	92	438	88	439	166	603	165
141	357	55	346	54	349	65	305	41	302	42	308	77	411	78
101	373	59	372	63	342	53	304	41	284	33
165	588	159	361	56	359	64	353	55
29	262	35	286	34
16	210	11	197	9	194	8	194	9	200	163	591	160	593	165	598	162	587	159	294	36	281	33
148	322	46	320	48	323	47	326	98	449	96	451	100	458	111	479	109	478	110	487	134	522	118
83	421	88	439	166	599	162	587	159	294	36	259	28	261	40	283	33	285	42	307	44	312	94	445	95	442	93	443	104
20	213	12	198	9	200	163
22	243	25	249	24	252	161	597	166	439	88	438	92	436	87	435	91	440	89	441	150	576	156	582	153	583	157
61	363	57	247	23	241	22	214	12	211	13	208	11	210	16	176	2	169	1	172	149	574	147	571	146	565	144
20	229	19	230	45	313	46	320	48	320	46	322	148	322	46	320	48	327	49	328	73	404	144
62	334	51	336	66	375	60	351	55	353	64	359	56	256	26
62	338	52	330	50	332	71	391	68	392	72	401	115	508	116	515	141	531	120	527	125	517	117	239	21	232	20
20	213	12	202	10	206	164	601	165
19	230	45	313	46
110	487	134	522	118	465	106	468	124	512	116	508	115	356	55	346	54	340	53	344	93	442	95
110	478	109	482	136	545	125	543	127	395	69	379	61	378	64	359	56	292	36	281	33
29	262	35	277	32	270	31	271	33
49	327	48	320	46
62	371	59	374	104	463	105
62	338	52	339	142	558	132	557	131	534	121	474	107	477	134	560	139
61	378	64	385	70	306	41	302	42	308	77	411	78	413	79	414	80
34	286	35	262	29
165	598	162	587	159	294	36	259	28	261	40	283	33	284	41	304	53	341	58	368	62
62	338	52	330	50	332	71	397	72	402	123	538	137	537	122	467	106	465	118
121	534	131	557	132	558	142	339	52	338	62
134	487	110	478	109	479	111	456	99
33	281	36	293	70	355	55
16	210	11	197	9	189	7	190	83
62	338	52	339	142	558	132	557	131	535	122	467	106	465	118	521	129	550	128	481	109
132	558	142	339	52	330	50	331	67	337	51	333	58	341	53	310	44
144	405	74	406	146	571	147	574	149	172	1	169	2	175	5	182	9	194	8
55	353	64	359	56	362	161	597	166	439	88	438	92	436	87	435	91	440	89	441	150	576	156	582	153	583	157
157	585	156	576	150	441	89	424	84	425	90	422	83	423	163	200	9	194	8
165	598	162	587	159	294	36	259	28	261	40	283	33	285	42	302	41	304	53	341	58	368	62
142	339	52	338	62	371	59	374	104
165	598	162	587	159	294	36	259	28	261	40	283	33	284	41	303	44
144	404	73	328	49	327	48	320	46	322	148	322	46	320	48	320	46	313	45	316	97	234	20
144	404	73	328	49	327	48	320	46	322	148	322	46	320	48	320	46	313	45	316	97	453	99	457	138	492	111	479	109
118	465	106	467	122	535	131	557	132	558	142	339	52	338	62
118	521	129	554	136	545	125	517	117	248	23	245	25	249	24	252	161	597	166	439	88	421	83
69	379	61	378	64	359	56	292	36	259	28	258	31	272	34
92	438	88	439	166	597	161	257	26	246	23	248	117	517	125	545	136	551	128	481	109	478	110
34	265	30	268	86	432	92
78	413	79	311	44	303	41	305	65	349	54	346	55	356	115	508	116	512	124	468	106	464	107	477	134
110	485	112	495	130	556	131	557	132	558	142	339	52	338	62
33	281	36	293	70	350	54	348	60	377	72	399	113	501	131
22	236	21	239	117	517	125	545	136	551	128	481	109
99	235	20	233	22	243	25	255	164	595	161	586	159	587	162	298	38	288	34
2	169	1	167	0	167	1	169	2	175	5	182	9	187	6	186	7	191	84	424	89	441	150	575	153	578	151	577	152	580	155	584	158
134	477	107	474	121	534	131	557	132	558	142	339	52	338	62
165	588	159	361	56	359	64	378	61	379	69	396	141	542	124	468	106	465	118
55	355	70	293	36	281	33
144	404	73	328	49	327	48	320	46	322	148	322	46	320	48	320	46	313	45	316	97	453	99	457	138	562	140	546	125
132	558	142	339	52	330	50	331	67	337	51	333	58	341	53	344	93
118	465	106	467	122	535	131	557	132	558	142	339	52	338	62
99	456	111	479	109	478	110	488	135	497	112	495	130	533	121	534	131	557	132
61	363	57	247	23	241	22	214	12	207	11	210	16
101	460	104	463	105	444	93	344	53	343	65	386	70	360	56	362	161	595	164	206	10	195	8
36	292	56	362	161	595	164	206	10	195	8	194	9	197	11	210	16
132	557	131	534	121	474	107	477	134	560	139
142	339	52	338	62	334	51	333	58	341	53	304	41	284	33
34	276	32	278	39	299	42	307	44	312	94	345	53	344	93	383	63	382	62
0	167	1
2	176	16	219	15	220	19	229	20	232	21	239	117	516	119	525	140	484	109	481	128	552	139	560	134
66	370	58	341	53	304	41	291	36	259	28	258	31	272	34
99	456	111	479	109	478	110	488	135	497	112	495	130	533	121	534	131
136	519	117	248	23	246	26
53	340	54	346	55	352	61	363	57	247	23	241	22
101	373	59	372	63	342	53
147	574	149	172	1	169	2	175	5	182	9	187	6
139	483	109	482	136	545	125	517	117	248	23	245	25	255	164	601	165
62	338	52	330	50	332	71	397	72	401	115	510	141
62	338	52	330	50	332	71	397	72	401	115	510	141	531	120	529	129	550	128
78	411	77	412	82	420	81
2	169	1	167	0	167	1	169	2	175	5	182	9	187	6	186	7	191	84	424	89	441	150	441	89	440	91
33	281	36	293	70	355	55	357	141
70	306	41	302	42	308	77	411	78
121	534	131	557	132	558	142	339	52	338	62
139	483	109	482	136	545	125	517	117	239	21	236	22
62	334	51	336	66	375	60	351	55	352	61	363	57	247	23	241	22	214	12	211	13	208	11	210	16	176	2	169	1	172	149	574	147	571	146	406	74	405	144
83	190	7	186	6	187	9	199	27	181	4	174	2	176	16
118	465	106	468	124	512	116	515	141	396	69	354	55	353	64	359	56	292	36	281	33
125	543	127	395	69	354	55	346	54	340	53	344	93	444	105
46	313	45	316	97	453	99	456	111	479	109	478	110	488	135	488	110	488	135	497	112	495	130	533	121	534	131	557	132	558	142	339	52	338	62
43	289	35	286	34
101	460	104	463	105	444	93	344	53	343	65	386	70	360	56	362	161	595	164	206	10	195	8	194	9	197	11	210	16
68	376	60	348	54	340	53	304	41	284	33
11	210	16	221	17
120	527	125	543	127	395	69	379	61
132	557	131	534	121	474	107	477	134
110	478	109	479	111	456	99	453	97	316	45	313	46	320	48	320	46	322	148	566	144
78	411	77	412	82
110	487	134	522	118	465	106	468	124	512	116	508	115	356	55	346	54	349	65	305	41	284	33	275	32
92	432	86	297	38	295	37	273	31	271	33
155	580	152	577	151
118	521	129	554	136	545	125	517	117	366	57	358	56
110	478	109	484	140	525	119	516	117	239	21	232	20
44	310	53	341	58	368	62
147	568	145	225	17	179	3	173	2
144	404	73	328	49	327	48	320	46	322	148	322	46	320	48	320	46	313	45	316	97	234	20	232	21	237	23	247	57	363	61
36	292	56	359	64	353	55	354	69	396	141
165	598	162	587	159	294	36	259	28	261	40	283	33	285	42	307	44	312	94	445	95	447	105	461	101
118	521	129	554	136	545	125	517	117	239	21	236	22
19	229	20	232	21	239	117	517	125	527	120	531	141	515	116	508	115	356	55	346	54	347	58	368	62
62	334	51	336	66	375	60	351	55	352	61
92	438	88	439	166	597	161	362	56	359	64	353	55	354	69	396	141	542	124	468	106	465	118
62	338	52	330	50	332	71	398	114	498	113	501	131	534	121	533	130	495	112	497	135	488	110	478	109	479	111	456	99	453	97	316	45	313	46
92	438	88	439	166	597	161	257	26	246	23	248	117	519	136	551	128
2	175	5	182	9	196	10	205	25	254	26	256	56	359	64	385	70	350	54	340	53	344	93	444	105	461	101
62	371	59	373	101
101	460	104	384	63	342	53	304	41	284	33
61	352	55	346	54	340	53	342	63	372	59	373	101
136	519	117	248	23	245	25	249	24	252	161	597	166	439	88	421	83
16	176	2	169	1	167	0	167	1	169	2	175	5	182	9	187	6	186	7	191	84	424	89	441	150	576	156	582	153	583	157
62	334	51	336	66	375	60	351	55	353	64	359	56	256	26
132	502	113	399	72	401	115	380	61	363	57	247	23	241	22
62	334	51	336	66	375	60	351	55	352	61	363	57	247	23	241	22	214	12	207	11	210	16
33	284	41	304	53	341	58	368	62
145	225	17	179	3	178	16	210	11	208	13	211	12	214	22	241	23	247	57	363	61
132	558	142	339	52	338	62
61	379	69	394	120	466	106	465	118
92	438	88	437	90	425	84	424	89	441	150	575	153	578	151	577	152	580	155
22	243	25	249	24	252	161	586	159	587	162	298	38	288	34
118	465	106	467	122	535	131	557	132	558	142	339	52	338	62
62	338	52	330	50	332	71	398	114	498	113	501	131	534	121	474	107	477	134
155	580	152	577	151
81	420	82	309	43	280	32	276	34
165	588	159	294	36	293	70	355	55
144	404	73	328	49	327	48	320	46	322	148	322	46	320	48	323	47	326	98	449	96	451	100	458	111	479	109	478	110	487	134	522	118
148	569	145	225	17	179	3	173	2	175	5	182	9	196	10	204	24	250	26	256	56	359	64	385	70	350	54	340	53
41	306	70	355	55	354	69	394	120	466	106	465	118
101	460	104	463	105	444	93	344	53	304	41	284	33	283	40	261	28	259	36	294	159	588	165
61	352	55	351	60	367	58	368	62
16	216	13	211	12	214	22	241	23	247	57	363	61	352	55	351	60	376	68	389	67	337	51	334	62
34	272	31	274	40	290	36	293	70	355	55
16	219	15	220	19	229	20	232	21	239	117	516	119	525	140	484	109	483	139
16	216	13	211	12	214	22	241	23	247	57	363	61	352	55	351	60	376	68	376	60	367	58	368	62
164	206	10	196	9	199	27	181	4	174	2
139	523	118	465	106	468	124	512	116	508	115	356	55	346	54	349	65	305	41	302	42	308	77	411	78
155	580	152	577	151	578	153	582	156	576	150	441	89	440	91	435	87	436	92	432	86	268	30	265	34
92	438	88	437	90	422	83	423	163	200	9	197	11
6	187	9	196	10	203	22	236	21	239	117	518	127	549	141
46	313	45	316	97	234	20	233	22
68	389	67	337	51	333	58	341	53	310	44	303	41
82	412	77	411	78	413	79	417	94	345	53	344	93	383	63	382	62
95	442	93	344	53	304	41	284	33	275	32
95	442	93	344	53	304	41	284	33
33	281	36	294	159	586	161	595	164	255	25	243	22	233	20
22	236	21	239	117	517	125	527	120	531	141	515	116	514	137	503	113	502	132
6	187	9	194	8	195	10	206	164
6	188	163	591	160	594	166	599	162	298	38	288	34
165	598	162	587	159	294	36	259	28	261	40	283	33	285	42	302	41	304	53	341	58	368	62
62	338	52	330	50	332	71	398	114	498	113	501	131	534	121	533	130	495	112	497	135	488	110	478	109	479	111	456	99
132	558	142	339	52	330	50	331	67	337	51	333	58	341	53	310	44
110	478	109	482	136	545	125	517	117	239	21	236	22
46	313	45	227	18	226	19	222	16	176	2
157	579	151	577	152	580	155
118	465	106	468	124	512	116	508	115	356	55	346	54	350	70	293	36
141	357	55	351	60	376	68	389	67	337	51	334	62	371	59	374	104	460	101
78	411	77	301	39	278	32	276	34
33	284	41	304	53	341	58	333	51	337	67	331	50	330	52	339	142	558	132
53	340	54	346	55	357	141
62	371	59	374	104	463	105	447	95	445	94	417	79	413	78
154	429	85	428	91	435	87	436	92	438	88	439	166	603	165
83	190	7	189	9	198	12	213	20
53	340	54	346	55	354	69	395	127	543	125	517	117	516	119	524	138
33	281	36	292	56	358	57	365	69	395	127	543	125	545	136	551	128	552	139
95	445	94	417	79	413	78	411	77	412	82	309	43
61	352	55	351	60	367	58	368	62
16	219	15	220	19	229	20	232	21	239	117	516	119	525	140	553	128	481	109	478	110
165	593	160	591	163	200	9	194	8	194	9	197	11	210	16	176	2	169	1	172	149	574	147	571	146	565	144
101	460	104	384	63	342	53	340	54	346	55
164	595	161	586	159	587	162	587	159	294	36	259	28	261	40	283	33	284	41	303	44
139	523	118	465	106	470	133	559	137	538	123	402	72	392	68	376	60	367	58	368	62
78	413	79	417	94	345	53	344	93	383	63	382	62	338	52	330	50	330	52	339	142	558	132
61	380	115	401	72	399	113	502	132
55	355	70	293	36	281	33
61	363	57	247	23	237	21	232	20	229	19	222	16	176	2
6	187	9	182	5	175	2	169	1	172	149
11	207	12	214	22	241	23	247	57	363	61	352	55	351	60	376	68	376	60	367	58	368	62
46	313	45	316	97	453	99	456	111	479	109	478	110	489	139	523	118	465	106	470	133	559	137	538	123	402	72	392	68	376	60	367	58	368	62
62	334	51	336	66	375	60	351	55	352	61	363	57	247	23	241	22	214	12	207	11	210	16
165	588	159	361	56	358	57	366	117	519	136	551	128
16	210	11	201	10	206	164	601	165	598	162	298	38	288	34
101	460	104	384	63	335	51	337	67	331	50	332	71	397	72	401	115	510	141
61	363	57	366	117	519	136	551	128	481	109	478	110
8	195	10	206	164	206	10	205	25	249	24	244	23	247	57	364	64	385	70	350	54	348	60	367	58	333	51	334	62
61	378	64	353	55	346	54	340	53	344	93	444	105
97	231	19	222	16	210	11	197	9	194	8	194	9	187	6
125	517	117	239	21	236	22	203	10	195	8
16	216	13	211	12	202	10	204	24	251	56	359	64
55	346	54	340	53	344	93	444	105	461	101
62	338	52	330	50	332	71	397	72	401	115	508	116	515	141	531	120	530	136
62	334	51	336	66	375	60	351	55	352	61	363	57	247	23	241	22	214	12	207	11	210	16
99	235	20	213	12	202	10	206	164	595	161	597	166	439	88	438	92
43	309	82
139	483	109	484	140	525	119	516	117	239	21	232	20	213	12	212	14	218	16	176	2
109	481	128	550	129	521	118	465	106	467	122	535	131	557	132	558	142	339	52	338	62
34	286	35	262	29
16	210	11	197	9	194	8	194	9	200	163	591	160	594	166	599	162	298	38	288	34
83	422	90	437	88	438	92	436	87	435	91
101	373	59	371	62	338	52	330	50	332	71	397	72	401	115
105	444	93	344	53	340	54	346	55	354	69	394	120	530	136
41	284	33	283	40	261	28	259	36	294	159	586	161	595	164	206	10	203	22
131	501	113	500	123	511	116	508	115	356	55	346	54	350	70	293	36	259	28	258	31	272	34
131	557	132	558	142	339	52	330	50	331	67	337	51	333	58	341	53	310	44	311	79	413	78
22	241	23	247	57	363	61	352	55	346	54	340	53	344	93	444	105	461	101
22	203	10	196	9	200	163
163	200	9	194	8	194	9	197	11	210	16	221	17	223	18	227	45	313	46
34	276	32	278	39	299	42	307	44	310	53	341	58	333	51	337	67	331	50	330	52	339	142	507	114	505	131
101	373	59	372	63	382	62	338	52	330	50	332	71	397	72	401	115	393	69	394	120	530	136
139	523	118	465	106	468	124	512	116	508	115	356	55	346	54	340	53	344	93	442	95
2	169	1	172	149	574	147	571	146	406	74	405	144	410	76
128	550	129	521	118	465	106	467	122	535	131	557	132
144	404	73	328	49	327	48	320	46	322	148	322	46	320	48	320	46	313	45	316	97	453	99	457	138	562	140	561	136
110	487	134	522	118	465	106	468	124	512	116	508	115	356	55	346	54	340	53	344	93	442	95
101	460	104	374	59	371	62
101	373	59	371	62	368	58	347	54	346	55
43	280	32	276	34
2	175	5	183	11	207	12	214	22	241	23	247	57	363	61	352	55	351	60	376	68	389	67	337	51	334	62
118	465	106	466	120	394	69	379	61
62	371	59	373	101	461	105
61	363	57	247	23	244	24	253	164
165	593	160	591	163	193	7	186	6	187	9	199	27	181	4	174	2
142	339	52	338	62	334	51	336	66	375	60	351	55
62	338	52	330	50	332	71	397	72	401	115	393	69	394	120	527	125
41	305	65	349	54	346	55	357	141
46	313	45	316	97	453	99	456	111	479	109	478	110	487	134
144	404	73	328	49	327	48	323	47	324	96
55	356	115	508	116	512	124	468	106	465	118
68	376	60	351	55	357	141	549	127	518	117	239	21	232	20	213	12	212	14	218	16
110	478	109	482	136	545	125	543	127	395	69	354	55	353	64
16	210	11	197	9	194	8	194	9	200	163	591	160	594	166	599	162	298	38	288	34
129	529	120	527	125	545	136	561	140	562	138	457	99
139	523	118	465	106	468	124	512	116	508	115	356	55	346	54	349	65	305	41	302	42	308	77	411	78
22	233	20	234	97
30	265	34
139	483	109	484	140	525	119	516	117	239	21	232	20	213	12	212	14	218	16	176	2
157	585	156	576	150	441	89	424	84	425	90	437	88	438	92	432	86	268	30	265	34	276	32	278	39	299	42	307	44	312	94	345	53	344	93	383	63	382	62
128	551	136	519	117	248	23	245	25	255	164	601	165
92	438	88	437	90	422	83	190	7	186	6	187	9	199	27	181	4	174	2	176	16
2	176	16	219	15	220	19	229	20	232	21	239	117	516	119	525	140	484	109	483	139
154	581	153	578	151	577	152	577	151	578	153	583	157	585	156	576	150	441	89	424	84	425	90	422	83	423	163	200	9	197	11
62	334	51	333	58	341	53	304	41	284	33	271	31	272	34
62	371	59	373	101
16	216	13	211	12	214	22	241	23	247	57	363	61	352	55	351	60	376	68	389	67	337	51	334	62
165	598	162	587	159	294	36	259	28	261	40	283	33	285	42	302	41	304	53	341	58	368	62
64	353	55	354	69	394	120	466	106	465	118
62	334	51	336	66	375	60	351	55	352	61	363	57	247	23	241	22
62	334	51	336	66	375	60	351	55	352	61	363	57	247	23	241	22	214	12	207	11
33	271	31	270	32	277	35	262	29
34	276	32	278	39	299	42	307	44	312	94	445	95	447	105	461	101
142	507	114	498	113	503	137	514	116	515	141	531	120	527	125	517	117	248	23	244	24	249	25	255	164	601	165
32	275	33	284	41	305	65	349	54	346	55	356	115	508	116	512	124	468	106	471	134
92	438	88	437	90	422	83	190	7	186	6	187	9	199	27	181	4	174	2
110	478	109	482	136	545	125	543	127	395	69	354	55	353	64
141	549	127	518	117	239	21	232	20	213	12	212	14	218	16	176	2
104	374	59	371	62	338	52	330	50	332	71	397	72	401	115	393	69	394	120	527	125
33	271	31	270	32	277	35	262	29
33	281	36	292	56
78	411	77	301	39	282	33	281	36	292	56	358	57	366	117	517	125
62	338	52	339	142	558	132	557	131	535	122	467	106	465	118	521	129	554	136
97	234	20	213	12	202	10	206	164	601	165
132	558	142	339	52	330	50	331	67	337	51	333	58	341	53	310	44	307	42	299	39	278	32	276	34
136	554	129	521	118	465	106	467	122	535	131	557	132	558	142	339	52	338	62
19	229	20	232	21	239	117	516	119	525	140	484	109	483	139
16	210	11	197	9	194	8	194	9	200	163	591	160	594	166	599	162	587	159	294	36	259	28	261	40	283	33	282	39	299	42	308	77	411	78
136	561	140	562	138	457	99	453	97	316	45	313	46
141	357	55	346	54	340	53	344	93	442	95
118	465	106	467	122	537	137	538	123	402	72	377	60	367	58	368	62
2	175	5	183	11	207	12	214	22	241	23	247	57	363	61	352	55	351	60	376	68	376	60	367	58	368	62
16	210	11	197	9	194	8	195	10	204	24	244	23	247	57	364	64	385	70	350	54	340	53	344	93	444	105	461	101
95	442	93	383	63	382	62	338	52	330	50	330	52	339	142	558	132
6	187	9	196	10	203	22	241	23	247	57
34	265	30	268	86	432	92
46	313	45	227	18	226	19	222	16	210	11
134	471	106	468	124	512	116	508	115	356	55	346	54	340	53	304	41	284	33
61	378	64	359	56	292	36	290	40	274	31	272	34	286	35	262	29
131	501	113	399	72	401	115	380	61
16	210	11	197	9	194	8	194	9	200	163	591	160	594	166	599	162	587	159	294	36	259	28	261	40	283	33	284	41
34	272	31	274	40	290	36	293	70	355	55
29	264	82
11	210	16	221	17	225	145	569	148
62	338	52	330	50	332	71	398	114	498	113	501	131	534	121	474	107	477	134	487	110
136	554	129	521	118	465	106	467	122	499	113	502	132
165	593	160	591	163	193	7	186	6	187	9	199	27	181	4	174	2
62	338	52	330	50	330	52	339	142
125	543	127	395	69	354	55	346	54	340	53	344	93
2	175	5	185	27	199	9	187	6	186	7	192	90	422	83
139	523	118	465	106	470	133	559	137	538	123	402	72	377	60	367	58	368	62
165	596	161	257	26	246	23	248	117	517	125	545	136	551	128	481	109	478	110
93	344	53	304	41	284	33
29	262	35	286	34
78	411	77	301	39	278	32	276	34	287	37	295	38	298	162	599	166	594	160	591	163	200	9	194	8	194	9	197	11	210	16
62	334	51	336	66	375	60	351	55	352	61	363	57	247	23	241	22	214	12	198	9	182	5	175	2
158	584	155	580	152	577	151	579	157
16	216	13	211	12	214	22	241	23	247	57	363	61	352	55	346	54	347	58	368	62
16	221	17	223	18	227	45	313	46
118	521	129	554	136	545	125	517	117	248	23	244	24	249	25	255	164	601	165
6	186	7	192	90	422	83
136	519	117	248	23	245	25	249	24	252	161	597	166	439	88	438	92	436	87	435	91	440	89	441	150	576	156	582	153	583	157
92	432	86	268	30	265	34	276	32	278	39	301	77	411	78
92	432	86	434	166
56	358	57	365	69	394	120	466	106	464	107	477	134
34	272	31	271	33	285	42	307	44	312	94	445	95	447	105	461	101
101	460	104	384	63	342	53	340	54	346	55
144	404	73	328	49	327	48	320	46	322	148	322	46	320	48	320	46	313	45	316	97	234	20	233	22
62	338	52	330	50	332	71	397	72	401	115	508	116	515	141	531	120	527	125	545	136	561	140	562	138
16	216	13	211	12	214	22	241	23	247	57	363	61	352	55	351	60	376	68	376	60	367	58	368	62
69	354	55	355	70	293	36	281	33
46	320	48	327	49	328	73	404	144	405	74
28	259	36	292	56	359	64	378	61	379	69	395	127	543	125	545	136	551	128	481	109	478	110
125	517	117	239	21	236	22	203	10	195	8	194	9	187	6
6	187	9	194	8	195	10	204	24	244	23	247	57	364	64	385	70	350	54	348	60	367	58	333	51	334	62
16	210	11	197	9	194	8	194	9	200	163	591	160	594	166	599	162	587	159	294	36	281	33
148	569	145	225	17	179	3	173	2	175	5	182	9	196	10	204	24	244	23	247	57	364	64	385	70	350	54	348	60	367	58	333	51	334	62
110	487	134	522	118	465	106	468	124	512	116	508	115	356	55	346	54	349	65	305	41	303	44	311	79	413	78	411	77	412	82
136	519	117	518	127	395	69	354	55	353	64	385	70	306	41	302	42	308	77	411	78	413	79	414	80
8	194	9	187	6	187	9	182	5	175	2	169	1	167	0	167	1	172	149	570	145	567	146	565	144
101	373	59	371	62
33	271	31	258	28	259	36	294	159	586	161	595	164	255	25
144	565	146	571	147	574	149	172	1	170	3	178	16	210	11
34	272	31	274	40	290	36	292	56	359	64	378	61	379	69	395	127	543	125	545	136	551	128	481	109	478	110
16	219	15	220	19	229	20	232	21	239	117	517	125	527	120	531	141	510	115	401	72
36	292	56	358	57	365	69	394	120	466	106	464	107	474	121
16	210	11	197	9	200	163
83	190	7	189	9	194	8
109	481	128	551	136	554	129	521	118	465	106	467	122	535	131	557	132	558	142	339	52	338	62
62	334	51	333	58	341	53	343	65	386	70	360	56	361	159	588	165
92	438	88	437	90	422	83	190	7	186	6
147	571	146	565	144	566	148	322	46	320	48	320	46	313	45	316	97
82	412	77	411	78	411	77	308	42	307	44	303	41	305	65	349	54	346	55	356	115	508	116	512	124	468	106	465	118
44	310	53	341	58	333	51	337	67	331	50	330	52	339	142	558	132
110	478	109	482	136	545	125	517	117	248	23	244	24	252	161	597	166	439	88	438	92
55	352	61	363	57	366	117
61	378	64	359	56	292	36	259	28	258	31	272	34
2	176	16	219	15	220	19	229	20	232	21	239	117	516	119	525	140	546	125	544	129	521	118
144	404	73	328	49	327	48	320	46	322	148	322	46	320	48	320	46	313	45	316	97	234	20	233	22
139	523	118	465	106	468	124	512	116	508	115	356	55
91	440	89	441	150	441	89	424	84	425	90	437	88	438	92
101	460	104	384	63	382	62	338	52	330	50	332	71	391	68	392	72	401	115	508	116	515	141	531	120	527	125	517	117	239	21	232	20
101	373	59	372	63	335	51	337	67	331	50	332	71	398	114	498	113	501	131	534	121	474	107	477	134	560	139
11	197	9	200	163	591	160	594	166	599	162	587	159	294	36	259	28	261	40	283	33	282	39	301	77	411	78
16	210	11	197	9	194	8	194	9	200	163	591	160	594	166	599	162	298	38	288	34
92	436	87	435	91	440	89	441	150
16	210	11	197	9	194	8	194	9	200	163	591	160	594	166	599	162	298	38	288	34
105	444	93	383	63	382	62
160	591	163	193	7	186	6	187	9	199	27	181	4	174	2
2	175	5	183	11	207	12	202	10	204	24	251	56	359	64	353	55
61	352	55	351	60	367	58	368	62
43	300	39	299	42	307	44
34	276	32	278	39	299	42	307	44	310	53	341	58	333	51	337	67	331	50	330	52	339	142	558	132
8	195	10	206	164	206	10	202	12	213	20	235	99
44	303	41	306	70	355	55	354	69	395	127	518	117	519	136	482	109
16	176	2	169	1	167	0	167	1	169	2	175	5	182	9	187	6	186	7	191	84	424	89	441	150	576	156	582	153	583	157
165	598	162	587	159	294	36	259	28	261	40	283	33	285	42	302	41	304	53	341	58	368	62
136	530	120	531	141	515	116	508	115	401	72	392	68	389	67	337	51	334	62	371	59	374	104	460	101
139	523	118	465	106	467	122	535	131	557	132
110	485	112	495	130	533	121	534	131	557	132	558	142	339	52	338	62
151	578	153	582	156	576	150	441	89	440	91	435	87	436	92	432	86	268	30	265	34
93	344	53	340	54	346	55	354	69	394	120	527	125
62	334	51	336	66	375	60	351	55	352	61	363	57	247	23	241	22	214	12	207	11	210	16
134	477	107	464	106	468	124	512	116	508	115	356	55	346	54	350	70	293	36	290	40	274	31	272	34
148	322	46	320	48	320	46	313	45	316	97	453	99	457	138	492	111	479	109
166	594	160	591	163	200	9	194	8	194	9	197	11	210	16	221	17	223	18	227	45	313	46
141	357	55	353	64	359	56	256	26	257	161	596	165
118	465	106	467	122	535	131	557	132	558	142	339	52	338	62
62	334	51	336	66	375	60	351	55	352	61	363	57	247	23	241	22	214	12	207	11	210	16
44	303	41	305	65	349	54	346	55	356	115	508	116	512	124	468	106	465	118
55	352	61	363	57	247	23	241	22	214	12	207	11	210	16
148	322	46	320	48	323	47	326	98	449	96	451	100	458	111	479	109	478	110	488	135	488	110	488	135	497	112	495	130	533	121	534	131	557	132
34	276	32	278	39	301	77	411	78
44	303	41	291	36	292	56	362	161	595	164	206	10	201	11	210	16
165	588	159	361	56	359	64	353	55	354	69	396	141	510	115	401	72	399	113	501	131
128	553	140	525	119	516	117	239	21	232	20	213	12	212	14	218	16	176	2
16	210	11	197	9	194	8	195	10	205	25	254	26	256	56	359	64	385	70	350	54	340	53	344	93	444	105	461	101
78	413	79	414	80
46	313	45	227	18	226	19	222	16	210	11	197	9	187	6
52	330	50	332	71	391	68	392	72	402	123	538	137	559	133	470	106	465	118	521	129	550	128	481	109
55	356	115	508	116	512	124	468	106	464	107	477	134	560	139
149	172	1	167	0	167	1	169	2	175	5	182	9	187	6
119	516	117	518	127	395	69	354	55	346	54	340	53
128	550	129	529	120	528	127	395	69	354	55	353	64	359	56	292	36	259	28	258	31	272	34
140	561	136	545	125	527	120	531	141	515	116	508	115	401	72	377	60	367	58	368	62
147	571	146	563	143	409	76	329	49	327	48	320	46	322	148	322	46	320	48	323	47	326	98	449	96	451	100	458	111	479	109	478	110
22	243	25	249	24	252	161	597	166	439	88	438	92	436	87	435	91	440	89	441	150	576	156	582	153	583	157
6	187	9	199	27	181	4	174	2	176	16
78	411	77	301	39	278	32	276	34	287	37	295	38	298	162	587	159	586	161	595	164	255	25	243	22	233	20
118	521	129	554	136	561	140	525	119	516	117	239	21	232	20	213	12	212	14	218	16
144	404	73	328	49	327	48	320	46	313	45	227	18	226	19	222	16
78	413	79	414	80
34	272	31	274	40	290	36	293	70	350	54	346	55	356	115	508	116	512	124	468	106
101	460	104	384	63	382	62	338	52	330	50	332	71	397	72	401	115	393	69	394	120	530	136
62	338	52	330	50	332	71	398	114	498	113	501	131	534	121	474	107	477	134	560	139
62	338	52	330	50	332	71	398	114	498	113	501	131	534	121	474	107	477	134	487	110
70	350	54	347	58	368	62
62	338	52	330	50	332	71	398	114	498	113	501	131	534	121	474	107	477	134	560	139
11	210	16	221	17
8	195	10	206	164	206	10	203	22	241	23	247	57	363	61	352	55	346	54	347	58	368	62
16	219	15	220	19	229	20	232	21	239	117	517	125	527	120	531	141	515	116	514	137	503	113	502	132
55	355	70	293	36	259	28	258	31	272	34
118	465	106	468	124	512	116	508	115	356	55	346	54	340	53	344	93	442	95
128	550	129	521	118	465	106	467	122	535	131	557	132
33	281	36	292	56	359	64	353	55	354	69	395	127	543	125	545	136	551	128	481	109	478	110
158	584	155	580	152	577	151	578	153	581	154
101	373	59	371	62	338	52	330	50	332	71	391	68	392	72	402	123	538	137	537	122	467	106	465	118
165	598	162	587	159	294	36	259	28	261	40	283	33	285	42	307	44	311	79	413	78
157	579	151	577	152	580	155	584	158
4	180	5	183	11
16	219	15	220	19	229	20	232	21	239	117	516	119	516	117	519	136
121	532	122	467	106	466	120	394	69	379	61
21	236	22	203	10	195	8	194	9	200	163
62	338	52	330	50	331	67	389	68
77	412	82	412	77	301	39	282	33
62	334	51	333	58	341	53	310	44	307	42	299	39	278	32	276	34	265	30	268	86	432	92
62	338	52	330	50	332	71	391	68	392	72	401	115	508	116	515	141	531	120	527	125	517	117	516	119
139	483	109	484	140	525	119	516	117	239	21	232	20	213	12	212	14	218	16	210	11	197	9	187	6
2	175	5	185	27	199	9	187	6	188	163	591	160
121	533	130	495	112	497	135	488	110	478	109	479	111	456	99	453	97	316	45	313	46	322	148
33	281	36	293	70	355	55
154	429	85	428	91	435	87	436	92
144	404	73	328	49	327	48	320	46	322	148	322	46	320	48	320	46	313	45	316	97	234	20
165	603	166	439	88	438	92	432	86	426	85	426	86	268	30	266	35	262	29
118	465	106	468	124	512	116	508	115	356	55	346	54	349	65	305	41	303	44	311	79	413	78
82	412	77	411	78	411	77	301	39	278	32	276	34	287	37	295	38	298	162	599	166	594	160	591	163	200	9	194	8
97	234	20	232	21	237	23	246	26	256	56	359	64	385	70	350	54	340	53
110	487	134	522	118	465	106	468	124	512	116	508	115	356	55	346	54	340	53	344	93	444	105
62	334	51	336	66	375	60	351	55	353	64	359	56	256	26
114	505	131	534	121	474	107	477	134	487	110
154	429	85	428	91	435	87	436	92
113	399	72	401	115	380	61	363	57	366	117	248	23	245	25	255	164	601	165
7	186	6
139	483	109	484	140	525	119	516	117	239	21	232	20	213	12	212	14	218	16
139	483	109	484	140	525	119	516	117	239	21	232	20	213	12	212	14	218	16	176	2
101	460	104	463	105	444	93	344	53	343	65	386	70	360	56	362	161	595	164	206	10	195	8	194	9	197	11	210	16
62	334	51	333	58	341	53	304	41	284	33
16	210	11	197	9	194	8	194	9	200	163	591	160	594	166	599	162	587	159	294	36	259	28	261	40	283	33	284	41	303	44
83	422	90	192	7	186	6
96	451	100	458	111	479	109	478	110
78	411	77	301	39	278	32	276	34	287	37	295	38	298	162	599	166	594	160	591	163	200	9	194	8	194	9	197	11	210	16
22	242	24	251	56	361	159	294	36	259	28	261	40	283	33	284	41	303	44
136	530	120	531	141	515	116	508	115	401	72	377	60	367	58	368	62
20	232	21	239	117	517	125	527	120	531	141	515	116	514	137	503	113	502	132
149	172	1	170	3	178	16	210	11
110	478	109	482	136	545	125	543	127	395	69	379	61	378	64	359	56	292	36	259	28	258	31	273	37	295	38	267	30
16	210	11	197	9	200	163	600	166
16	219	15	220	19	229	20	232	21	239	117	516	119	525	140	484	109	483	139
75	408	143	563	146	565	144	566	148	322	46	320	48	320	46	313	45	316	97	453	99	457	138	562	140	484	109	481	128	552	139	560	134	477	107	474	121
136	530	120	531	141	515	116	508	115	401	72	377	60	367	58	368	62
148	322	46	313	45	316	97	234	20
110	487	134	522	118	465	106	470	133	559	137	538	123	402	72	392	68	376	60	367	58	368	62
96	324	47	323	48	327	49	328	73
53	340	54	346	55	353	64	359	56	251	24	204	10	195	8
62	334	51	333	58	341	53	304	41	284	33	271	31	272	34
16	219	15	220	19	229	20	232	21	239	117	517	125	527	120	531	141	515	116	514	137	503	113	502	132
110	487	134	522	118	465	106	468	124	512	116	508	115	356	55	346	54	349	65	305	41	303	44	311	79	413	78
34	265	30
92	438	88	437	90	422	83	423	163	200	9	197	11
131	535	122	467	106	466	120	527	125	517	117	239	21	232	20	213	12	212	14	218	16
44	303	41	306	70	360	56	251	24	253	164
34	272	31	274	40	290	36	293	70	355	55
62	334	51	333	58	341	53	304	41	284	33	282	39	278	32	276	34
11	197	9	194	8	195	10	206	164	601	165	598	162	298	38	288	34
114	400	72	377	60	351	55
147	568	145	225	17	177	2	175	5	182	9	187	6
92	436	87	435	91	440	89	441	150	576	156	582	153	578	151
128	550	129	529	120	528	127	395	69	354	55	353	64	359	56	292	36	259	28	258	31	272	34
144	404	73	328	49	327	48	320	46	322	148	322	46	320	48	320	46	313	45	316	97	453	99	457	138	562	140	546	125	544	129
97	325	47	323	48
33	275	32	278	39	300	43	309	82
62	338	52	330	50	332	71	397	72	401	115	508	116	515	141	531	120	527	125
33	281	36	293	70	355	55
101	460	104	384	63	382	62	338	52	330	50	332	71	391	68	392	72	401	115	508	116	515	141	531	120	530	136	482	109
16	219	15	220	19	229	20	232	21	239	117	516	119	525	140	484	109	483	139
139	483	109	484	140	525	119	516	117	239	21	232	20	213	12	212	14	218	16	176	2
118	521	129	554	136	545	125	517	117	248	23	245	25	255	164	601	165
148	322	46	313	45	316	97	234	20	232	21	237	23	247	57	363	61	352	55
97	234	20	233	22	243	25	255	164	595	161	586	159	587	162	298	38	288	34
136	561	140	562	138	457	99	453	97	316	45	313	46	322	148
150	441	89	440	91	435	87	436	92	438	88	439	166	603	165	601	164	206	10	203	22
165	596	161	257	26	246	23	248	117	517	125	545	136	551	128	552	139
158	584	155	580	152	577	151	578	153	583	157	585	156	576	150	441	89	424	84	191	7	186	6	187	9	199	27	181	4	174	2	176	16
148	322	46	320	48	323	47	326	98	449	96	451	100	458	111	479	109	478	110	488	135	488	110	488	135	497	112	495	130	533	121
2	175	5	182	9	196	10	204	24	244	23	247	57	364	64	385	70	350	54	348	60	367	58	333	51	334	62
57	358	56	361	159	588	165
55	354	69	394	120	466	106	464	107	477	134	487	110
97	453	99	457	138	562	140	546	125
92	438	88	439	166	597	161	362	56	358	57	363	61	381	141
141	357	55	346	54	349	65	305	41	302	42	308	77	411	78	411	77	412	82
62	334	51	333	58	341	53	343	65	305	41	291	36	294	159	588	165
158	584	155	580	152	577	151	579	157
62	334	51	336	66	375	60	351	55	352	61
136	561	140	562	138	457	99	453	97	316	45	313	46	320	48	320	46	322	148	566	144	565	146	563	143	408	75
83	421	88	439	166	589	159	361	56	358	57	363	61
89	440	91	435	87	436	92
78	413	79	414	80
20	232	21	239	117	518	127	549	141
125	527	120	394	69	354	55	353	64	359	56	292	36	259	28	258	31	272	34
124	526	120	527	125	517	117	248	23	245	25	255	164	601	165
30	266	35	262	29
68	392	72	401	115	508	116	515	141	396	69	365	57	247	23	241	22
101	460	104	384	63	382	62	338	52	330	50	332	71	391	68	392	72	402	123	538	137	537	122	467	106	465	118
62	338	52	339	142	558	132	557	131	534	121	474	107	477	134	487	110
99	238	21	237	23	247	57	363	61	352	55
148	322	46	320	48	323	47	326	98	449	96	451	100	458	111	479	109	478	110	488	135	488	110	488	135	497	112	495	130	533	121	534	131	557	132
48	323	47	326	98	449	96	450	99
6	187	9	182	5	175	2	169	1	167	0	167	1	172	149	570	145	569	148
22	243	25	249	24	252	161	597	166	439	88	438	92	436	87	435	91	440	89	441	150	576	156	582	153	583	157
2	175	5	182	9	196	10	205	25	254	26	256	56	359	64	385	70	350	54	340	53	344	93	444	105	461	101
144	404	73	328	49	327	48	323	47	325	97	234	20	232	21	237	23	247	57	363	61	352	55
2	175	5	183	11	207	12	214	22	241	23	247	57	363	61	352	55	351	60	376	68	376	60	367	58	368	62
55	353	64	359	56	251	24	204	10	195	8	194	9	187	6
141	357	55	346	54	347	58	368	62
144	404	73	328	49	327	48	320	46	322	148	322	46	320	48	320	46	313	45	316	97	453	99	457	138	562	140	553	128
148	322	46	320	48	323	47	326	98	449	96	451	100	458	111	479	109	478	110
144	405	74	406	146	571	147	574	149	172	1	170	3	178	16	219	15	220	19	229	20	232	21	239	117	517	125	544	129
106	465	118	521	129	544	125	546	140	525	119	516	117	239	21	232	20	213	12	212	14	218	16
144	565	146	571	147	574	149	172	1	170	3	178	16	210	11	208	13	211	12	214	22	241	23	247	57	363	61	352	55	351	60	376	68	389	67	337	51	334	62
125	517	117	366	57	364	64	385	70	306	41	302	42	308	77	411	78
78	411	77	308	42	302	41	306	70	385	64
20	234	97	316	45	313	46	320	48	320	46	322	148	322	46	320	48	327	49	328	73	404	144
101	373	59	371	62
19	230	45	313	46	320	48	320	46	322	148	566	144
55	352	61	363	57	247	23	237	21	232	20	229	19	230	45	313	46
44	303	41	306	70	360	56	362	161	595	164	206	10	203	22
83	422	90	437	88	438	92	436	87	435	91
29	262	35	286	34	272	31	274	40	290	36	292	56	358	57	363	61
112	494	121
2	176	16	219	15	220	19	229	20	232	21	239	117	517	125	527	120	526	124
101	373	59	371	62
22	241	23	247	57	363	61	352	55
33	271	31	258	28	259	36	294	159	586	161	595	164	255	25	243	22	233	20
166	434	86	432	92
165	588	159	294	36	259	28	261	40	283	33	284	41	303	44
136	519	117	518	127	395	69	354	55	353	64	385	70	306	41	302	42	308	77	411	78	411	77	412	82
118	465	106	467	122	537	137	538	123	402	72	377	60	367	58	368	62
139	523	118	465	106	467	122	535	131	557	132	558	142	339	52	338	62
118	465	106	468	124	512	116	508	115	356	55	346	54	349	65	305	41	302	42	308	77	411	78
61	363	57	247	23	241	22	214	12	207	11	210	16
121	532	122	536	133	513	116	515	141	396	69	354	55	353	64	359	56	292	36	259	28	258	31	272	34
136	561	140	562	138	457	99	453	97	316	45	313	46
17	221	16	210	11
16	210	11	197	9	194	8	194	9	200	163	591	160	594	166	599	162	587	159	294	36	281	33
109	482	136	554	129	521	118	465	106	467	122	535	131	557	132	558	142	339	52	338	62
95	442	93	383	63	382	62
55	353	64	359	56	361	159	588	165
125	527	120	394	69	354	55	353	64	359	56	292	36	259	28	258	31	272	34
44	303	41	305	65	349	54	346	55	356	115	508	116	513	133	536	122	475	107	472	112	495	130
16	184	5	185	27	199	9	187	6
44	303	41	284	33
164	253	24	251	56	359	64	353	55
33	281	36	292	56	358	57	366	117	519	136	482	109
134	477	107	464	106	468	124	512	116	508	115	356	55	346	54	350	70	293	36	259	28	258	31	272	34
33	281	36	292	56	358	57	366	117	519	136	551	128
160	591	163	423	83
74	405	144	410	76	329	49	327	48	320	46	322	148	322	46	320	48	323	47	326	98	449	96	451	100	458	111	479	109	478	110
148	569	145	225	17	179	3	178	16	219	15	220	19	229	20	232	21	239	117	517	125
139	483	109	482	136	545	125	543	127	395	69	379	61
165	601	164	206	10	201	11	210	16
101	460	104	463	105	444	93	344	53	304	41	284	33	271	31	272	34
46	313	45	316	97	453	99	456	111	479	109	478	110
20	232	21	239	117	517	125	527	120	526	124	541	137
20	213	12	202	10	206	164	595	161	586	159	587	162	587	159	294	36	259	28	261	40	283	33	282	39	301	77	411	78
62	334	51	336	66	375	60	351	55	352	61	363	57	247	23	241	22	214	12	198	9	182	5	175	2
92	438	88	439	166	597	161	595	164	255	25	243	22	233	20
62	371	59	374	104	463	105	447	95	445	94	417	79	413	78
101	373	59	371	62	368	58	347	54
62	371	59	374	104	443	93	442	95
6	187	9	199	27	181	4	174	2	176	16
125	527	120	531	141	515	116	514	137	538	123	402	72	392	68	389	67	337	51	334	62	371	59	374	104	460	101
44	303	41	306	70	360	56	362	161	595	164	253	24	242	22	214	12	198	9	182	5	175	2
109	482	136	545	125	543	127	395	69	379	61	378	64	359	56	292	36	259	28	258	31	272	34
2	176	16	219	15	220	19	229	20	232	21	239	117	516	119	525	140	553	128	481	109	478	110
110	485	112	495	130	533	121	534	131	557	132
34	272	31	274	40	290	36	293	70	350	54	348	60	377	72	399	113	502	132
78	411	77	308	42	302	41	306	70	385	64	353	55	354	69	394	120	530	136	482	109
157	579	151	577	152	580	155	584	158
130	495	112	494	121	532	122	467	106	465	118	521	129	554	136	545	125	517	117	239	21	236	22
83	190	7	186	6	187	9	182	5	175	2	169	1	167	0	167	1	172	149	570	145	569	148
33	284	41	304	53	344	93	444	105	461	101
83	421	88	439	166	597	161	252	24	244	23	248	117	516	119
62	334	51	336	66	375	60	351	55	352	61	363	57	247	23	245	25
92	432	86	268	30	265	34	272	31	271	33	284	41	303	44
22	233	20	235	99	456	111	491	135	497	112	494	121
136	561	140	525	119	516	117	239	21	232	20	213	12	198	9	194	8
119	524	138	457	99	453	97	316	45	313	46
128	553	140	562	138	457	99	453	97	316	45	313	46	320	48	320	46	322	148	322	46	320	48	327	49	328	73	404	144
159	361	56	359	64	353	55	354	69	396	141	542	124	468	106	465	118
80	414	79	413	78	411	77	308	42	302	41	306	70	355	55	357	141
16	216	13	211	12	214	22	241	23	247	57	363	61	352	55	351	60	376	68	376	60	367	58	368	62
131	501	113	503	137	514	116	515	141	531	120	527	125	517	117	239	21	232	20
33	281	36	292	56	359	64	353	55	354	69	395	127	543	125	544	129	550	128	552	139
154	581	153	578	151	577	152	580	155	580	152	577	151	577	152
62	334	51	336	66	375	60	351	55	352	61	363	57	247	23	241	22	214	12	198	9	182	5	175	2
60	351	55	352	61	363	57	247	23	241	22	214	12	198	9	182	5	175	2
148	322	46	320	48	323	47	326	98	449	96	451	100	458	111	479	109	478	110	489	139	560	134
62	338	52	339	142	558	132	557	131	535	122	467	106	465	118	521	129	554	136
62	334	51	336	66	375	60	351	55	352	61	363	57	247	23	241	22
144	404	73	328	49	327	48	320	46	322	148	322	46	320	48	320	46	313	45	316	97	453	99	457	138	562	140	553	128
64	353	55	351	60	377	72	399	113	502	132
78	413	79	311	44
109	482	136	519	117	248	23	245	25	255	164	601	165
130	495	112	472	107	475	122	536	133	513	116	508	115	356	55	355	70	293	36	281	33
131	557	132	506	114	398	71	332	50	330	52	338	62
132	502	113	503	137	514	116	515	141	531	120	527	125	517	117	239	21	232	20	213	12	212	14	218	16
163	591	160	593	165	598	162	587	159	294	36	259	28	261	40	283	33	284	41	303	44
165	603	166	439	88	438	92	436	87	435	91	440	89	441	150	576	156	582	153	583	157
32	275	33	284	41	305	65	349	54	346	55	356	115	508	116	513	133	536	122	532	121
165	593	160	591	163
34	272	31	274	40	290	36	293	70	355	55	357	141
36	292	56	358	57	365	69	394	120	466	106	471	134
62	334	51	333	58	341	53	304	41	284	33	275	32
74	405	144	410	76	329	49	327	48	320	46	322	148	322	46	320	48	320	46	313	45	316	97
46	313	45	316	97
61	380	115	401	72	399	113	501	131
80	414	79	413	78	411	77	301	39	278	32	276	34	287	37	295	38	298	162	587	159	586	161	595	164	255	25	243	22	233	20
16	219	15	220	19	229	20	232	21	239	117	518	127	549	141
139	483	109	482	136	545	125	543	127	395	69	379	61	378	64	359	56	292	36	281	33
34	272	31	271	33	284	41	304	53	342	63	384	104
141	357	55	355	70	293	36	259	28	258	31	272	34
141	549	127	518	117	239	21	232	20
144	404	73	328	49	327	48	320	46	322	148	322	46	320	48	320	46	313	45	316	97	453	99	457	138	562	140	561	136
62	338	52	330	50	332	71	398	114	498	113	501	131	534	121	474	107	477	134	560	139
147	568	145	225	17	179	3	178	16
2	175	5	185	27	199	9	187	6	186	7	193	163	591	160	594	166	599	162	587	159	294	36	259	28	261	40	283	33	284	41	303	44
164	206	10	196	9	197	11	210	16	176	2	169	1	172	149	574	147	571	146	406	74	405	144
20	234	97	316	45	313	46	320	48	320	46	322	148	566	144	565	146	563	143	408	75
62	334	51	333	58	341	53	343	65	386	70	360	56	361	159	588	165
16	210	11	201	10	206	164	601	165
148	322	46	320	48	323	47	326	98	449	96	451	100	458	111	479	109	478	110	487	134	522	118
139	523	118	465	106	468	124	512	116	508	115	356	55
81	420	82	420	81	415	79	413	78
46	313	45	230	19	229	20	233	22	242	24	251	56
62	338	52	330	50	332	71	398	114	498	113	501	131	534	121	474	107	477	134	560	139
97	234	20	213	12	202	10	206	164	595	161	586	159	587	162	587	159	294	36	281	33
16	210	11	197	9	189	7	190	83
82	412	77	411	78	413	79	311	44	303	41	305	65	349	54	346	55	356	115	508	116	513	133	536	122	532	121
78	411	77	412	82
34	272	31	274	40	290	36	293	70	355	55	357	141
46	313	45	227	18	226	19	222	16	210	11	197	9	194	8
78	413	79	417	94	345	53	344	93	383	63	382	62
33	281	36	292	56	358	57	366	117	519	136
92	432	86	268	30	267	38	295	37	273	31	271	33
20	213	12	202	10	206	164	595	161	586	159	587	162	587	159	294	36	259	28	261	40	283	33	282	39	299	42	308	77	411	78
34	272	31	271	33	284	41	304	53	344	93	444	105
132	558	142	339	52	338	62
22	241	23	247	57	363	61	352	55	351	60	367	58	368	62
92	432	86	426	85
26	256	56	292	36	281	33	284	41	303	44
110	478	109	482	136	545	125	517	117	248	23	245	25	255	164	601	165
34	272	31	274	40	290	36	293	70	355	55
80	414	79	413	78	411	77	308	42	302	41	306	70	355	55
61	363	57	247	23	245	25	249	24	252	161	597	166	439	88	421	83
99	450	96	324	47	323	48	327	49	328	73	404	144
92	438	88	437	90	425	84	425	90	192	7	186	6	187	9	199	27	181	4	174	2	176	16
20	232	21	237	23	246	26
20	232	21	237	23	247	57	363	61
22	241	23	247	57	363	61	352	55	351	60	367	58	368	62
121	532	122	467	106	466	120	394	69	354	55
136	519	117	248	23	244	24	252	161	596	165
16	219	15	220	19	229	20	232	21	239	117	517	125	527	120	531	141	515	116	514	137	503	113	502	132
148	322	46	313	45	317	98	449	96	451	100	458	111	491	135	488	110
125	546	140	562	138	457	99	453	97	316	45	313	46
141	357	55	346	54	340	53	342	63	372	59	374	104	460	101
83	421	88	439	166	599	162	587	159	294	36	281	33
139	523	118	465	106	470	133	559	137	538	123	402	72	392	68	376	60	367	58	368	62
75	407	76	410	144
78	413	79	417	94	345	53	344	93	383	63	382	62
8	195	10	206	164	206	10	203	22	236	21	239	117	517	125	545	136	551	128	481	109	478	110
33	281	36	292	56	358	57	365	69	394	120	466	106
72	392	68	389	67	337	51	334	62	371	59	374	104	443	93	442	95
95	445	94	312	44	307	42	299	39	278	32	276	34	265	30	268	86	432	92
76	410	144	405	74	406	146	571	147	574	149	172	1	170	3	178	16
92	438	88	437	90	422	83	190	7	186	6	187	9	199	27	181	4	174	2	176	16
92	432	86	268	30	265	34
62	338	52	330	50	332	71	398	114	498	113	501	131	534	121	474	107	477	134	560	139
132	502	113	503	137	514	116	515	141	531	120	527	125	517	117	516	119
109	482	136	545	125	517	117	366	57	363	61
2	175	5	183	11	207	12	202	10	204	24	251	56	359	64	353	55	351	60	376	68	376	60	367	58	368	62
34	265	30	268	86	432	92	436	87	435	91	440	89	441	150	576	156	582	153	583	157
78	411	77	412	82
20	234	97	316	45	313	46	322	148	566	144
22	233	20	229	19
142	339	52	330	50	331	67	337	51	336	66	375	60	351	55
144	404	73	328	49	327	48	320	46	322	148	322	46	320	48	320	46	313	45	316	97	453	99	457	138	562	140	561	136
34	265	30	268	86	432	92	436	87	435	91	440	89	441	150	576	156	582	153	583	157
132	558	142	339	52	330	50	331	67	337	51	333	58	341	53	304	41	284	33	282	39	278	32	276	34
78	411	77	412	82	420	81
62	371	59	374	104	460	101
17	221	16	210	11	197	9	194	8	194	9	200	163	423	83
158	584	155	580	152	577	151	579	157
157	579	151	577	152	580	155	584	158
129	529	120	528	127	395	69	354	55	353	64	359	56	292	36	281	33
132	558	142	339	52	330	50	331	67	337	51	333	58	341	53	310	44	307	42	299	39	278	32	276	34
62	334	51	333	58	341	53	304	41
99	235	20	213	12	202	10	206	164	601	165
81	420	82	420	81	415	79	413	78	411	77	308	42	302	41	305	65	349	54	348	60	377	72	399	113	501	131
34	272	31	274	40	290	36	292	56	358	57	366	117	519	136
16	210	11	197	9	194	8	194	9	200	163	591	160	594	166	599	162	298	38	288	34	276	32	278	39	300	43	309	82
10	206	164	595	161	586	159	587	162	298	38	288	34
16	216	13	211	12	214	22	241	23	247	57	363	61	352	55	351	60	376	68	376	60	367	58	368	62
154	581	153	578	151	577	152	577	151	579	157
101	460	104	384	63	335	51	337	67	331	50	332	71	397	72	401	115	393	69	394	120	530	136
144	404	73	328	49	327	48	320	46	322	148	322	46	320	48	323	47	326	98	449	96	451	100	458	111	479	109	478	110
82	412	77	411	78	413	79	417	94	345	53	344	93	383	63	382	62
22	241	23	247	57	363	61	352	55	346	54	340	53	344	93	444	105	461	101
75	408	143	564	147	574	149	172	1	170	3	178	16	219	15	220	19	229	20	232	21	239	117	517	125	527	120	531	141
62	334	51	333	58	341	53	304	41	284	33
101	460	104	463	105	447	95	445	94	417	79	413	78
62	334	51	336	66	375	60	351	55	352	61	363	57	247	23	241	22	214	12	211	13	208	11	210	16	176	2	169	1	172	149	574	147	571	146	406	74	405	144
164	206	10	196	9	187	6
8	195	10	206	164	206	10	203	22	241	23	248	117	517	125	545	136	551	128	552	139
83	422	90	422	83	421	88	439	166	599	162	587	159	294	36	281	33
44	303	41	284	33	283	40	261	28	259	36	294	159	589	166	594	160	591	163	193	7	186	6
34	276	32	278	39	301	77	412	82	412	77	411	78	413	79	414	80
44	303	41	305	65	349	54	346	55	356	115	508	116	513	133	536	122	532	121
22	214	12	211	13	208	11	210	16	176	2	169	1	172	149
157	579	151	577	152	580	155
109	482	136	519	117	518	127	395	69	354	55	353	64	385	70	306	41
132	502	113	503	137	514	116	515	141	531	120	527	125	517	117	239	21	232	20	213	12	212	14	218	16
118	465	106	467	122	537	137	538	123	402	72	377	60	367	58	368	62
27	185	5	182	9	196	10	203	22	236	21	239	117	519	136
92	432	86	268	30	265	34
62	338	52	339	142	558	132	557	131	534	121	474	107	477	134	487	110
61	363	57	247	23	241	22	203	10
101	446	95	442	93	344	53	343	65	386	70	360	56	362	161	595	164	206	10	201	11
94	345	53	341	58	368	62
136	530	120	394	69	354	55	353	64	359	56	292	36	290	40	274	31	272	34
158	584	155	580	152	577	151	579	157
163	200	9	194	8	195	10	203	22	236	21	239	117	517	125	544	129
139	483	109	482	136	545	125	517	117	248	23	245	25	255	164	601	165
92	432	86	268	30	267	38	295	37	273	31	271	33
34	287	37	295	38	298	162	599	166	594	160	591	163	200	9	194	8	194	9	197	11	183	5	175	2
33	283	40	261	28	259	36	294	159	589	166	594	160	591	163	193	7	186	6
78	411	77	301	39	278	32	276	34	287	37	295	38	298	162	599	166	594	160	591	163	200	9	194	8	194	9	197	11	210	16
62	338	52	330	50	332	71	398	114	498	113	501	131	534	121	474	107	477	134	487	110
16	221	17	223	18	227	45	313	46
83	421	88	439	166	599	162	587	159	294	36	259	28	261	40	283	33	285	42	302	41	304	53	341	58	368	62
131	557	132	558	142	339	52	338	62	371	59	374	104	460	101
101	460	104	463	105	444	93	344	53	343	65	386	70	360	56	362	161	595	164	253	24	242	22	214	12	198	9	182	5	175	2
144	405	74	406	146	571	147	574	149	172	1	170	3	178	16
62	338	52	339	142	558	132
164	255	25	254	26	246	23	248	117	517	125	545	136	554	129	521	118
44	303	41	291	36	292	56	358	57	366	117	519	136
165	598	162	587	159	294	36	259	28	261	40	283	33	285	42	307	44	310	53	344	93	444	105	461	101
132	558	142	339	52	338	62	371	59	374	104	460	101
157	583	153	582	156	576	150	441	89	440	91	435	87	436	92	438	88	437	90	422	83	423	163	200	9	194	8	195	10	202	12	213	20	235	99
16	210	11	197	9	194	8
118	521	129	544	125	546	140	525	119	516	117	239	21	232	20	213	12	212	14	209	11
22	214	12	211	13	208	11	210	16	221	17	225	145	569	148
141	515	116	514	137	503	113	502	132
132	502	113	500	123	511	116	508	115	356	55	346	54	350	70	293	36
92	432	86	297	38	295	37	260	28	259	36
148	322	46	313	45	316	97	453	99	457	138
157	583	153	582	156	576	150	441	89	440	91	435	87	436	92	438	88	439	166	603	165	601	164	206	10	203	22
52	338	62	334	51	336	66	375	60	351	55	352	61	363	57	247	23	241	22	214	12	198	9	182	5	175	2
22	236	21	239	117	517	125	545	136	551	128	552	139	560	134
80	414	79	413	78	411	77	301	39	282	33	281	36	292	56	358	57	366	117	519	136
129	529	120	394	69	354	55	346	54	347	58	368	62
34	272	31	274	40	290	36	292	56	359	64	378	61	379	69	395	127	543	125	545	136	554	129	521	118
33	281	36	292	56	358	57	366	117	519	136	482	109
155	580	152	577	151	578	153	581	154	429	85	428	91	435	87	436	92	432	86	268	30	267	38	295	37	273	31	271	33
142	339	52	338	62	334	51	333	58	341	53	304	41	284	33	271	31	272	34
2	175	5	182	9	194	8	195	10	206	164	601	165	598	162	587	159	294	36	281	33
163	188	6	187	9	182	5	175	2	169	1	167	0	167	1	172	149	574	147	571	146	563	143	409	76	410	144	405	74	405	144
33	281	36	293	70
55	346	54	349	65	305	41	302	42	308	77	411	78
144	405	74	406	146	571	147	574	149	172	1	167	0	167	1	169	2	175	5	182	9	187	6	186	7	190	83
34	287	37	295	38	298	162	599	166	594	160	591	163	200	9	194	8	194	9	197	11	210	16	221	17	225	145	569	148
132	558	142	339	52	338	62	371	59	374	104
44	303	41	306	70	360	56	251	24	253	164	206	10	203	22
118	465	106	468	124	512	116	508	115	356	55	346	54	340	53	310	44
34	276	32	278	39	299	42	307	44	312	94	345	53	344	93	383	63	382	62
141	357	55	346	54	350	70	293	36	259	28	258	31	272	34
144	404	73	328	49	327	48	320	46	322	148	322	46	320	48	320	46	313	45	316	97	453	99	457	138	562	140	553	128
62	334	51	333	58	341	53	304	41	284	33	282	39	278	32	276	34	265	30	268	86	432	92	436	87	435	91	440	89	441	150	576	156	582	153	583	157
101	373	59	372	63	335	51	337	67	331	50	332	71	397	72	402	123	538	137	537	122	467	106	465	118
92	438	88	439	166	597	161	362	56	359	64	353	55	354	69	396	141
9	196	10	206	164	601	165	598	162	298	38	288	34
154	429	85	428	91	435	87	436	92	438	88	439	166	603	165	601	164	206	10	203	22
78	411	77	308	42	302	41	306	70	355	55
34	265	30	268	86	432	92
2	176	16	219	15	220	19	229	20	232	21	239	117	516	119	525	140	553	128	552	139
132	502	113	399	72	401	115	510	141	396	69	365	57	247	23	246	26
33	285	42	302	41	304	53	341	58	368	62
139	483	109	484	140	525	119	516	117	239	21	232	20	213	12	198	9	194	8
81	415	79	413	78
8	194	9	200	163	591	160	594	166	599	162	587	159	294	36	259	28	261	40	283	33	282	39	301	77	411	78
128	550	129	529	120	528	127	395	69	354	55	353	64	359	56	292	36	281	33
132	502	113	503	137	514	116	515	141	531	120	527	125	517	117	239	21	232	20	213	12	212	14	218	16
139	483	109	482	136	545	125	543	127	395	69	354	55	353	64	359	56	292	36	290	40	274	31	272	34
118	521	129	554	136	545	125	543	127	395	69	379	61	378	64	385	70	306	41	302	42	308	77	411	78
144	404	73	328	49	327	48	320	46	322	148	322	46	320	48	323	47	326	98	449	96	451	100	458	111	479	109	478	110
101	460	104	463	105	444	93	344	53	343	65	386	70	360	56	362	161	595	164	206	10	195	8	194	9	197	11	210	16
86	426	85	426	86	432	92
148	322	46	320	48	320	46	313	45	316	97	234	20	233	22
128	550	129	544	125	527	120	531	141	515	116	508	115	401	72	392	68	376	60	367	58	368	62
29	262	35	266	30	268	86	426	85	426	86	432	92
80	414	79	413	78	411	77	301	39	278	32	276	34	287	37	295	38	298	162	599	166	594	160	591	163	200	9	194	8	194	9	197	11	210	16
33	281	36	292	56	359	64	378	61	379	69	395	127	543	125	545	136	551	128	481	109	478	110
62	338	52	339	142	507	114	505	131	534	121
132	557	131	534	121	474	107	477	134	560	139
157	579	151	579	157	585	156	576	150	441	89	424	84	191	7	186	6	187	9	199	27	181	4	174	2	176	16
155	584	158
34	276	32	278	39	301	77	412	82	412	77	411	78	413	79	415	81
34	287	37	295	38	298	162	587	159	586	161	595	164	255	25	243	22	233	20
61	378	64	359	56	292	36	281	33
70	350	54	347	58	368	62
62	371	59	374	104
55	352	61	363	57	247	23	237	21	238	99
16	216	13	211	12	202	10	204	24	251	56	359	64	353	55
62	334	51	336	66	375	60	351	55	352	61
110	485	112	495	130	533	121	534	131	557	132	558	142
61	378	64	359	56	292	36	259	28	258	31	272	34
136	561	140	562	138	457	99	453	97	316	45	313	46	320	48	320	46	322	148	322	46	320	48	327	49	328	73	404	144
62	334	51	333	58	341	53	304	41	284	33	271	31	272	34
8	195	10	206	164	253	24	244	23	248	117	519	136	482	109
53	340	54	346	55	352	61	363	57	247	23	241	22	214	12	207	11	210	16
62	334	51	333	58	341	53	304	41	284	33	271	31
138	240	21	232	20	233	22	203	10	195	8	194	9	200	163
55	353	64	359	56	362	161	597	166	439	88	438	92
61	352	55	351	60	367	58	368	62
6	186	7	192	90	422	83
85	426	86	268	30	266	35	262	29	262	35	286	34
34	265	30	268	86	432	92
53	340	54	346	55	352	61	363	57	366	117
8	195	10	206	164	253	24	244	23	247	57	363	61
53	340	54	346	55	353	64	359	56	251	24	204	10	195	8
92	432	86	268	30	265	34
148	322	46	313	45	316	97	453	99	457	138
141	357	55	351	60	376	68	389	67	337	51	334	62	371	59	374	104	460	101
132	557	131	535	122	467	106	465	118
131	534	121	474	107	472	112
19	229	20	233	22
34	287	37	295	38	298	162	599	166	594	160	591	163	200	9	194	8	194	9	197	11	210	16
154	581	153	578	151	577	152	580	155	584	158
61	363	57	247	23	237	21	232	20	229	19	222	16
148	322	46	320	48	320	46	313	45	316	97	453	99	457	138	562	140	561	136	554	129	521	118
16	221	17	223	18	227	45	313	46
62	338	52	330	50	332	71	397	72	402	123	538	137	559	133	470	106	465	118	523	139	489	110	478	109	479	111	456	99	453	97	316	45	313	46
46	313	45	316	97	453	99	456	111	479	109	478	110	489	139	523	118	465	106	470	133	559	137	538	123	402	72	377	60	367	58	368	62
2	175	5	183	11	207	12	214	22	241	23	247	57	363	61	352	55	351	60	376	68	376	60	367	58	368	62
65	349	54	346	55	354	69	394	120	466	106	465	118
119	516	117	248	23	245	25	249	24	252	161	586	159	587	162	298	38	288	34
33	281	36	292	56	359	64	378	61	379	69	395	127	543	125	545	136	551	128	481	109	478	110
70	355	55	354	69	394	120	529	129	550	128	481	109	478	110
34	276	32	278	39	299	42	307	44	312	94	345	53	344	93	383	63	382	62
141	357	55	346	54	347	58	368	62
33	281	36	293	70	355	55
3	178	16	210	11
101	460	104	463	105	447	95	445	94	312	44	303	41	284	33	271	31	272	34
16	184	5	185	27	199	9	187	6
138	562	140	561	136	545	125	527	120	531	141	515	116	508	115	356	55	346	54	347	58	368	62
26	246	23	248	117	519	136	482	109
144	405	74	406	146	567	145	225	17	179	3	173	2
149	172	1	169	2	175	5	182	9	187	6
62	334	51	333	58	341	53	343	65	386	70	360	56	362	161	596	165	593	160
139	483	109	484	140	525	119	516	117	239	21	232	20	213	12	212	14	218	16
34	287	37	295	38	298	162	599	166	594	160	591	163	200	9	194	8	194	9	197	11	210	16	176	2	169	1	172	149	574	147	571	146	406	74	405	144
157	583	153	582	156	576	150	441	89	440	91	435	87	436	92	438	88	439	166	603	165
148	569	145	225	17	179	3	178	16	210	11	208	13	211	12	214	22	241	23	247	57	363	61	352	55	351	60	367	58	368	62
139	523	118	465	106	467	122	535	131	505	114	507	142
132	502	113	399	72	401	115	380	61	363	57	366	117
62	338	52	330	50	332	71	398	114	498	113	501	131	534	121	474	107	477	134	487	110
44	303	41	306	70	385	64	353	55	354	69	394	120	530	136
44	303	41	306	70	355	55	352	61
125	517	117	248	23	244	24	252	161	596	165
62	338	52	330	50	332	71	397	72	402	123	538	137	537	122	467	106	465	118
85	426	86	432	92
2	175	5	182	9	196	10
55	355	70	293	36	281	33
92	432	86	268	30	265	34	276	32	278	39	301	77	412	82	412	77	411	78	413	79	414	80
2	177	17	223	18	226	19	231	97
11	197	9	200	163
154	581	153	578	151	577	152	577	151	578	153	583	157	585	156	576	150	441	89	424	84	191	7	186	6	187	9	199	27	181	4	174	2	176	16
62	338	52	330	50	332	71	397	72	401	115
4	181	27	199	9	187	6	186	7	193	163	591	160	594	166	599	162	587	159	294	36	281	33
78	411	77	301	39	278	32	276	34	287	37	295	38	298	162	587	159	586	161	595	164	255	25	243	22	233	20
120	466	106	467	122	499	113	502	132
75	408	143	563	146	565	144	566	148	322	46	320	48	320	46	313	45	316	97	234	20
2	176	16	219	15	220	19	229	20	232	21	239	117	516	119	525	140	561	136	554	129	521	118
136	554	129	521	118	465	106	470	133	559	137	538	123	402	72	377	60	367	58	368	62
118	523	139	489	110	478	109	479	111	456	99
16	210	11	207	12	214	22	241	23	247	57	363	61	352	55	351	60	376	68	389	67	337	51	334	62
16	216	13	211	12	214	22	241	23	247	57	363	61	352	55	351	60	376	68	376	60	367	58	368	62
148	322	46	320	48	323	47	326	98	449	96	451	100	458	111	479	109	478	110	487	134	522	118
132	558	142	339	52	330	50	331	67	337	51	333	58	341	53	304	41	284	33	271	31	272	34
62	338	52	330	50	332	71	397	72	399	113	499	122	467	106	469	129
110	478	109	482	136	545	125	543	127	395	69
43	280	32	275	33	284	41	306	70	355	55
34	286	35	262	29
16	210	11	197	9	194	8	194	9	200	163	591	160	594	166	599	162	587	159	294	36	259	28	261	40	283	33	284	41	303	44
42	307	44	312	94	445	95	447	105	461	101
8	195	10	206	164	206	10	202	12	213	20	235	99
139	483	109	482	136	545	125	517	117	248	23	244	24	252	161	597	166	439	88	438	92	436	87	435	91	440	89	441	150	576	156	582	153	583	157
129	539	124	512	116	508	115	356	55	346	54	340	53	344	93	442	95
62	334	51	333	58	341	53	304	41	284	33
34	287	37	295	38	298	162	599	166	594	160	591	163	200	9	194	8	194	9	197	11	210	16
46	313	45	230	19	229	20	233	22
8	195	10	206	164	601	165	598	162	587	159	294	36	281	33
101	460	104	463	105	447	95	445	94	417	79	413	78
78	411	77	308	42	302	41	305	65	349	54	346	55	356	115	508	116	513	133	536	122	532	121
78	413	79	311	44	310	53	341	58	368	62
101	373	59	371	62	368	58	347	54	346	55	352	61
42	302	41	306	70	355	55
101	460	104	384	63	342	53	310	44
82	412	77	411	78
62	338	52	330	50	332	71	398	114	498	113	501	131	534	121	474	107	477	134	560	139
165	598	162	298	38	288	34	286	35	262	29
125	527	120	394	69	393	115	509	123	402	72	377	60	367	58	368	62
132	558	142	339	52	330	50	331	67	337	51	333	58	341	53	304	41	284	33
132	557	131	534	121	474	107	477	134	560	139
120	394	69	354	55
16	219	15	220	19	229	20	235	99	456	111	491	135	497	112	494	121	534	131	557	132
132	506	114	398	71	332	50	330	52	338	62
139	523	118	465	106	468	124	512	116	508	115	356	55	346	54	340	53	310	44
16	216	13	211	12	214	22	241	23	247	57	363	61	352	55	351	60	376	68	376	60	367	58	368	62
164	253	24	251	56	360	70	350	54	347	58	333	51	334	62
94	312	44
78	411	77	301	39	282	33	281	36	292	56
20	233	22	243	25	255	164	595	161	586	159	587	162	587	159	294	36	259	28	261	40	283	33	284	41	303	44
101	373	59	372	63	335	51	337	67	331	50	332	71	397	72	399	113
2	176	16	219	15	220	19	229	20	232	21	239	117	516	119	525	140	561	136	554	129	521	118
149	172	1	169	2	175	5	182	9	187	6
2	177	17	223	18	227	45	313	46
158	584	155	580	152	577	151	578	153	581	154	429	85	428	91	435	87	436	92
2	169	1	167	0	167	1	169	2	175	5	182	9	187	6	186	7	191	84	424	89	441	150	576	156	582	153	583	157
22	242	24	252	161	586	159	587	162	587	159	294	36	259	28	261	40	283	33	284	41	303	44
62	371	59	374	104	463	105	447	95	445	94	417	79	413	78
16	210	11	197	9	194	8	194	9	200	163	591	160	594	166	599	162	298	38	288	34
157	583	153	582	156	576	150	441	89	440	91	435	87	436	92	438	88	439	166	597	161	252	24	250	26	246	23	248	117	517	125	545	136	551	128	552	139
62	338	52	330	50	332	71	398	114	498	113	501	131	534	121	474	107	477	134	560	139
16	221	17	223	18	227	45	313	46
165	588	159	361	56	359	64	353	55	354	69	393	115	401	72	399	113	501	131
20	235	99	453	97	453	99	457	138	562	140	561	136
62	334	51	336	66	375	60	351	55	352	61	363	57	247	23	241	22
101	460	104	374	59	371	62
82	309	43	300	39	278	32	276	34	287	37	295	38	298	162	599	166	594	160	591	163	200	9	197	11	210	16
136	530	120	531	141	515	116	508	115	401	72	392	68	389	67	337	51	334	62
33	271	31	258	28	259	36	294	159	586	161	595	164	255	25	243	22	233	20	235	99
164	253	24	244	23	248	117	519	136
2	177	17	223	18	226	19	229	20	235	99
110	485	112	495	130	533	121	534	131	557	132
53	344	93	444	105
78	411	77	308	42	302	41	306	70	355	55	357	141
131	534	121	474	107	477	134	487	110
92	432	86	433	162	598	165
132	502	113	503	137	514	116	515	141	531	120	527	125	517	117	239	21	232	20	213	12	212	14	218	16	176	2
132	558	142	339	52	338	62
33	284	41	303	44
11	201	10	204	24	249	25	249	24	249	25	254	26	250	24	244	23	247	57	364	64	385	70	350	54	348	60	367	58	333	51	334	62
163	591	160	593	165
165	588	159	361	56	359	64	378	61	379	69	396	141	542	124	468	106	465	118
44	303	41	306	70	360	56	362	161	595	164	255	25	243	22	233	20	235	99
165	593	160	591	163	200	9	194	8	194	9	197	11	210	16	176	2	169	1	172	149	570	145	567	146	565	144
2	177	17	223	18	226	19	229	20	235	99
97	453	99	456	111	491	135	497	112
55	351	60	377	72	399	113	502	132
81	415	79	413	78
144	404	73	328	49	327	48	320	46	322	148	322	46	320	48	320	46	313	45	316	97	234	20	232	21	237	23	247	57	363	61	352	55
60	377	72	399	113	499	122	532	121
44	312	94	445	95	446	101
10	196	9	182	5	175	2
92	438	88	439	166	597	161	362	56	359	64	353	55
62	338	52	330	50	332	71	398	114	498	113	501	131	534	121	474	107	477	134	560	139
136	561	140	525	119	516	117	239	21	232	20	213	12	212	14	218	16	176	2
136	554	129	521	118	465	106	467	122	535	131	505	114	507	142
162	587	159	361	56	358	57	363	61
138	562	140	553	128	481	109	478	110
148	569	145	225	17	179	3	178	16
16	216	13	211	12	214	22	241	23	247	57	363	61	352	55	351	60	376	68	376	60	367	58	368	62
60	348	54	349	65	305	41	302	42	308	77	411	78	411	77	412	82
110	478	109	479	111	456	99	453	97	316	45	313	46	320	48	320	46	322	148	322	46	320	48	327	49	328	73	404	144
78	411	77	412	82	420	81
78	411	77	412	82
128	553	140	562	138	457	99
26	250	24	204	10	195	8
78	413	79	414	80
78	411	77	308	42	302	41	306	70	385	64	378	61	379	69	395	127	543	125	545	136	551	128	552	139
110	478	109	482	136	545	125	517	117	366	57
109	482	136	519	117	518	127	395	69	354	55
78	413	79	417	94	345	53	344	93	383	63	382	62	338	52	330	50	330	52	339	142	558	132
157	583	153	582	156	576	150	441	89	440	91	435	87	436	92	432	86	268	30	265	34	272	31	271	33	284	41	303	44
44	303	41	304	53	341	58	368	62
101	460	104	384	63	342	53	304	41	302	42	285	33	283	40	261	28	259	36	294	159	588	165
26	246	23	248	117	517	125	544	129	521	118
138	457	99	450	96	315	45	313	46
62	338	52	339	142	558	132	557	131	534	121	474	107	477	134
22	214	12	211	13	208	11	210	16	221	17	225	145	569	148
78	411	77	412	82
70	350	54	348	60	377	72	399	113	499	122	532	121
118	465	106	467	122	535	131	557	132	558	142	339	52	338	62
62	334	51	336	66	375	60	351	55	352	61	363	57	247	23	241	22	214	12	207	11	210	16
138	562	140	484	109	481	128	552	139	560	134	477	107	474	121	534	131	557	132
62	334	51	336	66	375	60	351	55	352	61	363	57	247	23	241	22
128	553	140	562	138	457	99	453	97	316	45	313	46	322	148
62	334	51	336	66	375	60	351	55	352	61	363	57	247	23	241	22	203	10	195	8
22	241	23	247	57	363	61	352	55	351	60	376	68	376	60	367	58	368	62
99	450	96	315	45	313	46
118	465	106	467	122	535	131	557	132	558	142	339	52	338	62
61	378	64	359	56	292	36	281	33
139	523	118	465	106	470	133	559	137	538	123	402	72	392	68	376	60	367	58	368	62
110	487	134	522	118	465	106	468	124	512	116	508	115	356	55	346	54	340	53	344	93
101	460	104	384	63	342	53	343	65	305	41	291	36
55	354	69	394	120	530	136
2	175	5	183	11	207	12	214	22	241	23	247	57	363	61	352	55	351	60	376	68	376	60	367	58	368	62
22	236	21	239	117	519	136	551	128	552	139	560	134
46	313	45	316	97	453	99	457	138	562	140	561	136	545	125	527	120	531	141
92	438	88	437	90	422	83	190	7	186	6	187	9	199	27	181	4	174	2	176	16
118	465	106	468	124	512	116	508	115	356	55	346	54	349	65	305	41	303	44	311	79	413	78
165	596	161	257	26	246	23	248	117	517	125	545	136	551	128	552	139
33	275	32	276	34	287	37	295	38	298	162	599	166	594	160	591	163	200	9	197	11
62	338	52	330	50	332	71	398	114	498	113	501	131	534	121	474	107	477	134	560	139
92	436	87	435	91
34	276	32	278	39	299	42	307	44	312	94	345	53	344	93	383	63	382	62
62	338	52	330	50	332	71	398	114	498	113	501	131	534	121	533	130	495	112	497	135	488	110	478	109	479	111	456	99	453	97
165	603	166	439	88	438	92	436	87	435	91	440	89	441	150	576	156	582	153	578	151	577	152
139	483	109	484	140	525	119	516	117	239	21	236	22	203	10	195	8
8	195	10	206	164	253	24	244	23	248	117	517	125	545	136	551	128	552	139
20	213	12	202	10	206	164	595	161	586	159	587	162	298	38	288	34
165	593	160	591	163	193	7	186	6	187	9	199	27	181	4	174	2
136	519	117	516	119	516	117	239	21	232	20	213	12	212	14	218	16
139	483	109	484	140	525	119	516	117	239	21	232	20	213	12	212	14	218	16	176	2
141	357	55	353	64	359	56	256	26	257	161	596	165
74	405	144	410	76	407	75
92	438	88	431	86	297	38	295	37	260	28	259	36
55	353	64	359	56	251	24	204	10	201	11	210	16
78	413	79	311	44	303	41	305	65	349	54	346	55	356	115	508	116	512	124	468	106	464	107	477	134	487	110
136	519	117	366	57	364	64	359	56	292	36	290	40	274	31	272	34
99	450	96	315	45	313	46
78	411	77	308	42	302	41	306	70	355	55
165	596	161	257	26
82	309	43	280	32	276	34
92	432	86	268	30	265	34
62	334	51	333	58	341	53	304	41	284	33
136	554	129	521	118	465	106	467	122	535	131	557	132
132	502	113	499	122	467	106	465	118
8	194	9	197	11	210	16
118	465	106	467	122	537	137	538	123	402	72	377	60	367	58	368	62	371	59	374	104	460	101
138	524	119	516	117	239	21	232	20	213	12	212	14	209	11
82	412	77	411	78	413	79	311	44	303	41	305	65	349	54	346	55	356	115	508	116	512	124	468	106	464	107	477	134	560	139
62	334	51	333	58	341	53	304	41	284	33
36	292	56	358	57	363	61
62	371	59	374	104	463	105	447	95	445	94	417	79	413	78	413	79	414	80
96	315	45	313	46	320	48	320	46	322	148	322	46	320	48	327	49	328	73	404	144
138	524	119	525	140	484	109	481	128	552	139	560	134	477	107	474	121
16	219	15	220	19	229	20	232	21	239	117	517	125	527	120	531	141	515	116	514	137	503	113	502	132
165	588	159	361	56	358	57	366	117	519	136	482	109
109	484	140	562	138	457	99	453	97	316	45	313	46	322	148
53	340	54	346	55	356	115	508	116	512	124	468	106	464	107	477	134	487	110
118	521	129	554	136	561	140	525	119	516	117	239	21	232	20	213	12	212	14	218	16	176	2
148	569	145	225	17	179	3	178	16	210	11	197	9	194	8
22	241	23	247	57	363	61	352	55	351	60	376	68	376	60	367	58	368	62
120	526	124	541	137	538	123	402	72	377	60	367	58	368	62
16	219	15	220	19	229	20	232	21	239	117	517	125	527	120	531	141	515	116	514	137	503	113	498	114	507	142
136	554	129	521	118	465	106	467	122	535	131	557	132	558	142	339	52	338	62
99	235	20	232	21	237	23	247	57	363	61	352	55	351	60
78	411	77	301	39	278	32	276	34	287	37	295	38	298	162	598	165
44	303	41	306	70	355	55	354	69	395	127	518	117	519	136	482	109
33	284	41	304	53	344	93
157	579	151	579	157	585	156	576	150	441	89	424	84	425	90	422	83	423	163	200	9	198	12	213	20
62	338	52	330	50	332	71	398	114	498	113	501	131	534	121
62	338	52	330	50	332	71	398	114	498	113	501	131	534	121	474	107	477	134	560	139
110	485	112	495	130	533	121	534	131	557	132	558	142	339	52	338	62
139	483	109	482	136	545	125	543	127	395	69	379	61	378	64	359	56	292	36	259	28	258	31	273	37	295	38	267	30
62	334	51	336	66	375	60	351	55	352	61	363	57	247	23	241	22	214	12	207	11	210	16
118	521	129	554	136	545	125	517	117	239	21	236	22
144	565	146	571	147	574	149	172	1	167	0	167	1	169	2	175	5	182	9	187	6	186	7	190	83	422	90	437	88	438	92
34	276	32	278	39	300	43	309	82	420	81
78	411	77	308	42	302	41	306	70	385	64	378	61	379	69	395	127	543	125	545	136	551	128	552	139
26	246	23	248	117	519	136
62	334	51	336	66	375	60	351	55	352	61	363	57	247	23	241	22	214	12	198	9	182	5	175	2
34	265	30	268	86	432	92	436	87	435	91	428	85	429	154	581	153	578	151	577	152	580	155	584	158
165	588	159	294	36	293	70	355	55
134	477	107	464	106	468	124	512	116	515	141	396	69	379	61	352	55
8	195	10	206	164	206	10	203	22	236	21	239	117	517	125	545	136	551	128	481	109	478	110
142	507	114	400	72	401	115	510	141
6	187	9	194	8	195	10	204	24	244	23	247	57	364	64	385	70	350	54	348	60	367	58	333	51	334	62
165	593	160	591	163	193	7	186	6
91	435	87	436	92
34	276	32	278	39	299	42	307	44	312	94	345	53	344	93	383	63	382	62
128	550	129	529	120	528	127	395	69	379	61	378	64	359	56	292	36	259	28	258	31	272	34
46	313	45	227	18	226	19	222	16	210	11	183	5	180	4
148	569	145	570	149	172	1	167	0	167	1	169	2	175	5	182	9	187	6	186	7	193	163	591	160	593	165
131	501	113	399	72	377	60	348	54	340	53	310	44
101	460	104	463	105	444	93	344	53	340	54	346	55	352	61	363	57	247	23	241	22
34	272	31	274	40	290	36	293	70	355	55
62	371	59	373	101
33	284	41	303	44	312	94	445	95
95	442	93	344	53	340	54	346	55	354	69	395	127	518	117	519	136	482	109
11	197	9	194	8	194	9	200	163	591	160	594	166	599	162	587	159	294	36	259	28	261	40	283	33	284	41	303	44
49	327	48	320	46	322	148	569	145	225	17	179	3	178	16
33	281	36	292	56	359	64	378	61	379	69	395	127	543	125	545	136	551	128	552	139
165	603	166	439	88	438	92	436	87	435	91	428	85	429	154	581	153	578	151	577	152	580	155	584	158
78	411	77	301	39	278	32	276	34	287	37	295	38	298	162	587	159	586	161	595	164	255	25	243	22	233	20
62	338	52	330	50	332	71	398	114	498	113	501	131	534	121	474	107	477	134	487	110
64	353	55	351	60	377	72	399	113	499	122	475	107	472	112	495	130
110	478	109	482	136	545	125	517	117
81	420	82	420	81	415	79	413	78
33	281	36	292	56	359	64	364	57	366	117	519	136
110	487	134	522	118	465	106	470	133	559	137	538	123	402	72	392	68	389	67	337	51	334	62	371	59	374	104	460	101
6	186	7	190	83
34	272	31	274	40	290	36	292	56	358	57	366	117	519	136	482	109
118	523	139	489	110	478	109	479	111	456	99	453	97	316	45	313	46	322	148
8	194	9	200	163	591	160	593	165	598	162	298	38	288	34
34	265	30	268	86	432	92	436	87	435	91	440	89	441	150	576	156	582	153	583	157
44	303	41	306	70	360	56	362	161	595	164	206	10	195	8	194	9	197	11	210	16
34	276	32	278	39	299	42	307	44	312	94	445	95	447	105	461	101
110	478	109	479	111	456	99	453	97	316	45	313	46	322	148
125	527	120	526	124	541	137	538	123	402	72	377	60	367	58	368	62
25	205	10	201	11	210	16
132	557	131	534	121	474	107	477	134	487	110
137	514	116	515	141	549	127	518	117	239	21	232	20
34	265	30	268	86	432	92	436	87	435	91	440	89	441	150	576	156	582	153	578	151	577	152	580	155
132	557	131	534	121	474	107	472	112
16	219	15	220	19	229	20	232	21	239	117	516	119	525	140	546	125	544	129	521	118
131	557	132	558	142	339	52	330	50	331	67	337	51	333	58	341	53	310	44	311	79	413	78
62	338	52	330	50	332	71	398	114	498	113	501	131	535	122	467	106
157	583	153	582	156	576	150	441	89	440	91	435	87	436	92
74	406	146	567	145	225	17	179	3	178	16
46	313	45	316	97	453	99	456	111	479	109	478	110	487	134
62	338	52	330	50	332	71	398	114	498	113	501	131	534	121	474	107	477	134
82	412	77	411	78
101	460	104	463	105	444	93	344	53	340	54	346	55	352	61	363	57	247	23	241	22
109	484	140	525	119	516	117	239	21	232	20	213	12	212	14	218	16
29	262	35	286	34
139	483	109	482	136	545	125	543	127	395	69	379	61
131	557	132	558	142	339	52	338	62	371	59	373	101	446	95
101	373	59	372	63	342	53	304	41	284	33
142	507	114	498	113	503	137	514	116	515	141	531	120	527	125	517	117	239	21	232	20	213	12	212	14	218	16
138	524	119	516	117	517	125	527	120	531	141	515	116	514	137	503	113	498	114	507	142
80	414	79	413	78	413	79	311	44	303	41	305	65	349	54	346	55	356	115	508	116	512	124	468	106	464	107	477	134	487	110
148	322	46	320	48	320	46	313	45	316	97	453	99	457	138	492	111	479	109
129	469	106	467	122	499	113	399	72	392	68	389	67	337	51	334	62	371	59	374	104	460	101
132	502	113	503	137	514	116	515	141	531	120	527	125	517	117	239	21	232	20	213	12	212	14	218	16	176	2
121	533	130	495	112	497	135	488	110	478	109	479	111	456	99	453	97	316	45	313	46	320	48	320	46	322	148	322	46	320	48	327	49	328	73	404	144
62	338	52	330	50	332	71	398	114	498	113	501	131	534	121	474	107	477	134	560	139
140	525	119	516	117	248	23	245	25	249	24	252	161	596	165	598	162	433	86	432	92
139	483	109	482	136	545	125	517	117	248	23	244	24	252	161	597	166	439	88	438	92	436	87	435	91	440	89	441	150	576	156	582	153	583	157
46	313	45	316	97	453	99	457	138	562	140	553	128	552	139
136	554	129	521	118	465	106	470	133	559	137	538	123	402	72	392	68	389	67	337	51	334	62	371	59	374	104	460	101
83	423	163	200	9	194	8	194	9	197	11	210	16	221	17	223	18	227	45	316	97
19	230	45	315	96
34	287	37	295	38	298	162	599	166	594	160	591	163	200	9	197	11	210	16
78	411	77	308	42	302	41	305	65	349	54	346	55	356	115	508	116	512	124	468	106	471	134
34	287	37	295	38	298	162	599	166	600	163	200	9	194	8
144	410	76
157	579	151	577	152	580	155
144	565	146	571	147	574	149	172	1	167	0	167	1	169	2	175	5	182	9	187	6	187	9	196	10	206	164
62	338	52	330	50	332	71	397	72	401	115	508	116	515	141	531	120	530	136
157	579	151	577	152	580	155	584	158
33	285	42	302	41	304	53	341	58	368	62
34	272	31	274	40	290	36	293	70	350	54	346	55	356	115	508	116	512	124	468	106	465	118
136	561	140	562	138	457	99	453	97
165	593	160	591	163	200	9	194	8	194	9	197	11	210	16	221	17	223	18	227	45	313	46
12	213	20	232	21	239	117	517	125	545	136	551	128	481	109	478	110
80	414	79	413	78	411	77	301	39	282	33
62	338	52	330	50	332	71	397	72	401	115	508	116	515	141	531	120	530	136
142	507	114	505	131	534	121	474	107	477	134	560	139
109	481	128	550	129	521	118	465	106	467	122	499	113	502	132
33	281	36	292	56	358	57	366	117	519	136
66	375	60	351	55	356	115	508	116	512	124	468	106	471	134
110	478	109	479	111	456	99	450	96	315	45	313	46
33	271	31	272	34	286	35	262	29
66	370	58	347	54	350	70	360	56	251	24	204	10	201	11	210	16
78	411	77	308	42	302	41	306	70	385	64	353	55	354	69	394	120	530	136
148	569	145	225	17	179	3	173	2
46	313	45	316	97	453	99	456	111	479	109	478	110	487	134	522	118
70	350	54	347	58	333	51	334	62
92	438	88	439	166	597	161	257	26	246	23	248	117	519	136
165	588	159	361	56	359	64	353	55	354	69	396	141	542	124	468	106	465	118
131	501	113	399	72	401	115	380	61	363	57	247	23	241	22
16	210	11	201	10	206	164	601	165
82	412	77	411	78
121	532	122	467	106	466	120	527	125	517	117	248	23	245	25	255	164	601	165
148	322	46	320	48	323	47	326	98	449	96	451	100	458	111	479	109	478	110	488	135	488	110	488	135	497	112	495	130	533	121	534	131
165	593	160	591	163	193	7	186	6
33	281	36	292	56	358	57	366	117	519	136
20	232	21	239	117	517	125	527	120	531	141	515	116	508	115	401	72	392	68	389	67	337	51	334	62	371	59	374	104	460	101
55	346	54	349	65	305	41	302	42	308	77	411	78	413	79	414	80
62	338	52	330	50	332	71	391	68	392	72	401	115	508	116	515	141	531	120	527	125	517	117	239	21	232	20
78	411	77	412	82
139	523	118	465	106	468	124	512	116	508	115	356	55	346	54	349	65	305	41	303	44	311	79	413	78	411	77	412	82
34	265	30	268	86	432	92	436	87	435	91	428	85	429	154
139	483	109	484	140	525	119	516	117	239	21	232	20	213	12	198	9	194	8
165	593	160
92	436	87	435	91	428	85	429	154	581	153	578	151	577	152	580	155	584	158
140	561	136	545	125	527	120	531	141	515	116	508	115	356	55	346	54	347	58	368	62
16	219	15	220	19	229	20	232	21	239	117	516	119	525	140	553	128	481	109	478	110
104	384	63	342	53	310	44	311	79	413	78
118	465	106	467	122	535	131	557	132	558	142	339	52	338	62
144	404	73	328	49	327	48	320	46	322	148	322	46	320	48	323	47	326	98	449	96	451	100	458	111	479	109	478	110
132	502	113	503	137	514	116	515	141	531	120	527	125	517	117	239	21	232	20	213	12	212	14	218	16
141	357	55	351	60	376	68	389	67	337	51	334	62	371	59	374	104	460	101
6	187	9	182	5	175	2	169	1	172	149
62	334	51	333	58	341	53	304	41	284	33
92	438	88	437	90	422	83
165	596	161	362	56	359	64	378	61	379	69	393	115	401	72	399	113	502	132
157	585	156	576	150	441	89	424	84	191	7	186	6	187	9	199	27	181	4	174	2	176	16
62	338	52	330	50	332	71	398	114	498	113	501	131	534	121	474	107	477	134
136	561	140	525	119	516	117	239	21	232	20	213	12	212	14	218	16
62	334	51	333	58	341	53	310	44	307	42	299	39	278	32	276	34
132	502	113	503	137	514	116	515	141	531	120	527	125	517	117	248	23	245	25	255	164	601	165
139	523	118	465	106	467	122	535	131	557	132	558	142	339	52	338	62
16	216	13	211	12	214	22	241	23	247	57	363	61	352	55	351	60	376	68	376	60	367	58	368	62
62	334	51	336	66	375	60	351	55	352	61	363	57	247	23	241	22	214	12	198	9	182	5	175	2
78	411	77	301	39	278	32	276	34	287	37	295	38	298	162	599	166	594	160	591	163	200	9	197	11	210	16
96	448	97	234	20	233	22	243	25	255	164	595	161	586	159	587	162	587	159	294	36	259	28
78	411	77	301	39	278	32	270	31	273	37
141	531	120	530	136	482	109
62	334	51	336	66	375	60	351	55	352	61	363	57	247	23	241	22	214	12	211	13	208	11	210	16	176	2	169	1	172	149	570	145	567	146	565	144
2	175	5	182	9	196	10	204	24	250	26	256	56	359	64	385	70	350	54	340	53	344	93	444	105	461	101
110	487	134	522	118	465	106	468	124	512	116	508	115	356	55	346	54	349	65	305	41	303	44
2	175	5	182	9	194	8	194	9	200	163	591	160	594	166	599	162	298	38	288	34
22	233	20	235	99	456	111	491	135	497	112	494	121
97	448	96	449	98	317	45	313	46	320	48	320	46	322	148	322	46	320	48	327	49	329	76	410	144	405	74
99	456	111	479	109	478	110	488	135	497	112	495	130	533	121	534	131	557	132
62	338	52	330	50	332	71	398	114	498	113	501	131	535	122	467	106
16	210	11	197	9	200	163
117	239	21	236	22	203	10	195	8	194	9	200	163
157	585	156	576	150	441	89	424	84	425	90	437	88	438	92	438	88	439	166	603	165
62	371	59	374	104	463	105	447	95	445	94	417	79	413	78	411	77	412	82
144	404	73	328	49	327	48	323	47	324	96	450	99
11	208	13	211	12	214	22	241	23	247	57	363	61	352	55
34	272	31	274	40	290	36	292	56	359	64	378	61	379	69	395	127	543	125	545	136	551	128	552	139
148	569	145	570	149	172	1	169	2	175	5	182	9	187	6
144	404	73	328	49	327	48	320	46	322	148	322	46	320	48	323	47	326	98	449	96	451	100	458	111	479	109	478	110
55	352	61
16	221	17	223	18	227	45	313	46
139	523	118	465	106	468	124	512	116	508	115	356	55	346	54	349	65	305	41	303	44	311	79	413	78
20	232	21	239	117	517	125	527	120	531	141	515	116	508	115	401	72	392	68	376	60	367	58	368	62
144	404	73	328	49	327	48	323	47	325	97	234	20	233	22
16	219	15	220	19	229	20	232	21	239	117	517	125	527	120	531	141	515	116	514	137	503	113	502	132
142	339	52	338	62	334	51	336	66	375	60	351	55
34	276	32	278	39	299	42	307	44	310	53	341	58	333	51	337	67	331	50	330	52	339	142	507	114	505	131
165	603	166	439	88	438	92	436	87	435	91	440	89	441	150	576	156	582	153	578	151	577	152	580	155
165	593	160	591	163	193	7
101	446	95
33	284	41	304	53	341	58	368	62
101	460	104	463	105	444	93	344	53	304	41	302	42
44	303	41	305	65	349	54	346	55	356	115	508	116	512	124	468	106	465	118
20	234	97	316	45	313	46	320	48	320	46	322	148	322	46	320	48	327	49	328	73	404	144
139	483	109	484	140	525	119	516	117	239	21	232	20	213	12	212	14	218	16	176	2
78	411	77	308	42	302	41	305	65	349	54	346	55	356	115	508	116	512	124	468	106	464	107	477	134
62	334	51	333	58	341	53	343	65	386	70	360	56	361	159	588	165
101	460	104	463	105	444	93	344	53	304	41	284	33
2	176	16	219	15	220	19	229	20	232	21	239	117	516	119	525	140	484	109	483	139
144	405	74	406	146	571	147	574	149	172	1	167	0	167	1	169	2	175	5	182	9	187	6	187	9	196	10	206	164
6	187	9	194	8	195	10	205	25	249	24	244	23	247	57	364	64	385	70	350	54	348	60	367	58	333	51	334	62
131	501	113	399	72	377	60	348	54	350	70	293	36
8	194	9	200	163	591	160	594	166	599	162	298	38	288	34
55	356	115	508	116	512	124	468	106	464	107	477	134	487	110
165	588	159	294	36	259	28	261	40	283	33	282	39	301	77	411	78
16	219	15	220	19	229	20	232	21	239	117	518	127	549	141
83	190	7	189	9	197	11
110	478	109	482	136	545	125	543	127	395	69	379	61	378	64	359	56	292	36	290	40	274	31	272	34
121	474	107	477	134	560	139	483	109	484	140	525	119	516	117	239	21	232	20	213	12	212	14	218	16	176	2
78	413	79	311	44	310	53	342	63	384	104
157	583	153	582	156	576	150	441	89	440	91	435	87	436	92	438	88	439	166	597	161	362	56	359	64	353	55
165	598	162	587	159	294	36	259	28	261	40	283	33	285	42	302	41	304	53	341	58	368	62
61	378	64	385	70	306	41	302	42	308	77	411	78
46	313	45	316	97	453	99	456	111	479	109	478	110	489	139	523	118	465	106	470	133	559	137	538	123	402	72	392	68	376	60	367	58	368	62
131	501	113	500	123	511	116	508	115	356	55	346	54	340	53	304	41	284	33
62	334	51	336	66	375	60	351	55	352	61	363	57	247	23	241	22	214	12	207	11	210	16
132	558	142	339	52	330	50	331	67	337	51	333	58	341	53	310	44	307	42	299	39	278	32	276	34
99	456	111	479	109	478	110	489	139	523	118	465	106	470	133	559	137	538	123	402	72	392	68	376	60	367	58	368	62
125	517	117	239	21	232	20	213	12	212	14	218	16	221	17	225	145	569	148
78	411	77	308	42	302	41	306	70	385	64	353	55	354	69	394	120	527	125
34	272	31	274	40	290	36	292	56	359	64	353	55	354	69	394	120	527	125
148	322	46	320	48	320	46	313	45	316	97	453	99	457	138	492	111	479	109
2	175	5	183	11	207	12	202	10	204	24	251	56	359	64	353	55
11	210	16	176	2	169	1	172	149	570	145	567	146	565	144
101	459	102	462	103
26	246	23	247	57	363	61	380	115	401	72	399	113	501	131
92	432	86	268	30	265	34	276	32	278	39	300	43	309	82
132	502	113	499	122	467	106	465	118	521	129	544	125	546	140
6	187	9	182	5	175	2	169	1	172	149	570	145	569	148
139	483	109	482	136	545	125	543	127	395	69	379	61	378	64	359	56	292	36	290	40	274	31	272	34
78	411	77	301	39	278	32	276	34	287	37	295	38	298	162	587	159	586	161	595	164	206	10	203	22
136	519	117	516	119	516	117	239	21	236	22	203	10	195	8
165	588	159	361	56	359	64	378	61	379	69	396	141	542	124	468	106	465	118
46	313	45	316	97	453	99	457	138	524	119
20	232	21	239	117	517	125	527	120	531	141	515	116	508	115	401	72	392	68	376	60	367	58	368	62
80	414	79	413	78	411	77	301	39	282	33
130	495	112	472	107	475	122	536	133	513	116	508	115	356	55	346	54	350	70	293	36	281	33
62	334	51	336	66	375	60	351	55	352	61	363	57	247	23	241	22	214	12	207	11	210	16
136	561	140	562	138	457	99	453	97
62	334	51	336	66	375	60	351	55	352	61	363	57	247	23	241	22	214	12	207	11	210	16
82	412	77	411	78	411	77	301	39	278	32	276	34	287	37	295	38	298	162	587	159	586	161	595	164	206	10	203	22
44	303	41	291	36	292	56	358	57	366	117	517	125
6	187	9	194	8	194	9	197	11	210	16	221	17	223	18	226	19	229	20	235	99
62	338	52	330	50	330	52	339	142	558	132	557	131	535	122	467	106	465	118
53	340	54	346	55	352	61	363	57	247	23	241	22	214	12	211	13	208	11	210	16	221	17	225	145	569	148
16	210	11	197	9	194	8	194	9	200	163	423	83	422	90	437	88	438	92
33	282	39	301	77	411	78
60	351	55	354	69	394	120	530	136
140	546	125	544	129	521	118	465	106	467	122	535	131	557	132
34	265	30
30	265	34
121	532	122	467	106	466	120	394	69	379	61
139	523	118	465	106	467	122	535	131	557	132	558	142	339	52	338	62	368	58	341	53	304	41	291	36	294	159	589	166	439	88	437	90	425	84	191	7	189	9	196	10	204	24	251	56	360	70	350	54	347	58	368	62
29	262	35	266	30	268	86	426	85	429	154	581	153	578	151	577	152	580	155	584	158
92	432	86	426	85	426	86	268	30	266	35	262	29
99	450	96	315	45	313	46	320	48	320	46	322	148	566	144
81	420	82	309	43	280	32	276	34
142	339	52	338	62	334	51	336	66	375	60	351	55
132	557	131	534	121	533	130	495	112	497	135	488	110	478	109	479	111	479	109
34	276	32	278	39	299	42	307	44	312	94	345	53	344	93	383	63	382	62
34	272	31	258	28	259	36	293	70	350	54	348	60	377	72	399	113	501	131
2	175	5	185	27	199	9	200	163
78	411	77	301	39	282	33
2	176	16	219	15	220	19	229	20	232	21	239	117	516	119	525	140	553	128	552	139
64	364	57	366	117	519	136	551	128
83	423	163	200	9	194	8	194	9	197	11	210	16	221	17	223	18	227	45	316	97
139	483	109	482	136	545	125	543	127	395	69	379	61	378	64	359	56	292	36	259	28	258	31	272	34
110	478	109	482	136	545	125	517	117	248	23	245	25	249	24	252	161	586	159	587	162
136	519	117	366	57	364	64	359	56	292	36	281	33
136	561	140	525	119	516	117	239	21	232	20	213	12	212	14	218	16	210	11	197	9	187	6
150	441	89	440	91	435	87	436	92	432	86	268	30	265	34
82	412	77	411	78	413	79	417	94	345	53	344	93	383	63	382	62
34	265	30	268	86	432	92	436	87	435	91
101	446	95
125	517	117	366	57	364	64	385	70	306	41	302	42	308	77	411	78	411	77	412	82
157	583	153	582	156	576	150	441	89	440	91	435	87	436	92	438	88	439	166	597	161	595	164	255	25	243	22	233	20
109	481	128	550	129	521	118	465	106	467	122	535	131	557	132	558	142	339	52	338	62
16	210	11	197	9	194	8	194	9	200	163	591	160	594	166	599	162	587	159	294	36	259	28	261	40	283	33	282	39	301	77	411	78	413	79	414	80
165	596	161	257	26	246	23	248	117	517	125	545	136	551	128	552	139
92	438	88	439	166	597	161	362	56	359	64	353	55
118	465	106	467	122	537	137	538	123	402	72	392	68	389	67	337	51	334	62	371	59	374	104	460	101
109	483	139	523	118	465	106	467	122	535	131	557	132	558	142	339	52	338	62
132	502	113	399	72	377	60	351	55
130	495	112	494	121	532	122	537	137	514	116	508	115	356	55
99	456	111	479	109	478	110	488	135	497	112	495	130	533	121	534	131	557	132
55	353	64	359	56	362	161	597	166	439	88	438	92
136	530	120	531	141	515	116	508	115	401	72	392	68	376	60	367	58	368	62
9	194	8	194	9	200	163	423	83	422	90	437	88	438	92
6	187	9	199	27	181	4	174	2	176	16	221	17	223	18	227	45	313	46
157	585	156	576	150	441	89	424	84	191	7	186	6	187	9	199	27	181	4	174	2	176	16
101	446	95	445	94	312	44	307	42	299	39	278	32	276	34	265	30
109	484	140	525	119	516	117	239	21	232	20	213	12	212	14	218	16	176	2
22	243	25	249	24	252	161	586	159	587	162	298	38	288	34
148	322	46	320	48	327	49	328	73	404	144	404	73
62	334	51	333	58	341	53	343	65	305	41	291	36
78	411	77	308	42	302	41	306	70	385	64	378	61	379	69	395	127	543	125	517	117	516	119
141	357	55	353	64	359	56	251	24	204	10	201	11
132	557	131	534	121	533	130	495	112	497	135	488	110	478	109	479	111	456	99	453	97	316	45	313	46	322	148
136	519	117	239	21	236	22	203	10	195	8	194	9	187	6
62	338	52	330	50	332	71	397	72	399	113	499	122	536	133
34	272	31	258	28	259	36	293	70	350	54	348	60	377	72	399	113	501	131
101	460	104	384	63	382	62	338	52	330	50	332	71	398	114	498	113	501	131	534	121	533	130	495	112	497	135	488	110	478	109	479	111	456	99	453	97
99	235	20	213	12	212	14	218	16	176	2
85	426	86	432	92
128	553	140	562	138	457	99	453	97	316	45	313	46
55	352	61	363	57	247	23	237	21	232	20
61	363	57	247	23	237	21	232	20
34	286	35	262	29
99	235	20	213	12	212	14	218	16	176	2
136	530	120	531	141	515	116	508	115	401	72	392	68	389	67	337	51	334	62
53	340	54	346	55	356	115	508	116	512	124	468	106	464	107	477	134	487	110
160	593	165	598	162	298	38	288	34
16	210	11	201	10	206	164
44	303	41	305	65	349	54	346	55	356	115	508	116	512	124	468	106	465	118
78	411	77	301	39	278	32	276	34	287	37	295	38	298	162	587	159	586	161	257	26	246	23	237	21
144	565	146	571	147	574	149	172	1	167	0	167	1	169	2	175	5	182	9	187	6	186	7	193	163	591	160	593	165
141	531	120	466	106	464	107	477	134	487	110
125	517	117	366	57	364	64
6	187	9	196	10	203	22
85	426	86	268	30	266	35	262	29
62	338	52	330	50	332	71	398	114	498	113	501	131	534	121	474	107	477	134	560	139
1	169	2	175	5	182	9	187	6
132	558	142	339	52	330	50	331	67	337	51	333	58	341	53	304	41	284	33	271	31	272	34
131	557	132	558	142	339	52	338	62	371	59	373	101
144	410	76	409	143	168	0	167	1	169	2	175	5	182	9	187	6
141	357	55	346	54	340	53
11	207	12	202	10	204	24	251	56	359	64	353	55	351	60	376	68	376	60	367	58	368	62
2	175	5	183	11	207	12	214	22	241	23	247	57	363	61	352	55	351	60	376	68	376	60	367	58	368	62
118	465	106	467	122	535	131	557	132	558	142	339	52	338	62
157	583	153	582	156	576	150	441	89	440	91	435	87	436	92	438	88	439	166	603	165	596	161	362	56	358	57	363	61
43	280	32	276	34
62	338	52	339	142	558	132	557	131	535	122	467	106	465	118	521	129	550	128	481	109
136	530	120	531	141	515	116	508	115	401	72	392	68	389	67	337	51	334	62	371	59	374	104
157	583	153	582	156	576	150	441	89	440	91	435	87	436	92	438	88	437	90	422	83
34	287	37	295	38	298	162	587	159	586	161	595	164	206	10	203	22
16	216	13	211	12	214	22	241	23	247	57	363	61	352	55	351	60	376	68	376	60	367	58	368	62
148	322	46	313	45	316	97	453	99	457	138	562	140	561	136
34	272	31	258	28	259	36	292	56	358	57	366	117	517	125
55	346	54	347	58	368	62	338	52	339	142
110	478	109	479	111	456	99	453	97	316	45	313	46	320	48	320	46	322	148	566	144
61	363	57	247	23	241	22	203	10	201	11	210	16
62	334	51	336	66	375	60	351	55	352	61	363	57	247	23	237	21
61	363	57	247	23	241	22	203	10	195	8
110	487	134	522	118	465	106	468	124	512	116	508	115	356	55	346	54	349	65	305	41	303	44	311	79	413	78	413	79	414	80
62	338	52	330	50	332	71	397	72	402	123	538	137	537	122	467	106	465	118
101	460	104	384	63	382	62	338	52	330	50	332	71	397	72	402	123	538	137	537	122	467	106	465	118
95	442	93	344	53	343	65	386	70	360	56	362	161	595	164	206	10	195	8	194	9	197	11	210	16
44	303	41	306	70	360	56	362	161	595	164	206	10	195	8
61	379	69	394	120	466	106	464	107	477	134
61	379	69	394	120	466	106	467	122	532	121
142	339	52	338	62	334	51	333	58	341	53	310	44
128	550	129	544	125	543	127	395	69	354	55	346	54	340	53	344	93	444	105
66	375	60	351	55	352	61	363	57	247	23	241	22	214	12	207	11	210	16
101	446	95
62	338	52	330	50	332	71	397	72	402	123	538	137	537	122	467	106	465	118
53	340	54	346	55	352	61	363	57	247	23	241	22	214	12	211	13	208	11	210	16	176	2	169	1	172	149	574	147	571	146	565	144
62	371	59	373	101
99	456	111	479	109	478	110	488	135	497	112	495	130	533	121	534	131	557	132
165	603	166	439	88	438	92	432	86	426	85	426	86	268	30	266	35	262	29
158	584	155	580	152	577	151	579	157
34	265	30	268	86	432	92
81	420	82	420	81	415	79	413	78	411	77	308	42	302	41	306	70	355	55
62	338	52	330	50	330	52	339	142
76	403	73	328	49	327	48	320	46	322	148	322	46	313	45	316	97
148	569	145	570	149	172	1	167	0	167	1	169	2	175	5	182	9	187	6	186	7	193	163	591	160	594	166	599	162	587	159	294	36	281	33
165	603	166	439	88	438	92	436	87	435	91
29	264	82	412	77	411	78
2	175	5	182	9	194	8	194	9	200	163	591	160	594	166	599	162	298	38	288	34
33	271	31	258	28	259	36	294	159	586	161	595	164	206	10	195	8	194	9	197	11	210	16
62	338	52	330	50	332	71	398	114	498	113	501	131	534	121	474	107	477	134	560	139
74	405	144	410	76	407	75	408	143	564	147	574	149	172	1	170	3	178	16	219	15	220	19	229	20	232	21	239	117	516	119	516	117	517	125	544	129	521	118
104	463	105	444	93	344	53	340	54	346	55	352	61	363	57	247	23	241	22
101	373	59	372	63	342	53	343	65	386	70	360	56	362	161	595	164	206	10	195	8
34	272	31	274	40	290	36	292	56	358	57	366	117	519	136
62	338	52	330	50	332	71	397	72	402	123	538	137	537	122	467	106	465	118
33	281	36	292	56	359	64	378	61	379	69	395	127	543	125	545	136	551	128	552	139
44	310	53	341	58	333	51	337	67	331	50	330	52	339	142	558	132
33	285	42	302	41	304	53	341	58	368	62
55	351	60	377	72	399	113	499	122	532	121
157	579	151	577	152	580	155	584	158
97	234	20	213	12	202	10	206	164	601	165
34	265	30	268	86	432	92	438	88	437	90	422	83
118	465	106	468	124	512	116	508	115	356	55	346	54	349	65	305	41	303	44	311	79	413	78	413	79	414	80
165	593	160	591	163	193	7	186	6	187	9	199	27	181	4	174	2
165	588	159	294	36	259	28	261	40	283	33	282	39	301	77	411	78
62	334	51	336	66	375	60	351	55	352	61	363	57	366	117
55	354	69	394	120	466	106	465	118
34	286	35	262	29
165	598	162	587	159	294	36	259	28	261	40	283	33	285	42	302	41	304	53	341	58	368	62
132	502	113	399	72	377	60	351	55
62	334	51	336	66	375	60	351	55	352	61	363	57	247	23	241	22
101	373	59	371	62
16	221	17	223	18	227	45	313	46
83	422	90	437	88	438	92	432	86	268	30	265	34	272	31	271	33
22	243	25	249	24	252	161	586	159	587	162	298	38	288	34
121	532	122	467	106	466	120	394	69	354	55	353	64	359	56	292	36	290	40	274	31	272	34
62	338	52	330	50	330	52	339	142	558	132
44	303	41	306	70	355	55	352	61
41	306	70	355	55	352	61
101	460	104	463	105	444	93	344	53	343	65	386	70	360	56	362	161	595	164	206	10	195	8	194	9	197	11	210	16	176	2	169	1	172	149	574	147	571	146	406	74	405	144
42	302	41	306	70	360	56	362	161	595	164	255	25	243	22	233	20
118	465	106	467	122	535	131	557	132	558	142	339	52	338	62
125	543	127	395	69	354	55	353	64	385	70	306	41	303	44
55	346	54	349	65	305	41	302	42	308	77	411	78
34	276	32	280	43
61	352	55	351	60	367	58	368	62
78	411	77	308	42	302	41	306	70	385	64	378	61	379	69	395	127	543	125	545	136	551	128	552	139
142	507	114	498	113	503	137	514	116	515	141	531	120	527	125	517	117	516	119	524	138
34	265	30	268	86	432	92	436	87	435	91	440	89	441	150	576	156	582	153	583	157
142	339	52	338	62	371	59	374	104	463	105	447	95	445	94	417	79	413	78
16	210	11	201	10	206	164	601	165
139	483	109	482	136	545	125	517	117	248	23	245	25	249	24	252	161	597	166	439	88	438	92	436	87	435	91	440	89	441	150	576	156	582	153	583	157
112	494	121	534	131	557	132
132	502	113	499	122	467	106	465	118	521	129	554	136
61	352	55	351	60	367	58	368	62
6	187	9	196	10	203	22	241	23	247	57	363	61
55	352	61	363	57	247	23	237	21	238	99
153	578	151	577	152	580	155
2	175	5	185	27	199	9	187	6	186	7	190	83	422	90	437	88	438	92
164	206	10	201	11	210	16	221	17	225	145	321	46
55	356	115	508	116	512	124	468	106	464	107	477	134
99	456	111	479	109	478	110	487	134
44	310	53	341	58	368	62
82	412	77	411	78
134	477	107	464	106	470	133	559	137	538	123	402	72	377	60	367	58	368	62
2	176	16	219	15	220	19	229	20	232	21	239	117	517	125	527	120	531	141	515	116	514	137	503	113	502	132
139	523	118	465	106	467	122	535	131	557	132	558	142	339	52	338	62
62	338	52	330	50	332	71	398	114	498	113	501	131	534	121	474	107	477	134	487	110
158	584	155	580	152	577	151	579	157
34	287	37	295	38	298	162	587	159	586	161	595	164	206	10	203	22
101	373	59	371	62
2	176	16	219	15	220	19	229	20	232	21	239	117	516	119	525	140	561	136	554	129	521	118
20	213	12	202	10	195	8	194	9	200	163	423	83	422	90	425	84	424	89	441	150	576	156	582	153	583	157
125	527	120	526	124	541	137	538	123	402	72	377	60	367	58	368	62
110	478	109	479	111	456	99	453	97	316	45	313	46
64	353	55	346	54	340	53	344	93	444	105
26	246	23	248	117	519	136
92	438	88	437	90	422	83	190	7	186	6
62	334	51	333	58	341	53	304	41	284	33
165	601	164	206	10	195	8	194	9	197	11	210	16
96	315	45	230	19	222	16
33	284	41	303	44	312	94	445	95
110	485	112	495	130	556	131	557	132	558	142	339	52	338	62	368	58	341	53	304	41	291	36	294	159	589	166	439	88	437	90	425	84	191	7	189	9	196	10	204	24	251	56	360	70	350	54	347	58	368	62
95	442	93	344	53	340	54	346	55	352	61
22	236	21	239	117	517	125	545	136	551	128	552	139	560	134
78	413	79	311	44	303	41	305	65	349	54	346	55	357	141	542	124
101	460	104	384	63	382	62	338	52	330	50	332	71	398	114	498	113	501	131	534	121	474	107	477	134	487	110
165	588	159	361	56	359	64	353	55	351	60
34	276	32	280	43
144	565	146	571	147	574	149	172	1	170	3	178	16
33	271	31	258	28	259	36	294	159	586	161	595	164	206	10	195	8	194	9	197	11	210	16	176	2	169	1	172	149	570	145	567	146	565	144
83	190	7	186	6	187	9	199	27	181	4	174	2	176	16
157	579	151	577	152	580	155	584	158
118	521	129	554	136	561	140	525	119	516	117	239	21	232	20	213	12	212	14	218	16
22	243	25	249	24	252	161	596	165	603	166	439	88	438	92	436	87	435	91	428	85	429	154
165	601	164	206	10	195	8	194	9	197	11	210	16
109	482	136	545	125	543	127	395	69	354	55	353	64	359	56	292	36	259	28	258	31	272	34
2	175	5	183	11	207	12	214	22	241	23	247	57	363	61	352	55	351	60	376	68	376	60	367	58	368	62
101	460	104	463	105	447	95	445	94	312	44	307	42	299	39	278	32	276	34
157	585	156	576	150	441	89	424	84	191	7	186	6
62	338	52	330	50	332	71	398	114	498	113	499	122	532	121
110	478	109	482	136	545	125	543	127	395	69	379	61	378	64	359	56	292	36	290	40	274	31	272	34
2	169	1	172	149	570	145	567	146	565	144
46	313	45	316	97	453	99	457	138	562	140	561	136	545	125	527	120	531	141
144	565	146	571	147	574	149	172	1	167	0	167	1	169	2	175	5	182	9	187	6	186	7	193	163	591	160	593	165
148	569	145	570	149	172	1	167	0	167	1	169	2	175	5	182	9	187	6	186	7	193	163	591	160	594	166	599	162	298	38	288	34
121	532	122	467	106	465	118	521	129	554	136	561	140	562	138
136	554	129	521	118	465	106	470	133	559	137	538	123	402	72	377	60	367	58	368	62
62	334	51	333	58	341	53	304	41	302	42
157	579	151	577	152	580	155	584	158
34	276	32	278	39	301	77	412	82	412	77	411	78	413	79	414	80
16	219	15	220	19	229	20	232	21	239	117	516	119	525	140	484	109
34	287	37	295	38	298	162	587	159	586	161	257	26	246	23	248	117	516	119
78	411	77	308	42	302	41	306	70	385	64	353	55	354	69	365	57	366	117	516	119	524	138
62	334	51	336	66	375	60	351	55
20	232	21	237	23	247	57	363	61
120	394	69	354	55	353	64	385	70	306	41	302	42	308	77	411	78
96	448	97	234	20	213	12	202	10	206	164	595	161	586	159	587	162	298	38	288	34
62	338	52	330	50	332	71	397	72	401	115	393	69	394	120	527	125
8	195	10	206	164	206	10	201	11	210	16	222	19
16	210	11	197	9	194	8	194	9	200	163	591	160	594	166	599	162	298	38	288	34
119	516	117	366	57	364	64	385	70	306	41	303	44
62	371	59	374	104	463	105	447	95	445	94	417	79	413	78
112	472	107	464	106	466	120	531	141
141	531	120	466	106	464	107	472	112
20	232	21	237	23	247	57	363	61	352	55
36	292	56	362	161	596	165	598	162	433	86	432	92
110	478	109	482	136	545	125	543	127	395	69	379	61	378	64	359	56	292	36
101	460	104	463	105	444	93	344	53	340	54	346	55	352	61	363	57	247	23	241	22	214	12
82	420	81	418	80
139	523	118	465	106	467	122	535	131	557	132
99	235	20	213	12	212	14	218	16	176	2
33	281	36	293	70	355	55
44	303	41	306	70	360	56	251	24	253	164	206	10	203	22
109	482	136	519	117	518	127	395	69	354	55	346	54	340	53	344	93	442	95
131	534	121	474	107	477	134	560	139	483	109
20	213	12	202	10	195	8	194	9	200	163	423	83	422	90	425	84	424	89	441	150	576	156	582	153	583	157
99	457	138	562	140	484	109	483	139
33	285	42	302	41	304	53	341	58	368	62
139	483	109	484	140	525	119	516	117	239	21	232	20	213	12	212	14	218	16	176	2
141	357	55	353	64	359	56	251	24	204	10	195	8	194	9	200	163
82	309	43	300	39	278	32	276	34	287	37	295	38	298	162	587	159	586	161	595	164	255	25	243	22	233	20
92	438	88	439	166	603	165	601	164	206	10	203	22
16	216	13	211	12	202	10	204	24	251	56	359	64	353	55
109	482	136	545	125	543	127	395	69	354	55	353	64	385	70	306	41	302	42	308	77	411	78
78	411	77	301	39	278	32	276	34	287	37	295	38	298	162	599	166	594	160	591	163	193	7	186	6	187	9	199	27	181	4	174	2
136	561	140	562	138	457	99	453	97	316	45	313	46	320	48	320	46	322	148	322	46	320	48	327	49	328	73	404	144
33	285	42	302	41	304	53	341	58	368	62
62	334	51	333	58	341	53	343	65	386	70	360	56	362	161	597	166	439	88	421	83
11	197	9	187	6
165	593	160	591	163	200	9	194	8	194	9	197	11	210	16	221	17	223	18	227	45	313	46
22	243	25	249	24	252	161	596	165	603	166	439	88	438	92	436	87	435	91	428	85	429	154
55	346	54	349	65	305	41	302	42	308	77	411	78
141	357	55	353	64	359	56	256	26
16	176	2	169	1	172	149	574	147	571	146	565	144
2	175	5	185	27	199	9	187	6
99	450	96	315	45	313	46	320	48	320	46	322	148	322	46	320	48	327	49	329	76	410	144	404	73
62	338	52	330	50	332	71	397	72	401	115	508	116	515	141	531	120	530	136
46	320	48	320	46	322	148	322	46	320	48	327	49	329	76
134	471	106	468	124	512	116	508	115	356	55	351	60	375	66
92	432	86	268	30	265	34
163	200	9	194	8	194	9	197	11
1	167	0	167	1	169	2	175	5	182	9	187	6	188	163
165	593	160	591	163	200	9	194	8	194	9	197	11	210	16	176	2	169	1	172	149	574	147	571	146	406	74	405	144
83	190	7	186	6	187	9	199	27	181	4	174	2	176	16	221	17	223	18	227	45	313	46
34	272	31	274	40	290	36	293	70	350	54	346	55	356	115	508	116	512	124	468	106	465	118
95	442	93	344	53	340	54	346	55	354	69	395	127	543	125	544	129	550	128	481	109
136	519	117	518	127	395	69	354	55	346	54	340	53	344	93	442	95
147	574	149	172	1	169	2	175	5	182	9	187	6
22	241	23	247	57	363	61	352	55	351	60	376	68	376	60	367	58	368	62
144	404	73	328	49	327	48	323	47	324	96
134	471	106	467	122	537	137	538	123	402	72	377	60	367	58	368	62
118	465	106	467	122	535	131	505	114	507	142
62	338	52	330	50	332	71	398	114	498	113	499	122	532	121
132	558	142	339	52	338	62
115	401	72	399	113	501	131
139	483	109	482	136	545	125	517	117	248	23	245	25	255	164	601	165
61	363	57	358	56	362	161	596	165	593	160
151	579	157
165	593	160	591	163	423	83	422	90	422	83
62	334	51	336	66	375	60	351	55	352	61
144	565	146	571	147	574	149	172	1	167	0	167	1	169	2	175	5	182	9	187	6	187	9	194	8
105	444	93	344	53	343	65	386	70	360	56	362	161	595	164	253	24	204	10	202	12	198	9	182	5	175	2
62	334	51	336	66	375	60	351	55	352	61	363	57	247	23	241	22	214	12	207	11	210	16
62	334	51	336	66	375	60	351	55	352	61
62	334	51	336	66	375	60	351	55	352	61	363	57	247	23	241	22	214	12	198	9	182	5	175	2
62	338	52	330	50	332	71	397	72	401	115	393	69	394	120	527	125
118	523	139	489	110	478	109	479	111	456	99
8	195	10	206	164	253	24	244	23	247	57	363	61
33	281	36	293	70	350	54	346	55	356	115	508	116	512	124	468	106	465	118
2	175	5	182	9	196	10	205	25	245	23	247	57	363	61
22	214	12	211	13	208	11	210	16	221	17	225	145	569	148
78	411	77	308	42	302	41	306	70	355	55
136	530	120	531	141	515	116	508	115	401	72	397	71	332	50	330	52
62	371	59	374	104	460	101
46	320	48	320	46	322	148	322	46	320	48	327	49	328	73	404	144	405	74
62	371	59	374	104	463	105	447	95	445	94	417	79	413	78	411	77	412	82
61	352	55	355	70	293	36	259	28	258	31	272	34
2	175	5	182	9	196	10	204	24	244	23	247	57	364	64	385	70	350	54	348	60	367	58	333	51	334	62
136	530	120	394	69	354	55	346	54	347	58	368	62
16	176	2	169	1	172	149	574	147	571	146	406	74	405	144
46	313	45	227	18	226	19	222	16	210	11	197	9	200	163
2	175	5	182	9	194	8	194	9	200	163	591	160	594	166	599	162	298	38	288	34
8	195	10	206	164	206	10	203	22	236	21	239	117	518	127	549	141
20	234	97	316	45	313	46	320	48	320	46	322	148	566	144
165	588	159	294	36	293	70	355	55	357	141
32	275	33	284	41	306	70	385	64	353	55	354	69	394	120	530	136
148	322	46	320	48	323	47	326	98	449	96	451	100	458	111	479	109	478	110	487	134	522	118
8	195	10	206	164	601	165	598	162	587	159	294	36	281	33
22	241	23	247	57	363	61	380	115	401	72	399	113	502	132
119	516	117	517	125	527	120	531	141	515	116	508	115	401	72	392	68	376	60	367	58	368	62
16	176	2	169	1
112	472	107	474	121	534	131
155	580	152	577	151	578	153	581	154	429	85	428	91	435	87	436	92	432	86	268	30	265	34
2	175	5	183	11	207	12	214	22	241	23	247	57	363	61	352	55	351	60	376	68	376	60	367	58	368	62
22	214	12	211	13	208	11	210	16	176	2	169	1	172	149	574	147	571	146	565	144
138	240	21	232	20	213	12	198	9	189	7	190	83
163	591	160	593	165
78	413	79	417	94	345	53	344	93	383	63	382	62
95	442	93	344	53	304	41	306	70	385	64
92	438	88	437	90	422	83	190	7	186	6	187	9	199	27	181	4	174	2
36	293	70	350	54	348	60	377	72	399	113	501	131
61	378	64	385	70	306	41	302	42	308	77	411	78
55	353	64	359	56	361	159	588	165
141	357	55	346	54	347	58	368	62
34	272	31	274	40	290	36	292	56	358	57	366	117	519	136
22	241	23	244	24	252	161	586	159	587	162	587	159	294	36	259	28	261	40	283	33	282	39	299	42	308	77	411	78
22	242	24	252	161	586	159	587	162	298	38	288	34	276	32
33	283	40	261	28	259	36	294	159	586	161	595	164	206	10	195	8	194	9	197	11	210	16
101	373	59	372	63	342	53	340	54	346	55	352	61	363	57	247	23	241	22
44	303	41	305	65	349	54	346	55	356	115	508	116	513	133	536	122	532	121
154	429	85	428	91	435	87	436	92	438	88	439	166	603	165	601	164	206	10	203	22
34	287	37	295	38	298	162	599	166	594	160	591	163	200	9	194	8	194	9	197	11	210	16
157	585	156	576	150	441	89	424	84	425	90	437	88	438	92	432	86	268	30	265	34
46	313	45	227	18	226	19	222	16	210	11	197	9	194	8
99	238	21	239	117	517	125	527	120	466	106	467	122	499	113
78	411	77	308	42	302	41	306	70	385	64	353	55	354	69	394	120	529	129	550	128
0	167	1	169	2	175	5	182	9	187	6
139	523	118	465	106	470	133	559	137	538	123	402	72	377	60	367	58	368	62
83	422	90	437	88	438	92	432	86	268	30	265	34
78	411	77	301	39	278	32	276	34
46	313	45	316	97	234	20	213	12	202	10	206	164	601	165
1	167	0
55	353	64	359	56	361	159	588	165
16	176	2	169	1	167	0	167	1	169	2	175	5	182	9	187	6	186	7	191	84	424	89	441	150	576	156	582	153	583	157
74	405	144	404	73	328	49	327	48	323	47	325	97
30	265	34	276	32	278	39	299	42	307	44	312	94	445	95	447	105	461	101
165	603	166	439	88	438	92	436	87	435	91	428	85	429	154
110	485	112	495	130	533	121	534	131	557	132
61	379	69	394	120	466	106	464	107	472	112	495	130
118	465	106	468	124	512	116	508	115	356	55	346	54	349	65	305	41	303	44	311	79	413	78
132	502	113	503	137	514	116	515	141	531	120	527	125	517	117	239	21	232	20	213	12	212	14	218	16	176	2
81	415	79	413	78	411	77	301	39	278	32	276	34
2	175	5	182	9	194	8	194	9	200	163	591	160	594	166	599	162	298	38	288	34
136	530	120	394	69	354	55	351	60	376	68
62	338	52	330	50	332	71	391	68	392	72	402	123	538	137	559	133	470	106	465	118	523	139	489	110	478	109	479	111	456	99	453	97	316	45	313	46
99	235	20	232	21	237	23	247	57	363	61
44	303	41	304	53	342	63	382	62	338	52	339	142
55	352	61
22	241	23	247	57	363	61
61	352	55	351	60	367	58	368	62
34	265	30	268	86	432	92	436	87	435	91	440	89	441	150
2	169	1	172	149	574	147	571	146	406	74	405	144
83	421	88	439	166	599	162	587	159	294	36	259	28	261	40	283	33	285	42	302	41	304	53	341	58	368	62
82	309	43	289	35	266	30
132	502	113	499	122	467	106	465	118
33	281	36	292	56	359	64
121	532	122	499	113	399	72	377	60	348	54	340	53	310	44
62	334	51	333	58	341	53	304	41	284	33
81	420	82	420	81	415	79	413	78	413	79	311	44	303	41	305	65	349	54	346	55	356	115	508	116	514	137	537	122	532	121
36	293	70	355	55	356	115	508	116	513	133	536	122	532	121
55	354	69	394	120	530	136
157	585	156	576	150	441	89	440	91	435	87	436	92	432	86	268	30	267	38	298	162	298	38	295	37	260	28	258	31	271	33
2	175	5	185	27	199	9	187	6	186	7	193	163	591	160	594	166	599	162	587	159	294	36	259	28	261	40	283	33	282	39	301	77	411	78
128	551	136	519	117	248	23	245	25	249	24	252	161	597	166	439	88	438	92
110	485	112	495	130	556	131	557	132	558	142	339	52	338	62
34	276	32	278	39	301	77	411	78
2	169	1	172	149	574	147	571	146	565	144
16	219	15	220	19	229	20	232	21	239	117	516	119	525	140	553	128	481	109	478	110
125	527	120	526	124	541	137	538	123	402	72	377	60	367	58	368	62
95	442	93	344	53	304	41	284	33	283	40	261	28	259	36	294	159	589	166	439	88	421	83
158	584	155	580	152	577	151	578	153	581	154	581	153	578	151	577	152	580	155	580	152	577	151	579	157
141	381	61
101	460	104	463	105	447	95	445	94	312	44	307	42	299	39	278	32	276	34
2	169	1	172	149	574	147	571	146	406	74
55	354	69	394	120	530	136	482	109
139	483	109	484	140	525	119	516	117	239	21	232	20	213	12	212	14	218	16	176	2
141	549	127	518	117	516	119
147	564	143	408	75	407	76	410	144	405	74
64	353	55	346	54	340	53	344	93	442	95
53	341	58	333	51	337	67	331	50	330	52	339	142	507	114	505	131	534	121
144	405	74	406	146	571	147	574	149	172	1	170	3	173	2
8	195	10	206	164	206	10	205	25	249	24	244	23	247	57	364	64	385	70	350	54	348	60	367	58	333	51	334	62
101	460	104	384	63	382	62	338	52	330	50	332	71	391	68	376	60	351	55	354	69	394	120	530	136
34	276	32	280	43
99	450	96	315	45	313	46
96	315	45	313	46	320	48	320	46	322	148	322	46	320	48	327	49	328	73	404	144
60	351	55	356	115	508	116	512	124	468	106	464	107	477	134	487	110
132	502	113	499	122	467	106	465	118	521	129	554	136
118	465	106	467	122	535	131	557	132	558	142	339	52	338	62
16	219	15	220	19	229	20	232	21	239	117	516	119	525	140	553	128	552	139
92	432	86	426	85
131	535	122	467	106	466	120	527	125	517	117	248	23	245	25	249	24	252	161	597	166	439	88	421	83
101	460	104	384	63	382	62	338	52	330	50	332	71	398	114	498	113	501	131	534	121	474	107	477	134	487	110
144	405	74	406	146	571	147	574	149	172	1	169	2	175	5	182	9	187	6
22	243	25	249	24	252	161	586	159	587	162	587	159	294	36	259	28	261	40	283	33	282	39	299	42	308	77	411	78	413	79	414	80
2	169	1	167	0	167	1	169	2	175	5	182	9	187	6	186	7	191	84	424	89	441	150	576	156	582	153	583	157
165	588	159	361	56	358	57	366	117	519	136
157	583	153	582	156	576	150	441	89	440	91	435	87	436	92	438	88	439	166	597	161	362	56	359	64	353	55	354	69	396	141	542	124	468	106	465	118
32	270	31	273	37	295	38	298	162	587	159	586	161	595	164	206	10	203	22
11	209	14	217	15	220	19	229	20	232	21	239	117	517	125	527	120	531	141	515	116	514	137	503	113	502	132
101	446	95	445	94	417	79	413	78
83	421	88
2	169	1	172	149	570	145	569	148
130	495	112	472	107	464	106	466	120	394	69	354	55	355	70	293	36	281	33
33	281	36	292	56	358	57	366	117	519	136
6	188	163	591	160
62	338	52	330	50	330	52	339	142	558	132	557	131	535	122	467	106	465	118
78	411	77	308	42	302	41	305	65	349	54	346	55	356	115	508	116	513	133	536	122	532	121
118	521	129	544	125	517	117	239	21	236	22
101	460	104	374	59	371	62
136	519	117	366	57	364	64	359	56	292	36	290	40	274	31	272	34
8	195	10	206	164	253	24	251	56	359	64	353	55
62	338	52	330	50	332	71	398	114	498	113	501	131	534	121	474	107	477	134	560	139
110	478	109	479	111	456	99	453	97	316	45	313	46	320	48	320	46	322	148	322	46	320	48	327	49	328	73	404	144
95	442	93	344	53	340	54	346	55	352	61	363	57	247	23	241	22
33	284	41	303	44	312	94	445	95	447	105	461	101
97	231	19	222	16	210	11	197	9	194	8
62	338	52	330	50	332	71	391	68	392	72	401	115	508	116	515	141	531	120	527	125	517	117	239	21	232	20
62	371	59	374	104	463	105	447	95	445	94	417	79	413	78
110	478	109	482	136	545	125	517	117	248	23	245	25	249	24	252	161	597	166	439	88	438	92
101	373	59	371	62	338	52	330	50	332	71	391	68	392	72	401	115	508	116	515	141	531	120	527	125	517	117	516	119
2	176	16	219	15	220	19	229	20	232	21	239	117	516	119	525	140	484	109	483	139
82	412	77	411	78	413	79	417	94	445	95	447	105
118	521	129	554	136	545	125	517	117	248	23	244	24	252	161	597	166	439	88	438	92
136	519	117	248	23	245	25	249	24	252	161	597	166	439	88	438	92	436	87	435	91	440	89	441	150	576	156	582	153	583	157
131	534	121	474	107	472	112
16	216	13	211	12	214	22	241	23	247	57	363	61	352	55	351	60	376	68	376	60	367	58	368	62
106	469	129	544	125	546	140	525	119	516	117	239	21	232	20	213	12	212	14	218	16	176	2
16	219	15	220	19	229	20	232	21	239	117	517	125	527	120	531	141	515	116	514	137	503	113	502	132
2	176	16	219	15	220	19	229	20	232	21	239	117	516	119	525	140	484	109	481	128	552	139	560	134
110	478	109	482	136	545	125	543	127	395	69	379	61	378	64	359	56	292	36	259	28	258	31	273	37	295	38	267	30
129	544	125	546	140	562	138	457	99	453	97	316	45	313	46
11	201	10	205	25	254	26	246	23	247	57	364	64	385	70	350	54	348	60	367	58	333	51	334	62
101	460	104	384	63	342	53	340	54	346	55
83	422	90	437	88	438	92	436	87	435	91	440	89
46	313	45	227	18	226	19	222	16	210	11	197	9	194	8	194	9	200	163	600	166
92	438	88	437	90	422	83	423	163	200	9	197	11
78	411	77	301	39	282	33	281	36
144	565	146	571	147	574	149	172	1	170	3	173	2	175	5	182	9	196	10	204	24	244	23	247	57	364	64	385	70	350	54	347	58	333	51	334	62
121	532	122	536	133	513	116	508	115	356	55	346	54	350	70	293	36	290	40	274	31	272	34
22	242	24	252	161	596	165	603	166	439	88	438	92	436	87	435	91	440	89	441	150	576	156	582	153	583	157
132	502	113	503	137	514	116	515	141	531	120	527	125	517	117	239	21	232	20	213	12	212	14	218	16
99	450	96	315	45	313	46	320	48	320	46	322	148	322	46	320	48	327	49	328	73	404	144
137	503	113	502	132
2	175	5	183	11	207	12	214	22	241	23	247	57	363	61	352	55	351	60	376	68	389	67	337	51	334	62
11	209	14	217	15	220	19	229	20	232	21	239	117	516	119	525	140	553	128	481	109	478	110
136	545	125	543	127	395	69	379	61	378	64	385	70	306	41	284	33	275	32
109	482	136	519	117	518	127	395	69	354	55	353	64	359	56	292	36	290	40	274	31	272	34
6	187	9	182	5	175	2	169	1	172	149
109	482	136	545	125	543	127	395	69	354	55	353	64	385	70	306	41	303	44
136	554	129	521	118	465	106	467	122	535	131	505	114	507	142
62	338	52	330	50	332	71	397	72	401	115	393	69	394	120
6	186	7	190	83	422	90	437	88	438	92
6	186	7
6	187	9	196	10	204	24	244	23	247	57	364	64	385	70	350	54	347	58	333	51	334	62
78	411	77	308	42	302	41	306	70	355	55	352	61
53	340	54	346	55	352	61	363	57	247	23	237	21	232	20
95	442	93	344	53	304	41	284	33
132	502	113	399	72	401	115	380	61
80	414	79	413	78	411	77	308	42	302	41
42	307	44	312	94	445	95
34	287	37	295	38	298	162	599	166	594	160	591	163	200	9	194	8	194	9	197	11	210	16	221	17	223	18	227	45	313	46
132	558	142	339	52	330	50	331	67	337	51	333	58	341	53	310	44
110	478	109	482	136	545	125	517	117	239	21	236	22	203	10	196	9
1	170	3	178	16
101	446	95
2	176	16	219	15	220	19	229	20	232	21	239	117	516	119	525	140	546	125	544	129	521	118
2	176	16	219	15	220	19	229	20	232	21	239	117	516	119	525	140	484	109
132	557	131	534	121	533	130	495	112	497	135	488	110	478	109	479	111	456	99	453	97	316	45	313	46	320	48	320	46	322	148	566	144
165	603	166	439	88	438	92	432	86	426	85	426	86	268	30	266	35	262	29
92	438	88	439	166	597	161	257	26	246	23	248	117	519	136
34	276	32	280	43	309	82
21	236	22	243	25	249	24	252	161	586	159	587	162	587	159	294	36	259	28	261	40	283	33	284	41	303	44
6	187	9	198	12
34	287	37	295	38	298	162	599	166	594	160	591	163	200	9	194	8	194	9	197	11	210	16	176	2	169	1	172	149	574	147	571	146	406	74	405	144
131	534	121	474	107	477	134	487	110
6	187	9	182	5	175	2	169	1	172	149	574	147
101	460	104	374	59	371	62
62	334	51	336	66	375	60	351	55	352	61	363	57	247	23	241	22
95	442	93	344	53	340	54	346	55	356	115	508	116	512	124	468	106	464	107	477	134	560	139
6	187	9	194	8	194	9	197	11	210	16	221	17	223	18	226	19	231	97
22	243	25	249	24	252	161	586	159	587	162	298	38	288	34	276	32	278	39	300	43	309	82
131	501	113	399	72	401	115	380	61	363	57	247	23	241	22
101	460	104	463	105	444	93	344	53	310	44
16	210	11	197	9	194	8	194	9	200	163	591	160	594	166	599	162	298	38	288	34
141	357	55	353	64	359	56	256	26
33	281	36	292	56	359	64	353	55	354	69	395	127	543	125	545	136	551	128	481	109	478	110
82	412	77	411	78	411	77	301	39	282	33
118	465	106	467	122	535	131	557	132	558	142	339	52	338	62
144	404	73	328	49	327	48	320	46	322	148	322	46	320	48	320	46	313	45	316	97	234	20
42	307	44
128	553	140	562	138	457	99	453	97	316	45	313	46
105	447	95	445	94	312	44	307	42	285	33	283	40	261	28	259	36	294	159	588	165
144	565	146	571	147	574	149	172	1	167	0	167	1	169	2	175	5	182	9	187	6	186	7	193	163	591	160	594	166	599	162	587	159	294	36	259	28	258	31	271	33
139	523	118	465	106	470	133	559	137	538	123	402	72	377	60	367	58	368	62
2	175	5	183	11	207	12	214	22	241	23	247	57	363	61	352	55	351	60	376	68	389	67	337	51	334	62
11	197	9	200	163	591	160	594	166	599	162	298	38	288	34
78	411	77	412	82
16	219	15	220	19	229	20	232	21	239	117	516	119	525	140	546	125	544	129	521	118
78	411	77	301	39	278	32	276	34	287	37	295	38	298	162	599	166	594	160	591	163	193	7	186	6
62	334	51	336	66	375	60	351	55	352	61	363	57	247	23	241	22
70	350	54	346	55	356	115	508	116	511	123	500	113	502	132
33	281	36	292	56	359	64	378	61	379	69	395	127	543	125	545	136	561	140	562	138
144	404	73	328	49	327	48	320	46	322	148	322	46	320	48	320	46	313	45	316	97	234	20	232	21	237	23	247	57	363	61	352	55
46	313	45	227	18	226	19	222	16	210	11
109	483	139	523	118	465	106	467	122	535	131	557	132	558	142	339	52	338	62
83	423	163	200	9	194	8	195	10	202	12	213	20
92	438	88	439	166	597	161	362	56	359	64	353	55
62	334	51	336	66	375	60	351	55	352	61
155	580	152	577	151	579	157
22	241	23	247	57	363	61	352	55	351	60	367	58	368	62
145	318	45	316	97	453	99	456	111	479	109	478	110
16	210	11	197	9	194	8	194	9	200	163	591	160	593	165	598	162	587	159	294	36	281	33
101	460	104	384	63	335	51	337	67	331	50	332	71	397	72	401	115	393	69	394	120	527	125
92	438	88	439	166	597	161	362	56	359	64	353	55
62	334	51	333	58	341	53	343	65	386	70	360	56	361	159	588	165
97	231	19	222	16	210	11	183	5	185	27
22	243	25	249	24	252	161	597	166	439	88	438	92	436	87	435	91	428	85	429	154	581	153	578	151	577	152	580	155
118	521	129	544	125	546	140	562	138
11	197	9	194	8	194	9	200	163	423	83	422	90	437	88	438	92
78	413	79	311	44	310	53	340	54	348	60
92	438	88	439	166	597	161	257	26	246	23	248	117	519	136	551	128
92	438	88	437	90	422	83	190	7	186	6	187	9	199	27	181	4	174	2	176	16
62	338	52	330	50	332	71	397	72	401	115	508	116	515	141	531	120	530	136	482	109
55	353	64	359	56	362	161	597	166	439	88	421	83
57	358	56	292	36	281	33
101	460	104	384	63	382	62	338	52	330	50	332	71	397	72	401	115	393	69	394	120	530	136
33	285	42	302	41	304	53	341	58	333	51	337	67	331	50	330	52	339	142	558	132
134	560	139	489	110	478	109	479	111	456	99
75	408	143	168	0	167	1	169	2	175	5	182	9	187	6
142	558	132	557	131	535	122	467	106	465	118	521	129	554	136
11	197	9	194	8	194	9	200	163	423	83	422	90	437	88	438	92
2	176	16	219	15	217	14	212	12	214	22	241	23	247	57	363	61	380	115	401	72	399	113
16	176	2	169	1	167	0	167	1	169	2	175	5	182	9	187	6	186	7	191	84	424	89	441	150	575	153	578	151	577	152	577	151	578	153	581	154
134	477	107	464	106	468	124	512	116	508	115	356	55	346	54	349	65	305	41
132	557	131	534	121	533	130	495	112	497	135	488	110	478	109	479	111	456	99
140	493	111	456	99	235	20	213	12	212	14	218	16
131	557	132	558	142	339	52	330	50	331	67	337	51	333	58	369	63
57	358	56	292	36	281	33
62	338	52	330	50	332	71	397	72	402	123	538	137	537	122	467	106	465	118
62	338	52	330	50	332	71	398	114	498	113	499	122	532	121
144	404	73	328	49	327	48	323	47	326	98	449	96	451	100	458	111	479	109	478	110
68	376	60	351	55	352	61	363	57	366	117	239	21	232	20	213	12	212	14	218	16
26	246	23	237	21	232	20
33	271	31	258	28	259	36	294	159	586	161	595	164	206	10	195	8	194	9	197	11	210	16	221	17	225	145	569	148
34	265	30	268	86	432	92	438	88	437	90	422	83
125	527	120	526	124	541	137	538	123	402	72	377	60	367	58	368	62
53	343	65	386	70	360	56	362	161	595	164	253	24	242	22	214	12	198	9	182	5	175	2
125	517	117	239	21	232	20	213	12	212	14	218	16	221	17	225	145	569	148
62	334	51	336	66	375	60	351	55	352	61	363	57	247	23	241	22	214	12	211	13	208	11	210	16	221	17	225	145	569	148
62	334	51	336	66	375	60	351	55	353	64
34	276	32	278	39	299	42	307	44	312	94	345	53	344	93	383	63	382	62
158	584	155	580	152	577	151	579	157
118	465	106	467	122	537	137	538	123	402	72	377	60	367	58	368	62
33	281	36	293	70	355	55
34	265	30	268	86	432	92	436	87	435	91	440	89	441	150	576	156	582	153	583	157
34	265	30	268	86	432	92	436	87	435	91	440	89	441	150	576	156	582	153	583	157
12	202	10	206	164	595	161	586	159	587	162	587	159	294	36	281	33
62	338	52	330	50	332	71	398	114	498	113	501	131	534	121	533	130	495	112	497	135	488	110	478	109	479	111	456	99
62	338	52	330	50	332	71	397	72	401	115	508	116	515	141	531	120	530	136
131	501	113	399	72	401	115	380	61	363	57	247	23	241	22
62	334	51	336	66	375	60	351	55	352	61
99	450	96	324	47	323	48	327	49	328	73	404	144
2	176	16	219	15	220	19	229	20	232	21	239	117	516	119	525	140	561	136	554	129	521	118
157	583	153	582	156	576	150	441	89	440	91	435	87	436	92	432	86	268	30	265	34	276	32	278	39	299	42	307	44	312	94	345	53	344	93	383	63	382	62
139	483	109	482	136	545	125	517	117	248	23	245	25	255	164	601	165
139	523	118	465	106	467	122	535	131	557	132	558	142	339	52	338	62
82	412	77	411	78
22	241	23	247	57	363	61	352	55	351	60	376	68	376	60	367	58	368	62
118	465	106	470	133	559	137	538	123	402	72	377	60	367	58	368	62
46	313	45	316	97	453	99	456	111	479	109	478	110	487	134	522	118
62	334	51	333	58	341	53	304	41	284	33	271	31	272	34
62	334	51	336	66	375	60	351	55	352	61	363	57	247	23	241	22	203	10	195	8
101	461	105	444	93	344	53	340	54	346	55	352	61	363	57	247	23	241	22
36	293	70	350	54	347	58	333	51	334	62
131	557	132	558	142	339	52	330	50	331	67	337	51	333	58	341	53	310	44	311	79	413	78
62	334	51	336	66	375	60	351	55	352	61
61	378	64	353	55	346	54	340	53	342	63	384	104
44	310	53	340	54	348	60	377	72	399	113	501	131
99	235	20	233	22	243	25	255	164	595	161	586	159	587	162	587	159	294	36	259	28	261	40	283	33	285	42
132	557	131	534	121	533	130	495	112	497	135	488	110	478	109	479	111	456	99	453	97	316	45	313	46	322	148
20	233	22	243	25	254	26	250	24	250	26	256	56	359	64	385	70	350	54	340	53
157	579	151	577	152	577	151	578	153	581	154
62	338	52	330	50	332	71	398	114	498	113	501	131	534	121	474	107	477	134	487	110
2	176	16	219	15	220	19	229	20	232	21	239	117	516	119	516	117	517	125	544	129	521	118
61	352	55	351	60	367	58	368	62
29	262	35	286	34
132	558	142	339	52	330	50	331	67	337	51	333	58	341	53	304	41	284	33	282	39	278	32	276	34
34	272	31	274	40	290	36	293	70	350	54	346	55	356	115	508	116	512	124	468	106
62	338	52	330	50	332	71	398	114	498	113	501	131	534	121	474	107	477	134	487	110
33	285	42	302	41	304	53	341	58	368	62
53	304	41	291	36
144	565	146	571	147	574	149	172	1	167	0	167	1	169	2	175	5	182	9	187	6	187	9	194	8
148	322	46	320	48	320	46	313	45	316	97	453	99	457	138	562	140	553	128
110	487	134	522	118	465	106	468	124	512	116	508	115	356	55	351	60
118	522	134	487	110	478	109	479	111	456	99	453	97	316	45	313	46	320	48	320	46	322	148	322	46	320	48	327	49	328	73	404	144
33	271	31	258	28	259	36	294	159	586	161	595	164	206	10	203	22
33	282	39	301	77	411	78	413	79	414	80
62	371	59	374	104	460	101
78	411	77	308	42	302	41	305	65	349	54	346	55	356	115	508	116	512	124	468	106	465	118
144	404	73	328	49	327	48	320	46	322	148	322	46	320	48	323	47	326	98	449	96	451	100	458	111	479	109	478	110
74	406	146	571	147	574	149	172	1	170	3	173	2
44	310	53	341	58	333	51	337	67	331	50	330	52	339	142	558	132
61	363	57	247	23	237	21	232	20	229	19	222	16	176	2
128	550	129	529	120	531	141	515	116	508	115	401	72	392	68	376	60	367	58	368	62
16	184	5	185	27	199	9	187	6
144	404	73	328	49	327	48	320	46	322	148	322	46	320	48	323	47	326	98	449	96	451	100	458	111	479	109	478	110	487	134	522	118
154	581	153	578	151	577	152	580	155	584	158
99	457	138	562	140	561	136
9	196	10	206	164	601	165	598	162	587	159	294	36	259	28	261	40	283	33	282	39	301	77	411	78
34	287	37	295	38	298	162	599	166	594	160	591	163	200	9	194	8	194	9	197	11	183	5	175	2
139	523	118	465	106	467	122	499	113	502	132
148	322	46	320	48	320	46	313	45	316	97	453	99	457	138	562	140	561	136
6	186	7	193	163	591	160	594	166	599	162	298	38	288	34
11	197	9	194	8	194	9	200	163	591	160	594	166	599	162	587	159	294	36	259	28	261	40	283	33	284	41	303	44
82	309	43
96	451	100	458	111	479	109	478	110	487	134	522	118
110	487	134	522	118	465	106	468	124	512	116	508	115	356	55	346	54	340	53	310	44
0	167	1	169	2	175	5	182	9	187	6
106	468	124	512	116	508	115	356	55	346	54	340	53	304	41	284	33	271	31	272	34
141	357	55	353	64	359	56	256	26	257	161	596	165
136	519	117	366	57	364	64	359	56	292	36	259	28	258	31	272	34
144	565	146	571	147	574	149	172	1	167	0	167	1	169	2	175	5	182	9	187	6	187	9	194	8
29	262	35	266	30	268	86	426	85	426	86	432	92	438	88	439	166	603	165
62	371	59	374	104	460	101
33	284	41	304	53	344	93	444	105	461	101
78	413	79	414	80
6	187	9	182	5	175	2	169	1	167	0	168	143	408	75
160	593	165	588	159	361	56	358	57	363	61
165	598	162	587	159	294	36	259	28	261	40	283	33	285	42	302	41	304	53	341	58	368	62
62	334	51	333	58	341	53	343	65	386	70	360	56	361	159	588	165
139	523	118	465	106	467	122	535	131	557	132	558	142	339	52	338	62
163	591	160	594	166	599	162	587	159	294	36	259	28	261	40	283	33	282	39	299	42	308	77	411	78
75	408	143	168	0	167	1	169	2	175	5	182	9	187	6
36	281	33	282	39	301	77	411	78
138	524	119	525	140	553	128	481	109	478	110
74	405	144	410	76	407	75	408	143	168	0	167	1	170	3	178	16
78	411	77	308	42	302	41	306	70	385	64	378	61	379	69	395	127	543	125	545	136	551	128	552	139
109	484	140	562	138	457	99	453	97	316	45	313	46	322	148
136	519	117	248	23	245	25	255	164	601	165
29	262	35	286	34	272	31	271	33
62	334	51	336	66	375	60	351	55	352	61	363	57	247	23	241	22	214	12	207	11	210	16
110	485	112	495	130	556	131	557	132	558	142	339	52	338	62
46	313	45	230	19	229	20	232	21	237	23	246	26
95	442	93	344	53	304	41	284	33	271	31	272	34
99	235	20	213	12	198	9	194	8
78	413	79	417	94	345	53	344	93	383	63	382	62
81	420	82	420	81	415	79	413	78	413	79	311	44	303	41	305	65	349	54	346	55	356	115	508	116	512	124	468	106	464	107	477	134	487	110
110	478	109	479	111	456	99	453	97	316	45	318	145
16	176	2	169	1	167	0	168	143	409	76	410	144
55	352	61
61	363	57	247	23	237	21	232	20	235	99
19	229	20	232	21	239	117	516	119	516	117	517	125	544	129	521	118
66	375	60	351	55	352	61	363	57	247	23	241	22	214	12	207	11	210	16
142	339	52	338	62	334	51	333	58	341	53	304	41	284	33
78	411	77	301	39	278	32	276	34	287	37	295	38	298	162	587	159	586	161	595	164	253	24	242	22
2	177	17	223	18	226	19	231	97
62	338	52	330	50	332	71	397	72	401	115
144	404	73	328	49	327	48	320	46	322	148	322	46	320	48	320	46	313	45	316	97	453	99	457	138	562	140	561	136	545	125	527	120	531	141
62	338	52	330	50	332	71	391	68	392	72	401	115	508	116	515	141	531	120	530	136	482	109
44	303	41	305	65	349	54	346	55	356	115	508	116	513	133	536	122	532	121
55	354	69	394	120	530	136
16	219	15	220	19	229	20	232	21	239	117	516	119	525	140	561	136	554	129	521	118	465	106	467	122	535	131
11	210	16	221	17	223	18	226	19	231	97
62	338	52	330	50	332	71	398	114	498	113	501	131	534	121	533	130	495	112	497	135	488	110	478	109	479	111	456	99
148	322	46	320	48	320	46	313	45	316	97	453	99	457	138	492	111	479	109
62	338	52	330	50	332	71	398	114	498	113	499	122	532	121
62	371	59	374	104	460	101
148	569	145	570	149	172	1	169	2	175	5	182	9	187	6
8	194	9	197	11	210	16	221	17	223	18	227	45	313	46
101	460	104	384	63	382	62	338	52	330	50	332	71	397	72	401	115	393	69	394	120	530	136
165	588	159	361	56	358	57	366	117	519	136	551	128
55	352	61
62	334	51	333	58	341	53	310	44	307	42	299	39	278	32	276	34
8	195	10	206	164	255	25	254	26	256	56	359	64	385	70	350	54	347	58	333	51	334	62
16	210	11	197	9	189	7	190	83
120	394	69	393	115	509	123	402	72	377	60	367	58	368	62
120	527	125	517	117	239	21	232	20	213	12	212	14	218	16
144	404	73	328	49	327	48	320	46	322	148	322	46	320	48	320	46	313	45	316	97	234	20
16	210	11	197	9	194	8	194	9	200	163	423	83	422	90	437	88	438	92
22	243	25	249	24	252	161	597	166	439	88	438	92	436	87	435	91	440	89	441	150	576	156	582	153	583	157
44	303	41	304	53	341	58	333	51	337	67	331	50	330	52	339	142	558	132
16	221	17	223	18	226	19	231	97	453	99	456	111	479	109	478	110
80	414	79	413	78	413	79	417	94	345	53	344	93	383	63	382	62
1	170	3	178	16
61	363	57	366	117	519	136	551	128	552	139
6	187	9	197	11
144	565	146	571	147	574	149	172	1	170	3	178	16	210	11	208	13	211	12	214	22	241	23	247	57	363	61	352	55	351	60	376	68	376	60	367	58	368	62
82	412	77	411	78	413	79	417	94	345	53	344	93	383	63	382	62
165	603	166	439	88	438	92
34	276	32	278	39	301	77	412	82	412	77	411	78	413	79	414	80
139	483	109	484	140	525	119	516	117	239	21	232	20	213	12	212	14	218	16	176	2
155	580	152	577	151	578	153	581	154	429	85	428	91	435	87	436	92	432	86	268	30	265	34
53	340	54	346	55	352	61	363	57	247	23	241	22
22	241	23	247	57	363	61	352	55	351	60	367	58	368	62
134	560	139	483	109	484	140	525	119	516	117	239	21	232	20	213	12	212	14	218	16
44	303	41	306	70	360	56	362	161	595	164	206	10	195	8	194	9	197	11	210	16
16	219	15	220	19	229	20	232	21	239	117	516	119	525	140	484	109	481	128	552	139	560	134
95	442	93	344	53
16	210	11	197	9	194	8	194	9	200	163	591	160	594	166	599	162	298	38	288	34
62	371	59	374	104	460	101
6	187	9	194	8	194	9	197	11	210	16	221	17	223	18	226	19	229	20	235	99
53	340	54	346	55	354	69	394	120	527	125
128	550	129	544	125	527	120	531	141	515	116	508	115	356	55	346	54	347	58	368	62
8	195	10	206	164	253	24	244	23	248	117	519	136
144	404	73	328	49	327	48	320	46	322	148	322	46	320	48	323	47	326	98	449	96	451	100	458	111	479	109	478	110	487	134	522	118
92	432	86	268	30	265	34
121	533	130	495	112	497	135	488	110	478	109	479	111	456	99	450	96
46	313	45	316	97	453	99	457	138	562	140	561	136	545	125	527	120	531	141	515	116	508	115	401	72	392	68
118	521	129	554	136	545	125	517	117	239	21	236	22	203	10	195	8	194	9	200	163
61	352	55	351	60	367	58	368	62
138	524	119	516	117	248	23	244	24	252	161	597	166	439	88	438	92
95	442	93	344	53	304	41	284	33	271	31	272	34
136	561	140	562	138	457	99	453	97	316	45	313	46	322	148
34	276	32	278	39	300	43	309	82
75	408	143	563	146	572	148
62	338	52	330	50	332	71	397	72	402	123	538	137	559	133	470	106	465	118
2	169	1	167	0	167	1	169	2	175	5	182	9	187	6	186	7	191	84	424	89	441	150	575	153	578	151	577	152	577	151	578	153	581	154
101	373	59	371	62
46	313	45	316	97	453	99	457	138	562	140	553	128
165	593	160	591	163	193	7	186	6
16	210	11	197	9	194	8	195	10	206	164	601	165	598	162	298	38	267	30	266	35	289	43	309	82
16	219	15	220	19	229	20	235	99	456	111	491	135	497	112	494	121	534	131
61	363	57	247	23	245	25	249	24	252	161	597	166	439	88	438	92
128	550	129	529	120	531	141	515	116	508	115	356	55	346	54	347	58	368	62
34	272	31	271	33	284	41	303	44	312	94	445	95
105	444	93	344	53	340	54	346	55	352	61
148	322	46	320	48	323	47	326	98	449	96	451	100	458	111	479	109	478	110	488	135	488	110	488	135	497	112	495	130	533	121	534	131	557	132
16	210	11	197	9	194	8	195	10	204	24	244	23	247	57	364	64	385	70	350	54	340	53	344	93	444	105
34	265	30	268	86	432	92	436	87	435	91	428	85	429	154	581	153	578	151	577	152	580	155	584	158
131	501	113	500	123	511	116	508	115	356	55	346	54	350	70	293	36	259	28	258	31	272	34
110	478	109	479	111	456	99	453	97	316	45	313	46	322	148
151	577	152	580	155
154	581	153	578	151	577	152	577	151	578	153	583	157	585	156	576	150	441	89	424	84	425	90	437	88	438	92	432	86	268	30	265	34
34	287	37	295	38	298	162	599	166	594	160	591	163	200	9	194	8	194	9	197	11	210	16	221	17	225	145	569	148
78	411	77	301	39	278	32	276	34	287	37	295	38	298	162	599	166	594	160	591	163	193	7	186	6	187	9	199	27	181	4	174	2
34	276	32	278	39	300	43	309	82
33	285	42	307	44	312	94	445	95	447	105	461	101
101	460	104	374	59	371	62
2	175	5	183	11	207	12	214	22	241	23	247	57	363	61	352	55	351	60	376	68	389	67	337	51	334	62
62	334	51	333	58	341	53	310	44	307	42	299	39	278	32	280	43
90	422	83	190	7	186	6
97	231	19	222	16	210	11	197	9	194	8
155	584	158
26	256	56	292	36	281	33	282	39	301	77	412	82
62	334	51	336	66	375	60	351	55	352	61	363	57	247	23	241	22
61	363	57	366	117	519	136	551	128	552	139
22	243	25	249	24	252	161	586	159	587	162	587	159	294	36	281	33
46	313	45	227	18	226	19	222	16	176	2
75	407	76	403	73	328	49	327	48	320	46
16	216	13	211	12	214	22	241	23	247	57	363	61
101	460	104	374	59	371	62
8	195	10	206	164	601	165	598	162	587	159	294	36	281	33
62	338	52	330	50	332	71	398	114	498	113	501	131	534	121	474	107	477	134	560	139
80	414	79	413	78	411	77	301	39	278	32	276	34
53	340	54	346	55	354	69	395	127	518	117	519	136	551	128
158	584	155	580	152	577	151	579	157
83	190	7	189	9	196	10	203	22
163	423	83
62	371	59	374	104	463	105	447	95	445	94	417	79	413	78	411	77	412	82	420	81
11	209	14	217	15	220	19	229	20	232	21	239	117	516	119	516	117	517	125	544	129	521	118
83	190	7	186	6	187	9	199	27	181	4	174	2	176	16
157	579	151	579	157	585	156	576	150	441	89	424	84	191	7	186	6	187	9	199	27	181	4	174	2	176	16
109	482	136	545	125	543	127	395	69	354	55	353	64	359	56	292	36	281	33
125	517	117	248	23	244	24	253	164
92	432	86	433	162	598	165
34	272	31	274	40	290	36	293	70	355	55	356	115	508	116	513	133
104	374	59	371	62
55	346	54	349	65	305	41	302	42	308	77	411	78	413	79	414	80
46	313	45	227	18	226	19	222	16	210	11
62	338	52	330	50	332	71	398	114	498	113	501	131	534	121	533	130	495	112	497	135	488	110	478	109	479	111	456	99	453	97
53	341	58	333	51	337	67	331	50	330	52	339	142	558	132	557	131	534	121
22	243	25	249	24	252	161	597	166	439	88	438	92	436	87	435	91	440	89	441	150	576	156	582	153	583	157
16	210	11	207	12	214	22	241	23	247	57	363	61	352	55	351	60	376	68	389	67	337	51	334	62
82	412	77	411	78	413	79	417	94	345	53	344	93	383	63	382	62
155	580	152	577	151	579	157
62	334	51	333	58	341	53	304	41	284	33	271	31	272	34
34	287	37	295	38	298	162	599	166	594	160	591	163	200	9	194	8	194	9	197	11	183	5	175	2
118	521	129	544	125	517	117	248	23	245	25	255	164	601	165
78	411	77	301	39	278	32	276	34	287	37	295	38	298	162	599	166	594	160	591	163	200	9	197	11
165	588	159	294	36	259	28	261	40	283	33	284	41	304	53
16	219	15	220	19	229	20	232	21	239	117	516	119	525	140	484	109	481	128	552	139	560	134	496	112	495	130
144	404	73	328	49	327	48	320	46	322	148	322	46	320	48	323	47	326	98	449	96	451	100	458	111	479	109	478	110
139	483	109	484	140	525	119	516	117	239	21	232	20	213	12	212	14	218	16	176	2
25	205	10	195	8	194	9	187	6
157	579	151	577	152	577	151	578	153	581	154
16	219	15	220	19	229	20	232	21	239	117	516	119	525	140	546	125	544	129	521	118
95	445	94	312	44	307	42	285	33	283	40	261	28	259	36	294	159	588	165
165	588	159	294	36	259	28	261	40	283	33	285	42	302	41	304	53	341	58	368	62
99	450	96	315	45	313	46
158	584	155	580	152	577	151	579	157
62	371	59	374	104	460	101
11	210	16	176	2	169	1	172	149	574	147	571	146	406	74	405	144
132	502	113	500	123	511	116	508	115	356	55	346	54	350	70
62	338	52	339	142	507	114	505	131
8	194	9	189	7	190	83
92	438	88	437	90	422	83	190	7	186	6	187	9	182	5	175	2	169	1	167	0	167	1	172	149	570	145	569	148
8	195	10	206	164	253	24	244	23	248	117	519	136
62	338	52	330	50	332	71	397	72	402	123	538	137	537	122	467	106	465	118
139	483	109	484	140	525	119	516	117	239	21	232	20	213	12	212	14	218	16	176	2
62	371	59	374	104	463	105	447	95	445	94	417	79	413	78
62	334	51	333	58	341	53	304	41	284	33	271	31	272	34
78	413	79	311	44	307	42	302	41	306	70	360	56	362	161	595	164	255	25	243	22
157	579	151	577	152	580	155	584	158
134	471	106	468	124	512	116	508	115	356	55	346	54	350	70	293	36	281	33
46	313	45	227	18	226	19	222	16
16	210	11	197	9	194	8	195	10	206	164	601	165	598	162	298	38	288	34
16	216	13	211	12	214	22	241	23	247	57	363	61	352	55	351	60	376	68	389	67	337	51	334	62
2	169	1	172	149	574	147	571	146	406	74	405	144
16	216	13	211	12	202	10	204	24	251	56	359	64	353	55	346	54	349	65
41	305	65	349	54	346	55	356	115	508	116	513	133	536	122	532	121
62	338	52	330	50	332	71	398	114	498	113	501	131	534	121	474	107	477	134	560	139
34	287	37	295	38	298	162	599	166	594	160	591	163	200	9	194	8	194	9	197	11	210	16
78	411	77	308	42	302	41	306	70	355	55	352	61
2	175	5	182	9	196	10	204	24	244	23	247	57	364	64	385	70	350	54	340	53	344	93	444	105	461	101
2	176	16	219	15	220	19	229	20	232	21	239	117	516	119	525	140	484	109	481	128	552	139	560	134	477	107	474	121
99	235	20	232	21	237	23	247	57	363	61
97	234	20	232	21	236	22
109	481	128	551	136	554	129	521	118	465	106	470	133	559	137	538	123	402	72	377	60	367	58	368	62
101	460	104	463	105	447	95	445	94	312	44	307	42	299	39	278	32	276	34
2	176	16	219	15	220	19	229	20	232	21	239	117	516	119	525	140	484	109	483	139
62	334	51	336	66	375	60	351	55	352	61	363	57	247	23	241	22	214	12	211	13	208	11	210	16	176	2	169	1	172	149	570	145	567	146	565	144
110	487	134	522	118	465	106	470	133	559	137	538	123	402	72	377	60	375	66
82	412	77	411	78	413	79	311	44	303	41	305	65	349	54	346	55	356	115	508	116	512	124	468	106	464	107	477	134	487	110
62	334	51	333	58	341	53	343	65	386	70	360	56	361	159	588	165
92	438	88	437	90	422	83
148	569	145	570	149	172	1	167	0	167	1	169	2	175	5	182	9	187	6	186	7	193	163	591	160	594	166	599	162	298	38	288	34
55	353	64	359	56	251	24	204	10	195	8
16	210	11	197	9	200	163	591	160	594	166	599	162	587	159	294	36	259	28	261	40	283	33	284	41	303	44
78	413	79	311	44	310	53	340	54	348	60	377	72	399	113	501	131
142	507	114	505	131	534	121	474	107	477	134	560	139
109	481	128	551	136	545	125	543	127	395	69	354	55	353	64	359	56	292	36	281	33
142	507	114	505	131	534	121
109	481	128	551	136	545	125	543	127	395	69	379	61	378	64	385	70	306	41	302	42	308	77	411	78	411	77	412	82
2	169	1	172	149	570	145	321	46	320	48	327	49	328	73	404	144
61	378	64	359	56	292	36	259	28	258	31	272	34
157	579	151	577	152	577	151	578	153	581	154
62	334	51	336	66	375	60	351	55	352	61	363	57	247	23	241	22	214	12	207	11
131	501	113	399	72	377	60	348	54	350	70	360	56	256	26	257	161	596	165
53	344	93	444	105	461	101
16	210	11	197	9	194	8	195	10	206	164	601	165	598	162	587	159	294	36	281	33
144	565	146	571	147	574	149	172	1	167	0	167	1	169	2	175	5	182	9	187	6	186	7	193	163	591	160	594	166	599	162	587	159	294	36	281	33
144	404	73	328	49	327	48	320	46	322	148	322	46	320	48	320	46	313	45	316	97	234	20	232	21	237	23	246	26
121	532	122	467	106	466	120	394	69	354	55	355	70	306	41
80	414	79	413	78	413	79	417	94	345	53	344	93	383	63	382	62	338	52	330	50	330	52	339	142	558	132
34	287	37	295	38	298	162	599	166	594	160	591	163	200	9	194	8	194	9	197	11	183	5	175	2
97	448	96	315	45	313	46	320	48	320	46	322	148	322	46	320	48	327	49	328	73	404	144	404	73
165	598	162	587	159	294	36	259	28	261	40	283	33	284	41	303	44
29	262	35	266	30	268	86	426	85	426	86	432	92	438	88	437	90	422	83	190	7	186	6	187	9	199	27	181	4	174	2
61	378	64	385	70	306	41	302	42	308	77	411	78
109	482	136	545	125	517	117	248	23	244	24	252	161	596	165
110	478	109	482	136	545	125	543	127	395	69	379	61	378	64	359	56	292	36	259	28
92	432	86	268	30	265	34	276	32	278	39	301	77	411	78
118	465	106	466	120	394	69	379	61
118	523	139	489	110	478	109	479	111	456	99	453	97	316	45	313	46
34	272	31	258	28	259	36	293	70	350	54	346	55	356	115	508	116	511	123	500	113	502	132
78	411	77	412	82
78	413	79	417	94	345	53	344	93	383	63	382	62
124	542	141	357	55	346	54	347	58	368	62
62	338	52	330	50	332	71	397	72	402	123	538	137	537	122	467	106	465	118
6	187	9	182	5	175	2	169	1	167	0	168	143	408	75
44	303	41	284	33	283	40	261	28	259	36	294	159	588	165
22	243	25	249	24	252	161	586	159	587	162	587	159	294	36	281	33
38	267	30	267	38	298	162	598	165	601	164	206	10	195	8	194	9	197	11	183	5	175	2
165	598	162	433	86	433	162
33	284	41	303	44	310	53	341	58	333	51	337	67	331	50	330	52	339	142	558	132
165	588	159	361	56	358	57	366	117	517	125
55	354	69	394	120	466	106	465	118
165	598	162	587	159	294	36	259	28	261	40	283	33	284	41	303	44	312	94	445	95
6	187	9	197	11
29	262	35	286	34
110	478	109	479	111	456	99	450	96	315	45	313	46
92	436	87	435	91
119	516	117	248	23	245	25	249	24	252	161	586	159	587	162	298	38	288	34
44	303	41	306	70	360	56	251	24	253	164	206	10	203	22
61	363	57	366	117	519	136	551	128	552	139
110	478	109	479	111	456	99	453	97	325	47	323	48
106	471	134	560	139	489	110	478	109	479	111	458	100	451	96	449	98	317	45	313	46	320	48	320	46	322	148	566	144
118	465	106	467	122	499	113	498	114	507	142
144	404	73	328	49	327	48	320	46	322	148	322	46	320	48	320	46	313	45	316	97	453	99	457	138	562	140	553	128
55	356	115	508	116	514	137	537	122	475	107	472	112	495	130
42	307	44	311	79	413	78
83	421	88	439	166	599	162	587	159	294	36	259	28	261	40	283	33	285	42	302	41	304	53	341	58	368	62
125	546	140	562	138	457	99	453	97	316	45	313	46
75	408	143	168	0	167	1	169	2	175	5	182	9	187	6
33	271	31	258	28	259	36	294	159	586	161	595	164	206	10	195	8	194	9	197	11	210	16	221	17	225	145	569	148
110	478	109	479	111	456	99	453	97	316	45	313	46
144	404	73	328	49	327	48	320	46	322	148	322	46	320	48	320	46	313	45	316	97	453	99	457	138	562	140	561	136
62	334	51	333	58	341	53	304	41	284	33	271	31	272	34
29	262	35	286	34
30	265	34	287	37	295	38	298	162	599	166	594	160	591	163	200	9	194	8	194	9	197	11	183	5	175	2
101	460	104	463	105	444	93	344	53	304	41	284	33
16	210	11	197	9	194	8	195	10	206	164	601	165	598	162	298	38	288	34
93	383	63	382	62	338	52	339	142
104	374	59	371	62	338	52	330	50	332	71	397	72	401	115	510	141
8	195	10	206	164	253	24	244	23	247	57	363	61	380	115	401	72	399	113	501	131
141	357	55	355	70	293	36	290	40	274	31	272	34
8	194	9	200	163	591	160	594	166	599	162	587	159	294	36	259	28	261	40	283	33	284	41	303	44
110	487	134	522	118	465	106	468	124	512	116	508	115	356	55
97	448	96	315	45	313	46	320	48	320	46	322	148	322	46	320	48	327	49	328	73	404	144
62	334	51	336	66	375	60	351	55	352	61	363	57	247	23	241	22	214	12	207	11	210	16
55	353	64	359	56	362	161	596	165	598	162	433	86	432	92
62	334	51	336	66	375	60	351	55	352	61	363	57	247	23	241	22	214	12	207	11	210	16
78	411	77	412	82	420	81
34	276	32	278	39	301	77	412	82	412	77
62	334	51	336	66	375	60	351	55	352	61	363	57	247	23	241	22	214	12	211	13	216	16	176	2
70	355	55	354	69	394	120	530	136
99	235	20	213	12	202	10	206	164	601	165
16	210	11	197	9	194	8	194	9	200	163	591	160	594	166	599	162	587	159	294	36	259	28	261	40	283	33	282	39	299	42	308	77	411	78
80	414	79	413	78	411	77	308	42	302	41	306	70	355	55
61	378	64	353	55	346	54	340	53	342	63	384	104
110	478	109	482	136	545	125	517	117	248	23	244	24	253	164
62	338	52	339	142	558	132	557	131	534	121	474	107	477	134	560	139
16	219	15	220	19	229	20	232	21	239	117	516	119	525	140	484	109	483	139
34	287	37	295	38	298	162	599	166	594	160	591	163	200	9	197	11	210	16
110	485	112	495	130	556	131	557	132	558	142	339	52	338	62	368	58	341	53	304	41	291	36	294	159	589	166	439	88	437	90	425	84	191	7	189	9	196	10	204	24	251	56	360	70	350	54	347	58	368	62
16	216	13	211	12	214	22	241	23	247	57	363	61	352	55	351	60	376	68	376	60	367	58	368	62
2	175	5	185	27	199	9	187	6	186	7	193	163	591	160	593	165
96	315	45	313	46	322	148
95	442	93	383	63	382	62	338	52	330	50	330	52	339	142	558	132
132	502	113	399	72	401	115	380	61
44	310	53	340	54	348	60	377	72	399	113	501	131
139	483	109	482	136	545	125	543	127	395	69	379	61	378	64	359	56	292	36	281	33
92	436	87	435	91	440	89	441	150	576	156	582	153	583	157
101	460	104	463	105	444	93	344	53	343	65	386	70	360	56	362	161	595	164	206	10	195	8	194	9	197	11	210	16
83	423	163	200	9	194	8	195	10	202	12	213	20	232	21	240	138
141	396	69	365	57	247	23	246	26
104	384	63	342	53	340	54	346	55
144	404	73	328	49	327	48	320	46	322	148	322	46	320	48	323	47	326	98	449	96	451	100	458	111	479	109	478	110	487	134	522	118
148	322	46	320	48	327	49	328	73
33	281	36	292	56	358	57	366	117	519	136
151	577	152	580	155
110	485	112	495	130	533	121	534	131	557	132	558	142	339	52	338	62
137	514	116	515	141	549	127	518	117	239	21	232	20	213	12	212	14	218	16
139	523	118	465	106	470	133	559	137	538	123	402	72	377	60	367	58	368	62
26	256	56	360	70	350	54	340	53	344	93	444	105	461	101
101	460	104	384	63	342	53	310	44	311	79	413	78
139	523	118	465	106	470	133	559	137	538	123	402	72	392	68	376	60	367	58	368	62
132	558	142	339	52	330	50	331	67	337	51	333	58	341	53	310	44	311	79	413	78
138	524	119	516	117	248	23	245	25	255	164	601	165
118	521	129	554	136	545	125	543	127	395	69	354	55	353	64	359	56	292	36	281	33
68	376	60	351	55	352	61	363	57	366	117	239	21	232	20
61	363	57	247	23	245	25	249	24	252	161	596	165	593	160	591	163	423	83
61	363	57	247	23	241	22	214	12	211	13	208	11	210	16	221	17	225	145	569	148
16	210	11	197	9	194	8	195	10	206	164	601	165	598	162	298	38	295	37
141	510	115	356	55	346	54	347	58	368	62
144	404	73	328	49	327	48	320	46	322	148	322	46	313	45	316	97	453	99	457	138
22	236	21	239	117	517	125	527	120	531	141	515	116	514	137	503	113	502	132
118	523	139	489	110	478	109	479	111	458	100	451	96
118	465	106	468	124	512	116	508	115	356	55	346	54	340	53	344	93	442	95
36	292	56	362	161	597	166	439	88	421	83
12	202	10	195	8	194	9	200	163	423	83
46	313	45	230	19	229	20	232	21
33	282	39	301	77
131	535	122	467	106	465	118	521	129	550	128
68	376	60	351	55	354	69	394	120	530	136
118	465	106	467	122	537	137	538	123	402	72	392	68	389	67	337	51	334	62	371	59	374	104	460	101
78	411	77	308	42	302	41	306	70	355	55
62	334	51	333	58	341	53	304	41	284	33
33	281	36	292	56	359	64	378	61	379	69	395	127	543	125	545	136	551	128	552	139
139	523	118	465	106	468	124	512	116	508	115	356	55
110	478	109	482	136	545	125	543	127	395	69	379	61	378	64	359	56	292	36	290	40	274	31	272	34
148	322	46	320	48	323	47	326	98	449	96	451	100	458	111	479	109	478	110	487	134	522	118
139	523	118	465	106	470	133	559	137	538	123	402	72	377	60	367	58	368	62
95	442	93	344	53	340	54	346	55	356	115	508	116	512	124	468	106	464	107	477	134	487	110
125	527	120	394	69	393	115	401	72	400	114	507	142
113	399	72	401	115	380	61	363	57	247	23	237	21	232	20	213	12	212	14	218	16
61	378	64	385	70	306	41	302	42	308	77	411	78
118	465	106	467	122	535	131	557	132	558	142	339	52	338	62
16	216	13	211	12	202	10	204	24	251	56	359	64	353	55
61	380	115	401	72	399	113	502	132
46	313	45	227	18	226	19	222	16
92	432	86	268	30	265	34
80	414	79	413	78	413	79	311	44
164	206	10	196	9	182	5	175	2
110	478	109	482	136	545	125	517	117	248	23	244	24	253	164
46	313	45	227	18	226	19	222	16	176	2
68	388	66	336	51	333	58	341	53	304	41	284	33	271	31	272	34
144	405	74	406	146	571	147	574	149	172	1	170	3	178	16	210	11	208	13	211	12	214	22	241	23	247	57	363	61
64	359	56	292	36	291	41	303	44
110	487	134	522	118	465	106	470	133	559	137	538	123	402	72	392	68	389	67	337	51	334	62	371	59	374	104	460	101
16	216	13	211	12	202	10	204	24	251	56	359	64	353	55
20	232	21	239	117	516	119	525	140	561	136	554	129	521	118
2	175	5	182	9	196	10	205	25	254	26	256	56	359	64	353	55
139	523	118	465	106	468	124	512	116	508	115	356	55	346	54	340	53	344	93	442	95
55	352	61	363	57	247	23	241	22	214	12	211	13	208	11	210	16	176	2	169	1	172	149	574	147	571	146	406	74	405	144
2	176	16	219	15	220	19	229	20	232	21	239	117	518	127	549	141
6	186	7	193	163	591	160	593	165	598	162	587	159	294	36	281	33
141	531	120	466	106	464	107	477	134	487	110
165	603	166	439	88	438	92	436	87	435	91	428	85	429	154	581	153	578	151	577	152	580	155
131	535	122	467	106	465	118	521	129	554	136	561	140	525	119	516	117	239	21	232	20	213	12	212	14	218	16
144	405	74	406	146	571	147	574	149	172	1	167	0	167	1	169	2	175	5	182	9	187	6	186	7	193	163	591	160	593	165	598	162	298	38	288	34
165	596	161	595	164	255	25	243	22	233	20	235	99
165	601	164	206	10	202	12	213	20
83	421	88	439	166	599	162	587	159	294	36	259	28	261	40	283	33	285	42	302	41	304	53	341	58	368	62
16	216	13	211	12	214	22	241	23	247	57	363	61	352	55	351	60	376	68	389	67	337	51	334	62
105	444	93	383	63	382	62	338	52	330	50	332	71	398	114	498	113	501	131	534	121	474	107	477	134	487	110
22	243	25	249	24	252	161	586	159	587	162	298	38	288	34
125	517	117	248	23	244	24	252	161	596	165
62	334	51	336	66	375	60	351	55	352	61
131	501	113	503	137	514	116	515	141	531	120	527	125	517	117	239	21	232	20	213	12	212	14	218	16
163	591	160	593	165
61	352	55	351	60	367	58	368	62	338	52
33	284	41	304	53	342	63	382	62	338	52	339	142
101	373	59	371	62	338	52	339	142
55	354	69	395	127	543	125	545	136	551	128	481	109	478	110
118	521	129	554	136	561	140	525	119	516	117	239	21	232	20	213	12	212	14	218	16
62	338	52	330	50	332	71	391	68	392	72	401	115	508	116	515	141	531	120	527	125	517	117	239	21	232	20
68	376	60	367	58	368	62	371	59	374	104	443	93	442	95
110	485	112	495	130	533	121	534	131	505	114	507	142
92	432	86	268	30
46	313	45	316	97	453	99	457	138	562	140	561	136	545	125	527	120	394	69	393	115
16	210	11	197	9	194	8	194	9	200	163	591	160	594	166	599	162	587	159	294	36	259	28	261	40	283	33	282	39	299	42	308	77	411	78	413	79	414	80
78	411	77	308	42	302	41	306	70	355	55	352	61
22	214	12	211	13	208	11	210	16	176	2	169	1	172	149	570	145	567	146	565	144
165	588	159	361	56	358	57	366	117	519	136
22	243	25	249	24	252	161	597	166	439	88	438	92	436	87	435	91	428	85	429	154	581	153	578	151	577	152	580	155	584	158
33	271	31	272	34	265	30	268	86	432	92
140	525	119	516	117	248	23	241	22	203	10	195	8	194	9	200	163
78	413	79	417	94	345	53	344	93	383	63	382	62
132	558	142	339	52	330	50	331	67	337	51	333	58	341	53	310	44	311	79	413	78
165	603	166	439	88	438	92
80	414	79	413	78	413	79	311	44	303	41	305	65	349	54	346	55	356	115	508	116	512	124	468	106	464	107	477	134
33	281	36	292	56	358	57	366	117	519	136	482	109
89	440	91	435	87	436	92
164	253	24	250	26	256	56	359	64	353	55	351	60	367	58	368	62
11	197	9	200	163	423	83	422	90	425	84	424	89	441	150	576	156	582	153	583	157
34	287	37	295	38	298	162	599	166	594	160	591	163	200	9	194	8
125	527	120	394	69	354	55	353	64	359	56	292	36	259	28	258	31	272	34
132	558	142	339	52	330	50	331	67	337	51	333	58	341	53	310	44	307	42	299	39	278	32	276	34
62	338	52	330	50	332	71	398	114	498	113	501	131	534	121	474	107	477	134	560	139
157	583	153	582	156	576	150	441	89	440	91	435	87	436	92	438	88	439	166	597	161	252	24	250	26	246	23	248	117	517	125	545	136	551	128	552	139
165	596	161	595	164	255	25	243	22	233	20	232	21	240	138
29	262	35	277	32	270	31	271	33
78	413	79	417	94	445	95
62	338	52	330	50	332	71	398	114	498	113	501	131	534	121	474	107	477	134	560	139
62	334	51	333	58	341	53	304	41	284	33	271	31	272	34
22	214	12	211	13	208	11	210	16	176	2	169	1	172	149	570	145	567	146	565	144
62	334	51	333	58	341	53	304	41	284	33
125	546	140	562	138	457	99	453	97
132	557	131	534	121	533	130	495	112	497	135	488	110	478	109	479	111	456	99
30	266	35	262	29	264	82	416	79	417	94
52	338	62	334	51	336	66	375	60	351	55
53	340	54	346	55	354	69	394	120	466	106	464	107	477	134	487	110
33	284	41	304	53	341	58	368	62
44	312	94	445	95	446	101	459	102	459	101
80	414	79	413	78	411	77	301	39	282	33
121	474	107	477	134	560	139	483	109	484	140	525	119	516	117	239	21	232	20	213	12	212	14	218	16
62	334	51	336	66	375	60	351	55	352	61	363	57	247	23	241	22
61	378	64	359	56	292	36	259	28	258	31	272	34
92	432	86	268	30	265	34	276	32	275	33	284	41
132	557	131	534	121	533	130	495	112	497	135	488	110	478	109	479	111	458	100	451	96	449	98	317	45	313	46	322	148
22	233	20	235	99	456	111	491	135	497	112	494	121	534	131
136	554	129	521	118	465	106	467	122	535	131	505	114	507	142
34	272	31	274	40	290	36	292	56	359	64	378	61	379	69	395	127	543	125	545	136	561	140	562	138
6	187	9	199	27	181	4	174	2
62	338	52	330	50	332	71	398	114	498	113	501	131	534	121	474	107	477	134	487	110
62	334	51	336	66	375	60	351	55	352	61	363	57	247	23	241	22
139	523	118	465	106	470	133	559	137	538	123	402	72	392	68	376	60	367	58	368	62
34	287	37	295	38	298	162	599	166	594	160	591	163	200	9	194	8	194	9	197	11	210	16	176	2	169	1	172	149	574	147	571	146	406	74	405	144
62	338	52	330	50	332	71	398	114	498	113	501	131	534	121	474	107	477	134	560	139
131	501	113	399	72	401	115	356	55	346	54	340	53	304	41	284	33
121	474	107	477	134	560	139	483	109	484	140	525	119	516	117	239	21	232	20	213	12	212	14	218	16
125	546	140	562	138	457	99	453	97	316	45	313	46
44	303	41	306	70	385	64	353	55	354	69	394	120	529	129	550	128
8	195	10	206	164	206	10	202	12	213	20	232	21	239	117	516	119	525	140	553	128	481	109	478	110
61	363	57	247	23	245	25	249	24	252	161	597	166	439	88	438	92	436	87	435	91	440	89	441	150	576	156	582	153	583	157
16	219	15	220	19	229	20	232	21	239	117	516	119	525	140	546	125	544	129	521	118
128	553	140	525	119	516	117	239	21	232	20	213	12	212	14	218	16	221	17	225	145
154	429	85	428	91	435	87	436	92	432	86	268	30	265	34
134	471	106	468	124	512	116	508	115	356	55	346	54	349	65	305	41	303	44	311	79	413	78
131	501	113	500	123	511	116	508	115	356	55	346	54	349	65	305	41	302	42	308	77	411	78
92	432	86	268	30	265	34	272	31	271	33	284	41	304	53
110	487	134	522	118	465	106	470	133	559	137	538	123	402	72	392	68	389	67	337	51	334	62	371	59	374	104	460	101
2	175	5	185	27	199	9	187	6	186	7	190	83	422	90	437	88	438	92	432	86	426	85	426	86	268	30	266	35	262	29
97	453	99	456	111	479	109	478	110	488	135	488	110	488	135	497	112	495	130	533	121	534	131	557	132	558	142
42	302	41	306	70	355	55	352	61
73	328	49	327	48	320	46	322	148
130	495	112	496	134	560	139	483	109	484	140	525	119	516	117	239	21	232	20	213	12	212	14	218	16
124	526	120	527	125	517	117	239	21	232	20	213	12	212	14	218	16	176	2
70	355	55	354	69	394	120	466	106	465	118
142	507	114	505	131	534	121	474	107	477	134	487	110
134	560	139	483	109	484	140	525	119	516	117	239	21	232	20	213	12	212	14	218	16
2	175	5	182	9	194	8	194	9	200	163	591	160	594	166	599	162	298	38	288	34
20	213	12	202	10	206	164	595	161	586	159	587	162	298	38	267	30
62	334	51	333	58	341	53	310	44
95	442	93	344	53	340	54	346	55
2	177	17	223	18	227	45	315	96
99	457	138	562	140	484	109	483	139
110	478	109	482	136	545	125	517	117	248	23	241	22	203	10	195	8	194	9	200	163	188	6
20	229	19	230	45	313	46
60	348	54	349	65	305	41	302	42	308	77	411	78
157	579	151	579	157	585	156	576	150	441	89	424	84	191	7	186	6	187	9	199	27	181	4	174	2
33	271	31	272	34	286	35	262	29
99	235	20	233	22	243	25	255	164	595	161	586	159	587	162	298	38	288	34
80	414	79	413	78
109	481	128	550	129	544	125	543	127	395	69	354	55	353	64	359	56	292	36	281	33
141	531	120	527	125	517	117	239	21	232	20	213	12	212	14	218	16	176	2
44	303	41	306	70	360	56	362	161	595	164	253	24	242	22	214	12	211	13	216	16	176	2
6	186	7	191	84	424	89	441	150	576	156	582	153	583	157
22	243	25	255	164	601	165
80	414	79	413	78	411	77	301	39	278	32	276	34	287	37	295	38	298	162	599	166	594	160	591	163	200	9	194	8	194	9	197	11	210	16
101	460	104	463	105	444	93	344	53	340	54	346	55	352	61	363	57	247	23	241	22
131	557	132	558	142	339	52	338	62	371	59	374	104	443	93	442	95
97	448	96	315	45	313	46	320	48	320	46	322	148	322	46	320	48	327	49	328	73	403	76
61	378	64	359	56	292	36	281	33
26	254	25	249	24	204	10	195	8	194	9	200	163
104	384	63	342	53	310	44	311	79	413	78
118	521	129	554	136	561	140	525	119	516	117	239	21	232	20	213	12	212	14	209	11
22	214	12	211	13	208	11	210	16	176	2	169	1	172	149	574	147	571	146	406	74	405	144
164	206	10	196	9	187	6	187	9	182	5	175	2	169	1	167	0	167	1	172	149	570	145	567	146	565	144
118	521	129	544	125	546	140	525	119	516	117	239	21	232	20	213	12	212	14	218	16	176	2
29	262	35	286	34
134	487	110	478	109	479	111	458	100	451	96
62	338	52	330	50	330	52	339	142	558	132
22	236	21	239	117	518	127	549	141	515	116	511	123	500	113	502	132
144	404	73	328	49	327	48	320	46	322	148	322	46	320	48	323	47	326	98	449	96	451	100	458	111	479	109	478	110	487	134
83	422	90	192	7	186	6
78	411	77	301	39	278	32	270	31
62	334	51	336	66	375	60	348	54	350	70
165	593	160	591	163	200	9	194	8	194	9	197	11	210	16	221	17	225	145	569	148
62	334	51	333	58	341	53	304	41	284	33
95	445	94	417	79	413	78
118	523	139	489	110	478	109	479	111	456	99	453	97	316	45	313	46	322	148
121	532	122	537	137	514	116	515	141	396	69	365	57	247	23	246	26
134	471	106	467	122	537	137	538	123	402	72	377	60	367	58	368	62
155	580	152	577	151	579	157
144	565	146	567	145	225	17	179	3	178	16
166	603	165	588	159	294	36	281	33
78	411	77	301	39	278	32	276	34	287	37	295	38	298	162	598	165
165	598	162	587	159	294	36	259	28	261	40	283	33	284	41	303	44
144	404	73	403	76	329	49	327	48	320	46	322	148	322	46	320	48	320	46	313	45	316	97	234	20	233	22
46	313	45	227	18	226	19	222	16
34	272	31	274	40	290	36	293	70	355	55	357	141
99	456	111	479	109	478	110	487	134	522	118
62	334	51	336	66	375	60	351	55	352	61	363	57	247	23	241	22	214	12	207	11	210	16
78	411	77	308	42	302	41	291	36	292	56	358	57	366	117	519	136
2	169	1	172	149	570	145	569	148
16	210	11	197	9	194	8	195	10	204	24	250	26	256	56	359	64	385	70	350	54	340	53	344	93	442	95
118	465	106	468	124	512	116	508	115	356	55	355	70	306	41	302	42
55	346	54	349	65	305	41	302	42	308	77	411	78	413	79	414	80
29	262	35	277	32	270	31	271	33
62	338	52	330	50	332	71	391	68	392	72	401	115	508	116	515	141	531	120	527	125	517	117	239	21	232	20
136	519	117	516	119	516	117	239	21	232	20	213	12	212	14	218	16	176	2
20	234	97	316	45	313	46	320	48	320	46	322	148	322	46	320	48	327	49	328	73	404	144
76	410	144	405	74	406	146	571	147	574	149	172	1	170	3	178	16
115	356	55	346	54	340	53	310	44
16	219	15	220	19	229	20	232	21	239	117	516	119	525	140	546	125	544	129	521	118	465	106
138	562	140	561	136	545	125	527	120	531	141	515	116	508	115	401	72	377	60	367	58	368	62
22	241	23	247	57	363	61	352	55	346	54	340	53	344	93	444	105	461	101
78	411	77	308	42	302	41	306	70	355	55
62	334	51	336	66	375	60	351	55	352	61	363	57	247	23	241	22
82	412	77	411	78	411	77	301	39	282	33	281	36	292	56	256	26
136	519	117	366	57	364	64	359	56	292	36	259	28	258	31	272	34
29	262	35	286	34
78	411	77	412	82
101	460	104	463	105	444	93	344	53	310	44
106	468	124	512	116	508	115	356	55	346	54	349	65	305	41	303	44	311	79	413	78
164	206	10
81	415	79	413	78
110	485	112	495	130	533	121
22	241	23	247	57	363	61	352	55	346	54	340	53	344	93	442	95
110	478	109	484	140	525	119	516	117	239	21	232	20	213	12	212	14	218	16	176	2	169	1	169	2	175	5	182	9	187	6
62	334	51	336	66	375	60	351	55	352	61	363	57	247	23	241	22	214	12	207	11	210	16
22	236	21	239	117	517	125	544	129	521	118	465	106	467	122	475	107	472	112	495	130
16	216	13	211	12	214	22	241	23	247	57
8	194	9	200	163	423	83	422	90	437	88	438	92
78	413	79	311	44	310	53	342	63	384	104
16	219	15	220	19	229	20	232	21	239	117	516	119	525	140	553	128	481	109	478	110
118	521	129	554	136	561	140	525	119	516	117	239	21	232	20	213	12	212	14	218	16	176	2	169	1	169	2	175	5	182	9	187	6
110	478	109	482	136	545	125	517	117	239	21	236	22
36	292	56	359	64	353	55	354	69	395	127	543	125	545	136	551	128	481	109	478	110
16	210	11	197	9	194	8	194	9	200	163	591	160	594	166	599	162	587	159	294	36	259	28	261	40	283	33	284	41	303	44
105	444	93	344	53	340	54	346	55	354	69	394	120	529	129	550	128
136	530	120	531	141	515	116	508	115	401	72	392	68	389	67	337	51	334	62	371	59	374	104	460	101
148	322	46	313	45	316	97
99	456	111	479	109	478	110	487	134	522	118
1	167	0	168	143	408	75
62	371	59	374	104	460	101
99	235	20	213	12	202	10	206	164	601	165
151	579	157	585	156	576	150	441	89	440	91	435	87	436	92	438	88	439	166	603	165
83	422	90	425	84	424	89	441	150	576	156	582	153	583	157
80	414	79	413	78	411	77	308	42	302	41	306	70	355	55
55	353	64	359	56	361	159	588	165
62	334	51	333	58	341	53	304	41	302	42	299	39	278	32	276	34	265	30	268	86	432	92
44	310	53	340	54	348	60	377	72	399	113	501	131
128	553	140	562	138	457	99	453	97	316	45	313	46
16	210	11	197	9	194	8	195	10	206	164	601	165	598	162	587	159	294	36	259	28	261	40	283	33	282	39	301	77	411	78
55	352	61	363	57	247	23	241	22	214	12	211	13	208	11	210	16	221	17	225	145	569	148
78	411	77	301	39	278	32	276	34	287	37	295	38	298	162	598	165
33	285	42	302	41	304	53	342	63	382	62	338	52	339	142	558	132
16	176	2	169	1	172	149	570	145	567	146	406	74
95	442	93	344	53	340	54	346	55	352	61	363	57	247	23	241	22
16	210	11	208	13	211	12	214	22	241	23	247	57	363	61	352	55	351	60	376	68	376	60	367	58	368	62
61	378	64	385	70	306	41
99	235	20	233	22	242	24	251	56
95	442	93	344	53	343	65	386	70	360	56	362	161	595	164	255	25	205	10	202	12	198	9	182	5	175	2
154	581	153	578	151	577	152	577	151
99	457	138	562	140	561	136
138	524	119	516	117	517	125	527	120	531	141	515	116	508	115	401	72	392	68	376	60	367	58	368	62
53	340	54	346	55	356	115	508	116	512	124	468	106	464	107	477	134	487	110
165	598	162	587	159	294	36	259	28	261	40	283	33	284	41	304	53	344	93	444	105
78	411	77	301	39	278	32	276	34	287	37	295	38	298	162	599	166	594	160	591	163	193	7	189	9	199	27
16	210	11	201	10	206	164	601	165	598	162	587	159	294	36	259	28	261	40	283	33	282	39	301	77	411	78
95	445	94	312	44	307	42	299	39	278	32	276	34	265	30	268	86	432	92
2	175	5	183	11	207	12	214	22	241	23	247	57	363	61	352	55	351	60	376	68	376	60	367	58	368	62
101	460	104	463	105	444	93	344	53	340	54	346	55	352	61	363	57	247	23	241	22
101	460	104	384	63	342	53	310	44	307	42	285	33	283	40	261	28	259	36	294	159	588	165
38	267	30	265	34	276	32	278	39	301	77	411	78
8	194	9	197	11	210	16	221	17	223	18	227	45	313	46	322	148
139	523	118	465	106	470	133	559	137	538	123	402	72	392	68	389	67	337	51	334	62	371	59	374	104	460	101
132	557	131	534	121	474	107	477	134	560	139
118	465	106	468	124	512	116	508	115	356	55	346	54	340	53	310	44
115	356	55	353	64	359	56	361	159	588	165
8	195	10	206	164	206	10	205	25	254	26	256	56	359	64	385	70	350	54	340	53
46	313	45	227	18	226	19	222	16	210	11	197	9	194	8	194	9	200	163	591	160	594	166	599	162	587	159	294	36	281	33
99	450	96	315	45	313	46	320	48	320	46	322	148	322	46	320	48	327	49	329	76
43	309	82	412	77	411	78	413	79	417	94	345	53	344	93	383	63	382	62
95	442	93	344	53	343	65	386	70	360	56	362	161	595	164	206	10	195	8	194	9	197	11	210	16
148	572	146	563	143	408	75	407	76	410	144	405	74
75	408	143	168	0	167	1	169	2	175	5	182	9	187	6
147	574	149	172	1
33	283	40	261	28	259	36	294	159	589	166	594	160	591	163	193	7	186	6
131	535	122	467	106	466	120	527	125	517	117	239	21	232	20	213	12	212	14	218	16	176	2
62	338	52	330	50	332	71	398	114	498	113	501	131	534	121	474	107	477	134
151	578	153	578	151	577	152	577	151	578	153	581	154
141	357	55	355	70	293	36	259	28	258	31	272	34
6	187	9	182	5	175	2	169	1	172	149	574	147
148	322	46	320	48	323	47	326	98	449	96	451	100	458	111	479	109	478	110
78	413	79	413	78	411	77	301	39	278	32	276	34
22	243	25	249	24	252	161	597	166	439	88	438	92	436	87	435	91	440	89	441	150	576	156	582	153	583	157
55	352	61	363	57	247	23	241	22	214	12	207	11	210	16
62	334	51	333	58	341	53	304	41	302	42	299	39	278	32	276	34
149	172	1	169	2	175	5	182	9	187	6
118	465	106	467	122	535	131	557	132	558	142	339	52	338	62
53	342	63	382	62	338	52	339	142
99	456	111	479	109	478	110	487	134
22	233	20	235	99	456	111	491	135	497	112	494	121	534	131
118	465	106	468	124	512	116	508	115	356	55	346	54	340	53	304	41	284	33
83	190	7	189	9	197	11
64	353	55	346	54	346	55	346	54	347	58	368	62
33	284	41	303	44	312	94	445	95
34	276	32	280	43	309	82
138	524	119	525	140	484	109	481	128	552	139	489	110	485	112
66	336	51	334	62	371	59	373	101
62	334	51	333	58	341	53	304	41	302	42	285	33	271	31	272	34
131	557	132	558	142	339	52	338	62
80	414	79	413	78	411	77	301	39	278	32	276	34
151	578	153	582	156	576	150	441	89	440	91	435	87	436	92	432	86	268	30	265	34
55	355	70	293	36	281	33
136	530	120	531	141	515	116	508	115	401	72	392	68	389	67	337	51	334	62	371	59	374	104	460	101
17	221	16	210	11	197	9	194	8	194	9	200	163	591	160	594	166	599	162	298	38	288	34
141	549	127	518	117	239	21	232	20	213	12	212	14	218	16	176	2
165	598	162	587	159	294	36	259	28	261	40	283	33	284	41	304	53
34	276	32	278	39	301	77	412	82	412	77	411	78	413	79	414	80
62	338	52	330	50	332	71	397	72	401	115	393	69	394	120	530	136
55	352	61	363	57	247	23	241	22	233	20	235	99
49	328	73	404	144
99	456	111	479	109	478	110	487	134	522	118
11	201	10	206	164	601	165	598	162	587	159	294	36	259	28	261	40	283	33	282	39	299	42	308	77	411	78
97	448	96	449	98	317	45	313	46	320	48	320	46	322	148	322	46	320	48	327	49	329	76	410	144	405	74
78	411	77	301	39	278	32	276	34	287	37	295	38	298	162	599	166	594	160	591	163	200	9	194	8	194	9	197	11	210	16	221	17	225	145	569	148
99	457	138	562	140	546	125	544	129	521	118
118	465	106	470	133	559	137	538	123	402	72	377	60	367	58	368	62
136	561	140	562	138	457	99
61	363	57	247	23	237	21	232	20	229	19	230	45	313	46
62	334	51	336	66	375	60	351	55	352	61	363	57	247	23	241	22
16	216	13	211	12	214	22	241	23	247	57	363	61	352	55	351	60	376	68	376	60	367	58	368	62
95	442	93	344	53	340	54	346	55	354	69	395	127	543	125	517	117	516	119
78	411	77	301	39	278	32	276	34
55	353	64	359	56	362	161	596	165	603	166	439	88	438	92	436	87	435	91	440	89	441	150	576	156	582	153
55	352	61	363	57	247	23	241	22	214	12	198	9	182	5	175	2
118	521	129	554	136	545	125	517	117	248	23	245	25	249	24	252	161	597	166	439	88	438	92	436	87	435	91	440	89	441	150	576	156	582	153	583	157
95	442	93	344	53	340	54	346	55	356	115	508	116	512	124	468	106	464	107	477	134	487	110
118	465	106	468	124	512	116	508	115	356	55	346	54	349	65	305	41	303	44	311	79	413	78	411	77	412	82
105	444	93	344	53	304	41	284	33	283	40	261	28	259	36	294	159	588	165
29	262	35	286	34
163	591	160	593	165
78	411	77	301	39	278	32	276	34	287	37	295	38	298	162	599	166	594	160	591	163	193	7	189	9	199	27
34	272	31	274	40	290	36	293	70	355	55
55	353	64	359	56	251	24	204	10	195	8	194	9	200	163
22	241	23	247	57	363	61	352	55	351	60	367	58	368	62
142	507	114	400	72	401	115	393	69	394	120	527	125
92	438	88	439	166	597	161	362	56	359	64	353	55	354	69	396	141
128	553	140	562	138	457	99	453	97	316	45	313	46	320	48	320	46	322	148	566	144
83	421	88	439	166	597	161	362	56	359	64	353	55	354	69	393	115	401	72	399	113	501	131
81	415	79	413	78
121	534	131	557	132	558	142	339	52	338	62	371	59	374	104	443	93	442	95
136	561	140	525	119	516	117	239	21	232	20	213	12	212	14	218	16	210	11	197	9	187	6
118	523	139	489	110	478	109	479	111	456	99	453	97
66	375	60	351	55	346	54	349	65	305	41	302	42	308	77	411	78	411	77	412	82
62	338	52	330	50	332	71	397	72	402	123	538	137	537	122	467	106	465	118
99	456	111	479	109	478	110
34	272	31	274	40	290	36	292	56	358	57	363	61
8	195	10	206	164	255	25	254	26	256	56	359	64	385	70	350	54	347	58	333	51	334	62
33	281	36	292	56
22	233	20	234	97
22	241	23	247	57	363	61	352	55	351	60	367	58	368	62
157	583	153	582	156	576	150	441	89	440	91	435	87	436	92	438	88	439	166	603	165
62	334	51	336	66	375	60	351	55	352	61	363	57	247	23	241	22
78	413	79	311	44	303	41	305	65	349	54	346	55	356	115	508	116	512	124	468	106	465	118
144	404	73	328	49	327	48	320	46	322	148	322	46	320	48	323	47	326	98	449	96	451	100	458	111	479	109	478	110	487	134	522	118
97	316	45	313	46
78	411	77	308	42	302	41	306	70	355	55
78	411	77	308	42	302	41	305	65	349	54	346	55	356	115	508	116	512	124	468	106	465	118
33	281	36	292	56	359	64	353	55	354	69	395	127	543	125	545	136	554	129	521	118
92	436	87	435	91
62	334	51	333	58	341	53	304	41	284	33	271	31	272	34
82	309	43	280	32	276	34
144	404	73	328	49	327	48	320	46	322	148	322	46	320	48	323	47	326	98	449	96	451	100	458	111	479	109	478	110
165	588	159	361	56	358	57	366	117	519	136	482	109
61	379	69	394	120	466	106	465	118
142	507	114	498	113	499	122	467	106	465	118	521	129	554	136
118	465	106	467	122	535	131	557	132	558	142	339	52	338	62
2	175	5	182	9	196	10	205	25	245	23	247	57	363	61
78	411	77	412	82
144	404	73	328	49	327	48	320	46	313	45	227	18	226	19	222	16
165	598	162	587	159	294	36	259	28	261	40	283	33	284	41	303	44	312	94	445	95
53	304	41	284	33	282	39	278	32	276	34	265	30	268	86	432	92
33	281	36	292	56	358	57	366	117	519	136
121	532	122	467	106	466	120	527	125	517	117	248	23	245	25	249	24	252	161	597	166	439	88	438	92
61	363	57	247	23	237	21	232	20
75	408	143	168	0	167	1	169	2	175	5	182	9	187	6
46	313	45	227	18	226	19	222	16	210	11	197	9	194	8
157	579	151	577	152	580	155	584	158	584	155
83	422	90	437	88	438	92
62	338	52	330	50	332	71	397	72	401	115	508	116	515	141	531	120	530	136
118	465	106	466	120	394	69	354	55	346	54	347	58	368	62
6	187	9	182	5	175	2	169	1	167	0	168	143	408	75
148	322	46	313	45	316	97	453	99	457	138	524	119
144	405	74	406	146	571	147	574	149	172	1	170	3	178	16
2	176	16	219	15	220	19	229	20	232	21	239	117	516	119	525	140	484	109	483	139
34	276	32	278	39	299	42	307	44	312	94	345	53	344	93	383	63	382	62
136	519	117	518	127	395	69	354	55	353	64	385	70	306	41	302	42	308	77	411	78	413	79	414	80
155	580	152	577	151	578	153	581	154
16	216	13	211	12	214	22	241	23	247	57	363	61	352	55	351	60	376	68	376	60	367	58	368	62
8	195	10	206	164	253	24	251	56	359	64	353	55
55	351	60	376	68	389	67	337	51	334	62	371	59	374	104
118	521	129	554	136	545	125	517	117	239	21	236	22
30	268	86	268	30	267	38	298	162	587	159	586	161	595	164	255	25	243	22
6	187	9	182	5	175	2	169	1	172	149	574	147
61	352	55	355	70	306	41	302	42	308	77	411	78
34	272	31	271	33	284	41	303	44	312	94	445	95	446	101
132	558	142	339	52	330	50	331	67	337	51	333	58	341	53	310	44
22	243	25	249	24	252	161	586	159	587	162	587	159	294	36	259	28	261	40	283	33	282	39	301	77	411	78
62	334	51	336	66	375	60	351	55	352	61	363	57	247	23	241	22	203	10	195	8
134	487	110	478	109	479	111	456	99	453	97	316	45	313	46	322	148
95	445	94	312	44	307	42	299	39	278	32	276	34
95	442	93	344	53	340	54	346	55	352	61	363	57	247	23	241	22
64	359	56	292	36	281	33	284	41	303	44
33	281	36	292	56	358	57	366	117	519	136
62	334	51	336	66	375	60	351	55	352	61	363	57	247	23	241	22
132	502	113	499	122	467	106	465	118
125	543	127	395	69	354	55	346	54	340	53	344	93	442	95
109	484	140	525	119	516	117	239	21	232	20	213	12	212	14	218	16
101	373	59	371	62
33	271	31	258	28	259	36	294	159	586	161	595	164	206	10	201	11	210	16
55	352	61	363	57	247	23	245	25	255	164
2	176	16	219	15	220	19	229	20	232	21	239	117	518	127	549	141
22	214	12	211	13	208	11	210	16	176	2	169	1	172	149	574	147	571	146	406	74	405	144
62	371	59	374	104	463	105	447	95	445	94	417	79	413	78
99	456	111	479	109	478	110	489	139	523	118	465	106	470	133	559	137	538	123	402	72	377	60	367	58	368	62
83	421	88	439	166	597	161	362	56	358	57	363	61
62	334	51	336	66	375	60	351	55	352	61	363	57	247	23	241	22	214	12	198	9	182	5	175	2
118	465	106	470	133	559	137	538	123	402	72	392	68	389	67	337	51	334	62	371	59	374	104	460	101
128	553	140	562	138	457	99	453	97	316	45	313	46	322	148
55	354	69	394	120	530	136	482	109
34	272	31	274	40	290	36	293	70	350	54	346	55	356	115	508	116	512	124	468	106	464	107	477	134
62	338	52	330	50	332	71	398	114	498	113	499	122	475	107	472	112	495	130
121	532	122	467	106	466	120	394	69	354	55	355	70	306	41
110	485	112	495	130	533	121	534	131	557	132	558	142	339	52	338	62
109	484	140	561	136	545	125	527	120	531	141
62	338	52	330	50	332	71	397	72	401	115	508	116	515	141	531	120	530	136
62	371	59	374	104
16	219	15	220	19	229	20	232	21	239	117	516	119	516	117	519	136
95	442	93	344	53	340	54	346	55	352	61	363	57	247	23	241	22
78	413	79	415	81
44	303	41	306	70	385	64
139	483	109	484	140	525	119	516	117	239	21	232	20	213	12	212	14	218	16
118	465	106	467	122	535	131	557	132	558	142	339	52	338	62
34	287	37	295	38	298	162	599	166	594	160	591	163	200	9	194	8	194	9	197	11	210	16
110	478	109	479	111	456	99	453	97	316	45	313	46	322	148
33	281	36	294	159	586	161	595	164	255	25	243	22	233	20	235	99
110	478	109	479	111	456	99	453	97	316	45	313	46	320	48	320	46	322	148	322	46	320	48	327	49	328	73	404	144
62	338	52	330	50	332	71	398	114	498	113	501	131	534	121	474	107	477	134	560	139	483	109
52	338	62	371	59	374	104	463	105	447	95	445	94	417	79	413	78
29	262	35	286	34
22	241	23	247	57	363	61	352	55	346	54	340	53	344	93	442	95
62	338	52	339	142	558	132	557	131	534	121	474	107	477	134	560	139
62	371	59	374	104	460	101
139	523	118	465	106	467	122	535	131	557	132	558	142	339	52	338	62
61	379	69	395	127	543	125	545	136	551	128	481	109	478	110
46	313	45	316	97	453	99	456	111	479	109	478	110	487	134	522	118
158	584	155	580	152	577	151	578	153	583	157	585	156	576	150	441	89	424	84	425	90	437	88	438	92	438	88	439	166	603	165	601	164	206	10	203	22
92	432	86	433	162	598	165	601	164	206	10	203	22
61	378	64	385	70	306	41	284	33
97	448	96	315	45	313	46	322	148
165	601	164	206	10	195	8	194	9	197	11	210	16
144	405	74	406	146	571	147	574	149	172	1	167	0	167	1	169	2	175	5	182	9	187	6	186	7	193	163	591	160	594	166	599	162	298	38	288	34
36	294	159	586	161	595	164	253	24	242	22	214	12	198	9	182	5	175	2
56	251	24	204	10	201	11
165	598	162	587	159	294	36	259	28	261	40	283	33	282	39	301	77	411	78
29	262	35	277	32	270	31	274	40	290	36	292	56	358	57	363	61
119	524	138	457	99	453	97	316	45	313	46	320	48	320	46	322	148	322	46	320	48	327	49	328	73	404	144
125	517	117	239	21	232	20	213	12	212	14	218	16	176	2	169	1	172	149	574	147	564	143	408	75
158	584	155	580	152	577	151	579	157
118	521	129	554	136	561	140	525	119	516	117	239	21	232	20	213	12	212	14	218	16
121	533	130	495	112	497	135	488	110	478	109	479	111	456	99
95	442	93	383	63	382	62	338	52	330	50	330	52	339	142	558	132
101	373	59	372	63	342	53	304	41	284	33
94	417	79	416	82	264	29	262	35	266	30
132	502	113	503	137	514	116	515	141	531	120	527	125	517	117	248	23	244	24	249	25	255	164	601	165
34	272	31	274	40	290	36	293	70	355	55
55	352	61	363	57	247	23	241	22	214	12	211	13	208	11	210	16	176	2	169	1	172	149	574	147	571	146	406	74	405	144
6	186	7	191	84	424	89	441	150	576	156	582	153	583	157
131	501	113	399	72	401	115	380	61	363	57	247	23	241	22
78	411	77	301	39	282	33
138	240	21	232	20	234	97	316	45	313	46	322	148	566	144
138	524	119	516	117	517	125	527	120	531	141	515	116	508	115	356	55	346	54	347	58	368	62
121	474	107	464	106	466	120	527	125	517	117	239	21	232	20	213	12
136	561	140	525	119	516	117	239	21	232	20	213	12	198	9	194	8
62	334	51	333	58	341	53	304	41	284	33
16	216	13	211	12	202	10	204	24	251	56	359	64	353	55
78	411	77	301	39	278	32	276	34	265	30	268	86	432	92
6	187	9	196	10	204	24	251	56	359	64	353	55
62	334	51	336	66	375	60	351	55	352	61	363	57	247	23	241	22	214	12	211	13	208	11	210	16	176	2	169	1	172	149	570	145	567	146	565	144
62	338	52	330	50	332	71	398	114	498	113	501	131	534	121	474	107	477	134	560	139
95	442	93	344	53	340	54	346	55
34	272	31	274	40	290	36	293	70	355	55	357	141
154	581	153	578	151	577	152	580	155	584	158	584	155
132	502	113	399	72	401	115	380	61	363	57	247	23	241	22
53	304	41	284	33	271	31	272	34
101	460	104	384	63	382	62	338	52	330	50	332	71	398	114	498	113	501	131	534	121	474	107	477	134	487	110
78	411	77	308	42	302	41	306	70	355	55
16	219	15	220	19	229	20	232	21	239	117	516	119	525	140	484	109
8	195	10	206	164	253	24	251	56	359	64	353	55
83	190	7	186	6	187	9	182	5	175	2	169	1	167	0	167	1	172	149	570	145	569	148
83	422	90	437	88	438	92	432	86	268	30	265	34	276	32	278	39	301	77	411	78
144	404	73	328	49	327	48	323	47	325	97
70	355	55	354	69	394	120	530	136
138	562	140	561	136	545	125	527	120	531	141
62	334	51	333	58	341	53	304	41	302	42	299	39	278	32	276	34	265	30	268	86	432	92
165	598	162	587	159	294	36	259	28	261	40	283	33	285	42	302	41	304	53	341	58	368	62
144	405	74	406	146	571	147	574	149	172	1	167	0	167	1	169	2	175	5	182	9	187	6	186	7	193	163	591	160	594	166	599	162	298	38	288	34
128	551	136	519	117	248	23	244	24	252	161	596	165
55	353	64	359	56	361	159	588	165	598	162	433	86	432	92
33	271	31	272	34	286	35	262	29
34	287	37	295	38	298	162	599	166	600	163	200	9	194	8
34	272	31	271	33	284	41	303	44	312	94	445	95
110	478	109	484	140	525	119	516	117	239	21	232	20	213	12	212	14	218	16
96	315	45	313	46	320	48	320	46	322	148	566	144
76	409	143	563	146	571	147	574	149	172	1	170	3	173	2
155	580	152	577	151	579	157
29	262	35	277	32	270	31	271	33
2	176	16	219	15	220	19	229	20	232	21	239	117	516	119	525	140	484	109	483	139
85	426	86	432	92
158	584	155	580	152	577	151	578	153	581	154
118	521	129	554	136	545	125	517	117	248	23	245	25	255	164	601	165
99	457	138	562	140	561	136
148	569	145	225	17	179	3	173	2	175	5	182	9	196	10	204	24	250	26	256	56	359	64	385	70	350	54	340	53	344	93	444	105	461	101
44	303	41	284	33	283	40	261	28	259	36	294	159	588	165
134	560	139	483	109	484	140	525	119	524	138
62	334	51	333	58	341	53	304	41	291	36	259	28
33	281	36	292	56	359	64	353	55	354	69	395	127	543	125	545	136	554	129	521	118
55	356	115	508	116	512	124	468	106	464	107	477	134	487	110
141	357	55	346	54	347	58	368	62
99	450	96	315	45	313	46	320	48	320	46	322	148	322	46	320	48	327	49	328	73	404	144
33	281	36	292	56	358	57	366	117	519	136	482	109
141	357	55	355	70	293	36	259	28	258	31	272	34
144	565	146	567	145	225	17	179	3	178	16
132	502	113	499	122	467	106	466	120	527	125	517	117	239	21	232	20	213	12	212	14	218	16
136	530	120	394	69	354	55
101	373	59	372	63	342	53	343	65	386	70	360	56	251	24	253	164	255	25
55	354	69	394	120	530	136	482	109
164	253	24	250	26	256	56	359	64	385	70	350	54	348	60	367	58	333	51	334	62
165	598	162	587	159	294	36	259	28	261	40	283	33	285	42	302	41	304	53	341	58	368	62
22	241	23	247	57	363	61	352	55	351	60	367	58	368	62
131	501	113	500	123	511	116	508	115	356	55	346	54	349	65	305	41	302	42	308	77	411	78	411	77	412	82	420	81
158	584	155	580	152	577	151	578	153	581	154
33	281	36	292	56	358	57	366	117	517	125
141	357	55	353	64	359	56	256	26	257	161	596	165
62	338	52	330	50	332	71	398	114	498	113	501	131	534	121	533	130	495	112	497	135	488	110	478	109	479	111	456	99	453	97
55	352	61	363	57	366	117	516	119	524	138
62	338	52	330	50	332	71	397	72	401	115	380	61	363	57	366	117	520	140
34	272	31	271	33	284	41	303	44	312	94	445	95
2	175	5	185	27	199	9	187	6	186	7	193	163	591	160	594	166	599	162	587	159	294	36	259	28	261	40	283	33	284	41	303	44
34	272	31	274	40	290	36	293	70	350	54	346	55	356	115	508	116	512	124	468	106	464	107	472	112	495	130
16	176	2	169	1
16	219	15	220	19	229	20	232	21	239	117	516	119	525	140	561	136	554	129	521	118
22	236	21	239	117	517	125	545	136	551	128	552	139	560	134
34	272	31	274	40	290	36	293	70	350	54	346	55	356	115	508	116	512	124	468	106	465	118
131	501	113	500	123	511	116	508	115	356	55	346	54	350	70	293	36	290	40	274	31	272	34
144	410	76
46	313	45	227	18	226	19	222	16
20	232	21	239	117	517	125	527	120	531	141	515	116	508	115	401	72	392	68	376	60	367	58	368	62
62	338	52	330	50	332	71	398	114	498	113	501	131	534	121	474	107	477	134	560	139
16	210	11	201	10	205	25
53	343	65	386	70	360	56	362	161	595	164	255	25	205	10	202	12	198	9	182	5	175	2
62	338	52	330	50	332	71	398	114	498	113	501	131	534	121	474	107	477	134	560	139
62	371	59	374	104	463	105	447	95	445	94	417	79	413	78
78	413	79	417	94	345	53	344	93	383	63	382	62
139	483	109	482	136	545	125	543	127	395	69	379	61
109	484	140	562	138	457	99	453	97	316	45	313	46	320	48	320	46	322	148	566	144
163	200	9	199	27	181	4	174	2	176	16
77	411	78
121	474	107	464	106	468	124
78	411	77	301	39	278	32	276	34	287	37	295	38	298	162	587	159	586	161	595	164	206	10	203	22
8	194	9	197	11	210	16
163	200	9	197	11
92	432	86	426	85
16	210	11	207	12	214	22	241	23	247	57	363	61	352	55	351	60	376	68	376	60	367	58	368	62
27	185	5	182	9	196	10	205	25	254	26	246	23	247	57	363	61
34	276	32	278	39	301	77	411	78
119	516	117	248	23	245	25	249	24	252	161	586	159	587	162	298	38	288	34
92	438	88	437	90	422	83	190	7	186	6	187	9	199	27	181	4	174	2	176	16
165	598	162	587	159	294	36	259	28	261	40	283	33	285	42	302	41	304	53	341	58	368	62
2	176	16	219	15	220	19	229	20	232	21	239	117	517	125
34	287	37	295	38	297	86	434	166	602	164
82	309	43	280	32	276	34
134	477	107	474	121	534	131	557	132	558	142	339	52	338	62
124	512	116	508	115	401	72	392	68	389	67	337	51	334	62	371	59	374	104	460	101
78	411	77	308	42	302	41	306	70	385	64	353	55	354	69	365	57	366	117	516	119
80	414	79	413	78
110	478	109	479	111	456	99	453	97	316	45	313	46	322	148
62	371	59	373	101
140	561	136	545	125	543	127	395	69	379	61	378	64	359	56	292	36	259	28	258	31	272	34
96	315	45	313	46	322	148	566	144
133	513	116	508	115	356	55	346	54	340	53	344	93	442	95
118	522	134	487	110	478	109	479	111	456	99	453	97	316	45	313	46	322	148	566	144
62	334	51	333	58	341	53	304	41	284	33
16	216	13	211	12	202	10	204	24	251	56	359	64	353	55	351	60	376	68	376	60	367	58	368	62
16	219	15	220	19	229	20	232	21	239	117	516	119	525	140	561	136	554	129	521	118	465	106	467	122	535	131
62	338	52	330	50	332	71	398	114	498	113	501	131	534	121	474	107	477	134	560	139	483	109
16	210	11	201	10	205	25
34	272	31	258	28	259	36	293	70	355	55	356	115	508	116	513	133
2	176	16	219	15	220	19	229	20	232	21	239	117	516	119	525	140	484	109	483	139
34	287	37	295	38	298	162	599	166	594	160	591	163	200	9	194	8	194	9	197	11	210	16	176	2	169	1	172	149	574	147	571	146	406	74	405	144
95	446	101
143	168	0	167	1
26	257	161	596	165
62	338	52	330	50	332	71	391	68	392	72	402	123	538	137	559	133	470	106	465	118	521	129	554	136
165	598	162	587	159	294	36	259	28	261	40	283	33	282	39	301	77	411	78
12	207	11	210	16	221	17	225	145	569	148
118	521	129	554	136	561	140	525	119	516	117	239	21	232	20	213	12	212	14	218	16	176	2
53	341	58	333	51	337	67	331	50	330	52	339	142	507	114	505	131
46	313	45	230	19	229	20
148	322	46	320	48	323	47	326	98	449	96	451	100	458	111	479	109	478	110
43	280	32	270	31	258	28
25	254	26	250	24	244	23	247	57	363	61	352	55	351	60	376	68	389	67	337	51	334	62
55	352	61	363	57	247	23	237	21
16	221	17	223	18	226	19	231	97	453	99	457	138
157	585	156	576	150	441	89	440	91	435	87	436	92	438	88	439	166	603	165	601	164	206	10	203	22
140	546	125	543	127	395	69	354	55
11	197	9	187	6
129	529	120	394	69	354	55	346	54	347	58	368	62
33	281	36	292	56	359	64	353	55	354	69	395	127	543	125	545	136	554	129	521	118
44	303	41	306	70	385	64	353	55	354	69	394	120	530	136
6	187	9	194	8
109	482	136	545	125	543	127	395	69	354	55	346	54	340	53	344	93	442	95
16	219	15	220	19	229	20	232	21	239	117	517	125	527	120	466	106	467	122	535	131
78	411	77	412	82
165	596	161	257	26	246	23	248	117	517	125	545	136	551	128	552	139
132	558	142	339	52	330	50	331	67	337	51	333	58	341	53	310	44	307	42	299	39	278	32	276	34
62	334	51	333	58	341	53	343	65	386	70	360	56	361	159	588	165
17	221	16	210	11
92	438	88	437	90	422	83	423	163	200	9	194	8
2	175	5	182	9	196	10	205	25	245	23	247	57	364	64
92	438	88	439	166	597	161	252	24	250	26	246	23	248	117	517	125	545	136	551	128	552	139
7	193	163	591	160	593	165	598	162	298	38	288	34
34	287	37	295	38	298	162	587	159	586	161	595	164	206	10	202	12
140	520	117	518	127	395	69	354	55	346	54	340	53	344	93	442	95
138	457	99	450	96	315	45	313	46
109	482	136	519	117	518	127	395	69	354	55
2	175	5	182	9	196	10	204	24	244	23	247	57	364	64	385	70	350	54	340	53	344	93	444	105	461	101
118	465	106	467	122	535	131	557	132	558	142	339	52	338	62
118	465	106	467	122	535	131	557	132	558	142	339	52	338	62
29	262	35	286	34	276	32	278	39	299	42	307	44	312	94	345	53	344	93	383	63	382	62
29	262	35	277	32	270	31	271	33
16	216	13	211	12	214	22	241	23	247	57	363	61	352	55	351	60	376	68	376	60	367	58	368	62
62	334	51	333	58	341	53	304	41	302	42	299	39	278	32	276	34	265	30	268	86	432	92
33	282	39	301	77	412	82
132	502	113	499	122	467	106	465	118
34	272	31	274	40	290	36	292	56	359	64	353	55	354	69	395	127	518	117	519	136	482	109
62	338	52	330	50	332	71	391	68	392	72	401	115	508	116	515	141	531	120	527	125	517	117	239	21	232	20
92	438	88	439	166	597	161	252	24	250	26	246	23	248	117	517	125	545	136	551	128	552	139
34	287	37	295	38	298	162	599	166	594	160	591	163	200	9	194	8	194	9	197	11	210	16
34	272	31	258	28	259	36	293	70
46	313	45	227	18	226	19	222	16	210	11	197	9	194	8	194	9	200	163	591	160	594	166	599	162	298	38	288	34
70	350	54	348	60	376	68	389	67	337	51	334	62
136	554	129	521	118	465	106	467	122	532	121
136	519	117	248	23	245	25	249	24	252	161	597	166	439	88	421	83
95	442	93	383	63	335	51	337	67	331	50	330	52	339	142	558	132
62	334	51	333	58	341	53	343	65	386	70	360	56	361	159	588	165
101	460	104	463	105	444	93	344	53	343	65	386	70	360	56	362	161	595	164	206	10	195	8	194	9	197	11	210	16
55	353	64	359	56	362	161	597	166	439	88	438	92
121	474	107	477	134	560	139	483	109	484	140	525	119	516	117	239	21	232	20	213	12	212	14	218	16
34	272	31	274	40	290	36	293	70	350	54	346	55	356	115	508	116	512	124	468	106	465	118
62	338	52	330	50	332	71	397	72	401	115	393	69	394	120	527	125
6	187	9	194	8
16	210	11	197	9	194	8	194	9	200	163	591	160	594	166	599	162	298	38	288	34
62	338	52	330	50	332	71	397	72	402	123	538	137	537	122	467	106	465	118
70	355	55
118	521	129	544	125	546	140	562	138	457	99
62	334	51	336	66	375	60	351	55	352	61	363	57	247	23	241	22	214	12	211	13	208	11	210	16	176	2	169	1	172	149	574	147	571	146	406	74	405	144
70	293	36	294	159	588	165
144	404	73	328	49	327	48	323	47	326	98	449	96	451	100	458	111	479	109	478	110
132	558	142	339	52	338	62
118	465	106	468	124	512	116	515	141	396	69	354	55	353	64	359	56	292	36	281	33
121	534	131	557	132	558	142	339	52	338	62
29	262	35	286	34
22	236	21	239	117	517	125	527	120	531	141	515	116	514	137	503	113	502	132
131	501	113	399	72	377	60	351	55
109	482	136	519	117	366	57	364	64	359	56	292	36	290	40	274	31	272	34
109	481	128	550	129	521	118	465	106	470	133	559	137	538	123	402	72	377	60	367	58	368	62
34	276	32	278	39	299	42	307	44	310	53	344	93	444	105	461	101
105	444	93	344	53	340	54	346	55
152	577	151	579	157
157	579	151	577	152	580	155	584	158
95	442	93	344	53	304	41	284	33
22	241	23	247	57	363	61	380	115	401	72	400	114	507	142
165	593	160	591	163
16	219	15	220	19	229	20	232	21	239	117	516	119	525	140	484	109	481	128	552	139	560	134	477	107	474	121
110	478	109	482	136	545	125	527	120	394	69
2	176	16	219	15	220	19	229	20	232	21	239	117	517	125	527	120	526	124	541	137
115	356	55	346	54	347	58	368	62
33	281	36	292	56	359	64	378	61	379	69	395	127	543	125	545	136	554	129	521	118
110	487	134	522	118	465	106	468	124	512	116	508	115	356	55	346	54	340	53
16	210	11	197	9	194	8	194	9	200	163	591	160	594	166	599	162	587	159	294	36	259	28	261	40	283	33	282	39	299	42	308	77	411	78
141	549	127	518	117	239	21	232	20	213	12	212	14	218	16	176	2
132	557	131	534	121	533	130	495	112	497	135	488	110	478	109	479	111	456	99	453	97
22	233	20	234	97
62	338	52	330	50	332	71	398	114	498	113	501	131	534	121	474	107	477	134	560	139
110	478	109	479	111	456	99	453	97	316	45	313	46	320	48	320	46	322	148	322	46	320	48	327	49	328	73	404	144
118	521	129	544	125	546	140	525	119	516	117	239	21	232	20	213	12	212	14	218	16	176	2
109	484	140	525	119	516	117	239	21	232	20	213	12	212	14	218	16	176	2
139	523	118	465	106	470	133	559	137	538	123	402	72	377	60	367	58	368	62
118	521	129	544	125	517	117	239	21	236	22
136	561	140	562	138	457	99	453	97	316	45	313	46	320	48	320	46	322	148	322	46	320	48	327	49	328	73	404	144
144	405	74	406	146	571	147	574	149	172	1	167	0	167	1	169	2	175	5	182	9	187	6	186	7	193	163	591	160	593	165	598	162	587	159	294	36	281	33
163	193	7	186	6	187	9	182	5	175	2	169	1	167	0	167	1	172	149	570	145	567	146	565	144
77	412	82	412	77	301	39	278	32	276	34
82	309	43	280	32	275	33
6	187	9	199	27	181	4	174	2	176	16	221	17	223	18	227	45	316	97
78	411	77	301	39	278	32	276	34	287	37	295	38	298	162	598	165
62	338	52	330	50	332	71	397	72	401	115	393	69	394	120	530	136
75	407	76	410	144
128	550	129	529	120	531	141	515	116	508	115	401	72	392	68	389	67	337	51	334	62
141	357	55	351	60	376	68	389	67	337	51	334	62	371	59	374	104	460	101
78	411	77	301	39	278	32	276	34	287	37	295	38	298	162	598	165
121	534	131	557	132	558	142	339	52	338	62	371	59	374	104	460	101
97	453	99	457	138	562	140	561	136	545	125	527	120	531	141
101	460	104	463	105	447	95	445	94	312	44	307	42	285	33	283	40	261	28	259	36	294	159	588	165
157	579	151	579	157	585	156	576	150	441	89	440	91	435	87	436	92	438	88	439	166	597	161	362	56	358	57	363	61
95	442	93	383	63	382	62	338	52	339	142
144	404	73	328	49	327	48	320	46	322	148	322	46	320	48	320	46	313	45	316	97	234	20	232	21	237	23	247	57	363	61	352	55
164	253	24	244	23	248	117	519	136	482	109
16	219	15	220	19	229	20	232	21	239	117	516	119	525	140	546	125	544	129	521	118
157	579	151	579	157	585	156	576	150	441	89	440	91	435	87	436	92	438	88	439	166	597	161	362	56	358	57	363	61	381	141
158	584	155
95	442	93	344	53	340	54	346	55	354	69	394	120	529	129	550	128
101	373	59	371	62	338	52	339	142	558	132
26	256	56	359	64	385	70	350	54	340	53	344	93	443	104
11	210	16	176	2	169	1	172	149	570	145	567	146	406	74
157	579	151	577	152	577	151	577	152	580	155
29	262	35	286	34	287	37	295	38	298	162	598	165
110	478	109	482	136	545	125	543	127	395	69	379	61	378	64	385	70	306	41
2	175	5	185	27	199	9	187	6	186	7	193	163	591	160	594	166	599	162	587	159	294	36	259	28	261	40	283	33	282	39	299	42	308	77	411	78
140	561	136	545	125	543	127	395	69	354	55	353	64	385	70	306	41	303	44
109	482	136	519	117	248	23	245	25	255	164	601	165
148	569	145	228	18	226	19	222	16
144	404	73	328	49	327	48	320	46	322	148	322	46	320	48	320	46	313	45	316	97	453	99	457	138	562	140	561	136	545	125	527	120	531	141
83	190	7	189	9	196	10	203	22
144	405	74	406	146	571	147	574	149	172	1	170	3	178	16	219	15	220	19	229	20	232	21	239	117	517	125	527	120	531	141	357	55	351	60	376	68
20	213	12	198	9	189	7	190	83
158	584	155	580	152	577	151	578	153	581	154	429	85	428	91	435	87	436	92	438	88	439	166	603	165
34	287	37	295	38	298	162	599	166	594	160	591	163	200	9	194	8	194	9	197	11	210	16
157	583	153	582	156	576	150	441	89	440	91	435	87	436	92	438	88	437	90	422	83	423	163	200	9	198	12	213	20
2	176	16	219	15	220	19	229	20	232	21	239	117	517	125	527	120	531	141	515	116	514	137	503	113	502	132
104	374	59	371	62	338	52	339	142
16	210	11	197	9	194	8	194	9	200	163	423	83	422	90	437	88	438	92
101	460	104	443	93	344	53	343	65	386	70	360	56	362	161	595	164	253	24	242	22	214	12	198	9	182	5	175	2
132	557	131	534	121	474	107	477	134	560	139
34	265	30	268	86	432	92
96	451	100	458	111	479	109	478	110	487	134
55	351	60	377	72	400	114
139	483	109	484	140	525	119	516	117	239	21	232	20	213	12	212	14	218	16
144	565	146	571	147	574	149	172	1	170	3	178	16	210	11	208	13	211	12	214	22	241	23	247	57	363	61	352	55	351	60	376	68	376	60	367	58	368	62
62	338	52	330	50	332	71	397	72	401	115	393	69	394	120
43	309	82	412	77	411	78	413	79	414	80
101	373	59	371	62	368	58	347	54	346	55	352	61	363	57	247	23	241	22
136	530	120	394	69	354	55
134	560	139	489	110	478	109	479	111	456	99	453	97	316	45	313	46
158	584	155
16	210	11	197	9	194	8	194	9	200	163	591	160	594	166	599	162	587	159	294	36	259	28	261	40	283	33	284	41	303	44
62	338	52	330	50	332	71	398	114	505	131
140	561	136	545	125	543	127	395	69	354	55	353	64	359	56	292	36	290	40	274	31	272	34
132	502	113	499	122	467	106	466	120
62	334	51	333	58	341	53	344	93
62	338	52	330	50	332	71	397	72	401	115	508	116	515	141	531	120	530	136
34	265	30	268	86	432	92
78	411	77	412	82	420	81
104	443	93	442	95	445	94	312	44	307	42	285	33	283	40	261	28	259	36	294	159	589	166	439	88	421	83
33	281	36	292	56	358	57	366	117	519	136
75	408	143	168	0	167	1
144	404	73	328	49	327	48	323	47	325	97
43	300	39	278	32	276	34	287	37	295	38	298	162	587	159	586	161	595	164	253	24	242	22	233	20	235	99
46	313	45	230	19	229	20
46	313	45	230	19	229	20
61	380	115	401	72	400	114	507	142
144	404	73	328	49	327	48	320	46	322	148	322	46	320	48	323	47	326	98	449	96	451	100	458	111	479	109	478	110	487	134	522	118
101	460	104	463	105	444	93	344	53	343	65	386	70	360	56	251	24	253	164
8	195	10	206	164	253	24	244	23	248	117	519	136	551	128
62	334	51	336	66	375	60	351	55	352	61	363	57	247	23	241	22	214	12	207	11	210	16
62	334	51	333	58	341	53	310	44	307	42	299	39	278	32	276	34
62	338	52	339	142	558	132	557	131	535	122	467	106	465	118
97	453	99	457	138	562	140	553	128	552	139
164	253	24	244	23	248	117	517	125	545	136	551	128	481	109	478	110
78	413	79	417	94	345	53	344	93	383	63	382	62
16	219	15	220	19	229	20	232	21	239	117	517	125	527	120	531	141	515	116	514	137	503	113	502	132
82	412	77	411	78	413	79	311	44	303	41	305	65	349	54	346	55	356	115	508	116	512	124	468	106	464	107	477	134	487	110
121	532	122	467	106	466	120	394	69	354	55	346	54	349	65	305	41	302	42	308	77	411	78
2	175	5	183	11	207	12	202	10	204	24	251	56	359	64	353	55	351	60	367	58	368	62	338	52
16	210	11	201	10	206	164	601	165
30	265	34	272	31	274	40	290	36	292	56	359	64	378	61	379	69	395	127	543	125	545	136	551	128	481	109	478	110
80	414	79	413	78	411	77	308	42
46	313	45	316	97	453	99	457	138	562	140	546	125
33	284	41	305	65	349	54	346	55	356	115	508	116	512	124	468	106	464	107	477	134
34	287	37	295	38	298	162	599	166	594	160	591	163	200	9	194	8
109	482	136	545	125	527	120	531	141	515	116	508	115	401	72	392	68	389	67	337	51	334	62	371	59	374	104	460	101
144	404	73	403	76	329	49	327	48	320	46	322	148	322	46	320	48	323	47	326	98	449	96	451	100	458	111	479	109	478	110	487	134
101	460	104	384	63	342	53	343	65	386	70	360	56	362	161	595	164	206	10	201	11	210	16
125	543	127	395	69	354	55	355	70	293	36	259	28	258	31	272	34
165	593	160	591	163	193	7	186	6
109	482	136	530	120	531	141	515	116	508	115	401	72	392	68	389	67	337	51	334	62	371	59	374	104	460	101
62	338	52	339	142	558	132	557	131	535	122	467	106	465	118	521	129	550	128	481	109
6	186	7	192	90	422	83
64	353	55	351	60	377	72	399	113	502	132
20	234	97	316	45	313	46	320	48	320	46	322	148	566	144	565	146	563	143	408	75
22	241	23	247	57	363	61	352	55	346	54	340	53
62	334	51	333	58	341	53	304	41	284	33
16	219	15	220	19	229	20	232	21	239	117	516	119	525	140	484	109	481	128	552	139	560	134	477	107	474	121
33	282	39	301	77	411	78
20	233	22	243	25	255	164	595	161	586	159	587	162	587	159	294	36	259	28	261	40	283	33	284	41	303	44
157	583	153	582	156	576	150	441	89	440	91	435	87	436	92	432	86	432	92
44	303	41	306	70	360	56	362	161	595	164	206	10	195	8
28	258	31	272	34
62	334	51	333	58	341	53	304	41	284	33	282	39	278	32	276	34
31	274	40	283	33	285	42	302	41	304	53	341	58	368	62
144	410	76	407	75
118	465	106	467	122	535	131	557	132	558	142	339	52	338	62
20	213	12	202	10	206	164	595	161	586	159	587	162	587	159	294	36	259	28	261	40	283	33	282	39	299	42	308	77	411	78
101	460	104	384	63	342	53	340	54	346	55
165	598	162	587	159	294	36	259	28	261	40	283	33	282	39	299	42	308	77	412	82
36	259	28	260	37	295	38	298	162	433	86	431	88	438	92	438	88	437	90	437	88	438	92	436	87	435	91	440	89	441	150	576	156	582	153	583	157
82	420	81	415	79	413	78	413	79	417	94	345	53	344	93	383	63	382	62
46	313	45	316	97	453	99	457	138	492	111	479	109
104	384	63	335	51	337	67	331	50	330	52	339	142	558	132
96	315	45	230	19	222	16	176	2
62	334	51	336	66	375	60	351	55	352	61	363	57	247	23	241	22	214	12	211	13	208	11	210	16	221	17	225	145	569	148
78	411	77	412	82
78	411	77	301	39	278	32	276	34	287	37	295	38	298	162	599	166	594	160	591	163	193	7	186	6	187	9	199	27	181	4	174	2
8	195	10	206	164	206	10	203	22	236	21	239	117	517	125	545	136	551	128	552	139
62	338	52	330	50	332	71	398	114	498	113	501	131	534	121	474	107	477	134	560	139
78	413	79	311	44	310	53
101	373	59	372	63	335	51	337	67	331	50	332	71	397	72	401	115	510	141
165	598	162	587	159	294	36	259	28	261	40	283	33	285	42	302	41	304	53	341	58	368	62
62	334	51	336	66	375	60	351	55	352	61	363	57	247	23	241	22	214	12	207	11	210	16
43	309	82	412	77	411	78	413	79	417	94	345	53	344	93	383	63	382	62
136	519	117	518	127	395	69	354	55	353	64	385	70	306	41	302	42
62	338	52	330	50	332	71	397	72	402	123	538	137	537	122	467	106	465	118
95	442	93	344	53	340	54	346	55	352	61	363	57	247	23	237	21	232	20	235	99
101	446	95	445	94	417	79	413	78
134	477	107	464	106	466	120	394	69	379	61
95	442	93	344	53	304	41	284	33	271	31	272	34
136	530	120	531	141	515	116	508	115	401	72	392	68	389	67	337	51	334	62	371	59	374	104	460	101
158	584	155	580	152	577	151	579	157
72	377	60	351	55	352	61	363	57	247	23	241	22
141	357	55	346	54	340	53	344	93	442	95
136	519	117	518	127	395	69	354	55	346	54	340	53	344	93
6	188	163	591	160	593	165
16	219	15	220	19	229	20	232	21	239	117	516	119	525	140	484	109	481	128	552	139	560	134	477	107	474	121
143	564	147
62	338	52	330	50	332	71	391	68	392	72	401	115	508	116	515	141	531	120	527	125	517	117	239	21	232	20
101	459	102	459	101	373	59	371	62	368	58	347	54	350	70	360	56	251	24	242	22	233	20	229	19	230	45	313	46	313	45	230	19	229	20	233	22	242	24	251	56	360	70	350	54	347	58	368	62	338	52	330	50	332	71	398	114	498	113	501	131	534	121	474	107	477	134	560	139
2	175	5	182	9	194	8	195	10	206	164	601	165	598	162	587	159	294	36	281	33
62	334	51	336	66	375	60	351	55	352	61	363	57	247	23	241	22	214	12	198	9	182	5	175	2
99	450	96	315	45	313	46	322	148
20	234	97	316	45	313	46	320	48	320	46	322	148	322	46	320	48	327	49	328	73	404	144
152	577	151	577	152	580	155	580	152	577	151	578	153	581	154
62	334	51	336	66	375	60	351	55	352	61	363	57	247	23	241	22	214	12	198	9	182	5	175	2
16	176	2	169	1	172	149	574	147	571	146	563	143	409	76	410	144	405	74
97	453	99	457	138	562	140	546	125
21	232	20	213	12	212	14	218	16
139	483	109	482	136	545	125	543	127	395	69	379	61	378	64	359	56	292	36	290	40	274	31	272	34
22	243	25	249	24	252	161	586	159	587	162	298	38	288	34
157	583	153	582	156	576	150	441	89	440	91	435	87	436	92	438	88	439	166	597	161	257	26	246	23	248	117	517	125
144	404	73	328	49	327	48	323	47	324	96	450	99
110	487	134	522	118	465	106	468	124	512	116	508	115	356	55	346	54	340	53	310	44
22	236	21	239	117	517	125	544	129	521	118
148	569	145	225	17	179	3	178	16	210	11
33	281	36	292	56	358	57	366	117	519	136
8	195	10	206	164	253	24	244	23	247	57	365	69	394	120	466	106
99	450	96	324	47	323	48	327	49	328	73	404	144
61	378	64	385	70	306	41	302	42	308	77	411	78
136	530	120	531	141	515	116	508	115	356	55	346	54	347	58	368	62
101	460	104	463	105	444	93	344	53	340	54	346	55	352	61	363	57	247	23	241	22
121	534	131	557	132	558	142	339	52	338	62
157	583	153	582	156	576	150	441	89	440	91	435	87	436	92	438	88	439	166	597	161	257	26	246	23	248	117	517	125	545	136	551	128	552	139
134	477	107	464	106	466	120
121	534	131	534	121	494	112	497	135	491	111	456	99	235	20	213	12	198	9	189	7	191	84	191	7	189	9	196	10	204	24	251	56	360	70	350	54	347	58	368	62
154	429	85	428	91	435	87	436	92	438	88	439	166	603	165
101	460	104	463	105	444	93	344	53	340	54	346	55	352	61	363	57	247	23	241	22
33	284	41	303	44	312	94	445	95
136	519	117	239	21	236	22	203	10	195	8	194	9	200	163
121	532	122	467	106	466	120	394	69	354	55
139	483	109	482	136	545	125	517	117	248	23	244	24	252	161	597	166	439	88	438	92	436	87	435	91	440	89	441	150	576	156	582	153	583	157
139	523	118	465	106	467	122	535	131	557	132	558	142	339	52	338	62
32	270	31	273	37	295	38	298	162	599	166	594	160	591	163	200	9	194	8	194	9	197	11	183	5	175	2
136	519	117	248	23	244	24	252	161	596	165
37	295	38	288	34	276	32
77	301	39	278	32	276	34	287	37	295	38	298	162	599	166	594	160	591	163	200	9	194	8	194	9	197	11	210	16
114	398	71	332	50	330	52	338	62
134	471	106	468	124	512	116	508	115	356	55	346	54	350	70	293	36	290	40	274	31	272	34
157	585	156	576	150	441	89	424	84	425	90	437	88	438	92	432	86	268	30	265	34	276	32	278	39	299	42	307	44	312	94	345	53	344	93	383	63	382	62
22	243	25	249	24	252	161	596	165	598	162	433	86	432	92
125	517	117	248	23	245	25	249	24	252	161	596	165	603	166	439	88	438	92	436	87	435	91	440	89	441	150	576	156	582	153	583	157
22	214	12	211	13	208	11	210	16	221	17	225	145	569	148
104	374	59	371	62	338	52	330	50	332	71	397	72	401	115	510	141
19	222	16
43	280	32	276	34
20	233	22	243	25	255	164	595	161	586	159	587	162	587	159	294	36	281	33
62	371	59	373	101
46	313	45	230	19	229	20	233	22
33	284	41	305	65	349	54	346	55	356	115	508	116	512	124	468	106	465	118
33	283	40	261	28	259	36	294	159	586	161	595	164	206	10	195	8
97	234	20	233	22
78	411	77	412	82
34	272	31	274	40	290	36	293	70	350	54	346	55	356	115	508	116	512	124	468	106	465	118
6	187	9	196	10	203	22	236	21	239	117	519	136
110	485	112	495	130	533	121	534	131	557	132	558	142	339	52	338	62
110	487	134	522	118	465	106	470	133	559	137	538	123	402	72	392	68	389	67	337	51	334	62	371	59	374	104	460	101
29	262	35	277	32	275	33
61	363	57	366	117	519	136	561	140	562	138	457	99	453	97
34	272	31	274	40	290	36	293	70	355	55	357	141
34	272	31	274	40	290	36	292	56	358	57	366	117	517	125
118	521	129	544	125	517	117	248	23	245	25	249	24	252	161	597	166	439	88	438	92	436	87	435	91	440	89	441	150	576	156	582	153	583	157
10	206	164
151	579	157
142	339	52	338	62	371	59	373	101	446	95
139	523	118	465	106	467	122	535	131	557	132
158	584	155	580	152	577	151	579	157
42	302	41	304	53	341	58	333	51	337	67	331	50	330	52	339	142	558	132
22	243	25	249	24	252	161	597	166	439	88	438	92	436	87	435	91	440	89	441	150	575	153	578	151	577	152	577	151	577	152	580	155
16	210	11	197	9	194	8	195	10	206	164	601	165
6	187	9	182	5	175	2	169	1	167	0	168	143	408	75	407	76	410	144	405	74
33	283	40	261	28	259	36	294	159	586	161	595	164	255	25	243	22	233	20
144	565	146	571	147	574	149	172	1	167	0	167	1	169	2	175	5	182	9	187	6	186	7	190	83	422	90	437	88	438	92
139	523	118	465	106	470	133	559	137	538	123	402	72	377	60	367	58	368	62
101	446	95
95	442	93	344	53	340	54	346	55	354	69	394	120	527	125
118	521	129	529	120	394	69	365	57	358	56	361	159	588	165
109	481	128	550	129	521	118	465	106	467	122	535	131	557	132	558	142	339	52	338	62
34	287	37	295	38	298	162	598	165	601	164	206	10	195	8
118	465	106	468	124	512	116	508	115	356	55	346	54	349	65	305	41	302	42	308	77	411	78	411	77
101	460	104	384	63	382	62	338	52	330	50	332	71	398	114	498	113
34	276	32	278	39	299	42	307	44	312	94	345	53	344	93	383	63	382	62
148	322	46	313	45	315	96
2	169	1	172	149	574	147	571	146	406	74	405	144
22	243	25	249	24	252	161	586	159	587	162	298	38	288	34
74	405	144	404	73	328	49	327	48	323	47	324	96	450	99
154	429	85	428	91	435	87	436	92	438	88	439	166	603	165
34	287	37	295	38	298	162	599	166	594	160	591	163	200	9	194	8	194	9	197	11	183	5	175	2
106	469	129	554	136	545	125	517	117	248	23	245	25	249	24	252	161	597	166	439	88	421	83
62	371	59	374	104	463	105	447	95	445	94	417	79	413	78	413	79	414	80
62	334	51	333	58	341	53	304	41	284	33
62	371	59	374	104	463	105	447	95	445	94	417	79	413	78
134	477	107	464	106	468	124	512	116	508	115	356	55	346	54	349	65	305	41	302	42	308	77	411	78	413	79	414	80
61	363	57	247	23	237	21	232	20	229	19	222	16	176	2
78	411	77	412	82
136	561	140	562	138	457	99	453	97	316	45	313	46
34	272	31	258	28	259	36	293	70	350	54	348	60	377	72	399	113	502	132
33	281	36	292	56	358	57
97	448	96	315	45	313	46	322	148	566	144
34	276	32	278	39	299	42	307	44	312	94	345	53	344	93	383	63	382	62
118	523	139	489	110	478	109	479	111	456	99
30	265	34	272	31	274	40	290	36	293	70	350	54	346	55	356	115	508	116	512	124	468	106	465	118
142	507	114	400	72	401	115	393	69	394	120
148	322	46	313	45	316	97	453	99	457	138
62	338	52	330	50	332	71	398	114	498	113	501	131	534	121	474	107	477	134	560	139
139	483	109	482	136	545	125	543	127	395	69	379	61	378	64	359	56	292	36	290	40	274	31	272	34
95	442	93	344	53	340	54	346	55	356	115
62	334	51	336	66	375	60	351	55	352	61	363	57	247	23	241	22	214	12	207	11	210	16
62	338	52	330	50	332	71	397	72	402	123	538	137	559	133	470	106	465	118	523	139	489	110	478	109	479	111	456	99
157	585	156	576	150	441	89	440	91	435	87	436	92	438	88	439	166	597	161	595	164	253	24	242	22
92	432	86	268	30	265	34	276	32	278	39	301	77	411	78
16	210	11	197	9	200	163
165	588	159	294	36	259	28	261	40	283	33	282	39	299	42	308	77	411	78
110	478	109	479	111	456	99	453	97	231	19	224	17
25	249	24	252	161	596	165	598	162	433	86	432	92
110	478	109	479	111	456	99	453	97	316	45	318	145
55	354	69	394	120	530	136
165	588	159	361	56	359	64	353	55	354	69	396	141	515	116	513	133	536	122	532	121
33	284	41	304	53	342	63	382	62	338	52	339	142
132	557	131	534	121	533	130	495	112	497	135	488	110	478	109	479	111	456	99	453	97
121	532	122	536	133	513	116	508	115	356	55	346	54	340	53	304	41	284	33
62	338	52	330	50	332	71	397	72	402	123	538	137	537	122	467	106	465	118
99	235	20	213	12	202	10	206	164
118	521	129	544	125	546	140	525	119	516	117	239	21	232	20	213	12	212	14	218	16	176	2
29	262	35	277	32	270	31	271	33
62	334	51	333	58	341	53	304	41	284	33
6	187	9	182	5	175	2	169	1	167	0
46	313	45	316	97	453	99	456	111	479	109	478	110
128	553	140	562	138	457	99	453	97	316	45	313	46	320	48	320	46	322	148	566	144
118	521	129	544	125	517	117	248	23	245	25	249	24	252	161	597	166	439	88	438	92
16	210	11	197	9	189	7	190	83	422	90	422	83
62	338	52	330	50	332	71	391	68	392	72	401	115	508	116	515	141	531	120	527	125	517	117	239	21	232	20
34	276	32	278	39	300	43	309	82
16	176	2	169	1	172	149	574	147	571	146	406	74	405	144
34	272	31	271	33	284	41	304	53	341	58	368	62
62	371	59	374	104	463	105	447	95	445	94	417	79	413	78
34	272	31	274	40	290	36	292	56	359	64	364	57	366	117	517	125
61	363	57	247	23	245	25	249	24	252	161	597	166	439	88	438	92	436	87	435	91	440	89	441	150	576	156	582	153	583	157
101	373	59	371	62	338	52	330	50	332	71	397	72	401	115	508	116	515	141	531	120	527	125	517	117	239	21	232	20
139	523	118	465	106	467	122	535	131	557	132
78	411	77	301	39	278	32	276	34	287	37	295	38	298	162	587	159	586	161	595	164	255	25	243	22	233	20	235	99
55	346	54	340	53	344	93	444	105
78	411	77	301	39	278	32	276	34
41	302	42	308	77	411	78
138	524	119	516	117	517	125	543	127	395	69	354	55	353	64	359	56	292	36	281	33
55	352	61	363	57	247	23	237	21	232	20	229	19	230	45	313	46
62	334	51	336	66	375	60	351	55	352	61	363	57	247	23	241	22	214	12	211	13	208	11	210	16	221	17	225	145	569	148
11	197	9	194	8	194	9	200	163	423	83	422	90	437	88	438	92
16	219	15	220	19	229	20	232	21	239	117	517	125	527	120	526	124
62	338	52	330	50	332	71	397	72	402	123	538	137	537	122	467	106	465	118
34	287	37	295	38	298	162	587	159	586	161	595	164	206	10	203	22
76	410	144	405	74
154	429	85	428	91	435	87	436	92	432	86	268	30	267	38	295	37	273	31	271	33
95	442	93	344	53	304	41	284	33
26	256	56	359	64	359	56	292	36	259	28	258	31	272	34
16	210	11	207	12	214	22	241	23	247	57	363	61	352	55	351	60	376	68	389	67	337	51	334	62
165	598	162	587	159	294	36	259	28	261	40	283	33	284	41	303	44	312	94	445	95
22	241	23	247	57	363	61	352	55	351	60	376	68	376	60	367	58	368	62
125	517	117	248	23	245	25	249	24	252	161	597	166	439	88	438	92
148	322	46	313	45	316	97	234	20	233	22	243	25
144	405	74	406	146	571	147	574	149	172	1	170	3	173	2	175	5	182	9	196	10	205	25	254	26	256	56	359	64	385	70	350	54	347	58	333	51	334	62
139	523	118	465	106	470	133	559	137	538	123	402	72	392	68	389	67	337	51	334	62	371	59	374	104	460	101
33	282	39	301	77	412	82
30	268	86	432	92	436	87	435	91	440	89	441	150	576	156	582	153	583	157
165	601	164	206	10	195	8	194	9	197	11	210	16
55	346	54	349	65	305	41	284	33
55	346	54	340	53	344	93	444	105	461	101
110	478	109	479	111	456	99	453	97	316	45	313	46	320	48	320	46	322	148	322	46	320	48	327	49	328	73	404	144
16	216	13	211	12	214	22	241	23	247	57	363	61	352	55	351	60	376	68	376	60	367	58	368	62
29	262	35	277	32	270	31	271	33
78	413	79	417	94	345	53	344	93	383	63	382	62	338	52	339	142	558	132
118	465	106	467	122	535	131	557	132	558	142	339	52	338	62
33	271	31	258	28	259	36	294	159	586	161	595	164	253	24	242	22	214	12	198	9	182	5	175	2
55	355	70	306	41	302	42
20	232	21	237	23	247	57	363	61
62	334	51	333	58	341	53	304	41	284	33	271	31	272	34
165	588	159	294	36	259	28	261	40	283	33	285	42	302	41	304	53	341	58	368	62
29	262	35	286	34	287	37	295	38	298	162	598	165
78	411	77	308	42	302	41	306	70	385	64	378	61	379	69	395	127	543	125	545	136	551	128	552	139
134	471	106	468	124	512	116	508	115	356	55	346	54	340	53	310	44
128	551	136	545	125	543	127	395	69	379	61	378	64	385	70	306	41	302	42	285	33	275	32
132	558	142	339	52	330	50	331	67	337	51	333	58	341	53	310	44	311	79	413	78
6	187	9	182	5	175	2	169	1	172	149	574	147	571	146	406	74	405	144
62	338	52	330	50	332	71	397	72
101	373	59	371	62
119	516	117	517	125	543	127	395	69	354	55	353	64	385	70	306	41
97	234	20	232	21	237	23	247	57	363	61	352	55
88	439	166	603	165	588	159	361	56	358	57	363	61
2	177	17	223	18	226	19	231	97
34	276	32	278	39	300	43	309	82	420	81
110	487	134	522	118	465	106	468	124	512	116	508	115	356	55	346	54	349	65	305	41	303	44	311	79	413	78	411	77	412	82
44	303	41	291	36	292	56	358	57	366	117	519	136	482	109
17	221	16	210	11	197	9	187	6
62	338	52	330	50	332	71	398	114	498	113	501	131	534	121	474	107	477	134	487	110
44	303	41	306	70	385	64	353	55	354	69	394	120	530	136	482	109
22	236	21	239	117	517	125	544	129	521	118
34	276	32	278	39	299	42	307	44	310	53	341	58	333	51	337	67	331	50	330	52	339	142	558	132
62	371	59	374	104	463	105	447	95	445	94	417	79	413	78
148	322	46	320	48	320	46	313	45	316	97	234	20	232	21	237	23	247	57	363	61
132	502	113	503	137	514	116	515	141	531	120	527	125	517	117	239	21	232	20
16	219	15	220	19	229	20	232	21	239	117	517	125	527	120
62	334	51	333	58	341	53	304	41	284	33
110	485	112	495	130	533	121	534	131	557	132	558	142
165	596	161	595	164	255	25	243	22	233	20
16	210	11	201	10	206	164	601	165
118	521	129	544	125	517	117	248	23	244	24	252	161	597	166	439	88	438	92
62	338	52	330	50	332	71	397	72	401	115	510	141
62	334	51	333	58	341	53	310	44	307	42	299	39	278	32	276	34
16	216	13	211	12	214	22	241	23	247	57	363	61	352	55	351	60	376	68	376	60	367	58	368	62
16	219	15	220	19	229	20	232	21	239	117	516	119	525	140	484	109
34	286	35	262	29
132	502	113	499	122	467	106	465	118	521	129	550	128	481	109
20	213	12	202	10	206	164	595	161	586	159	587	162	587	159	294	36	259	28	261	40	283	33	282	39	299	42	308	77	411	78
148	322	46	320	48	323	47	326	98	449	96	451	100	458	111	479	109	478	110
118	465	106	468	124	512	116	508	115	356	55	346	54	350	70	293	36	290	40	274	31	272	34
62	338	52	330	50	332	71	397	72	402	123	538	137	537	122	467	106	465	118
46	313	45	227	18	226	19	222	16
6	188	163	591	160	593	165
142	339	52	338	62	334	51	333	58	341	53	344	93
118	465	106	466	120	394	69	354	55	353	64	359	56	292	36	281	33
165	596	161	362	56	359	64	353	55	354	69	396	141	515	116	511	123	500	113	501	131
163	591	160	593	165
83	190	7	186	6	187	9	199	27	181	4	174	2
76	403	73	328	49	327	48	320	46	322	148
43	300	39	278	32	276	34	272	31	274	40	290	36	292	56	358	57	363	61
33	281	36	292	56	359	64	378	61	379	69	395	127	543	125	517	117	516	119
101	373	59	372	63	335	51	337	67	331	50	332	71	397	72	401	115	510	141
33	275	32	276	34	287	37	295	38	298	162	587	159	586	161	595	164	206	10	203	22
118	465	106	470	133	559	137	538	123	402	72	377	60	367	58	368	62
62	338	52	330	50	332	71	391	68	392	72	402	123	538	137	559	133	470	106	465	118	521	129	554	136
55	352	61	363	57	366	117	516	119	524	138
136	519	117	366	57	364	64	359	56	292	36	290	40	274	31	272	34
118	465	106	470	133	559	137	538	123	402	72	392	68	376	60	367	58	368	62
78	411	77	308	42	302	41	306	70	355	55	357	141
46	313	45	316	97	453	99	456	111	479	109	478	110	488	135	488	110	488	135	497	112	495	130	533	121	534	131	557	132	558	142	339	52	338	62
34	272	31	274	40	290	36	292	56	359	64	378	61	379	69	395	127	543	125	545	136	554	129	521	118
2	175	5	185	27	199	9	187	6
121	474	107	477	134	560	139	483	109	484	140	525	119	516	117	239	21	232	20	213	12	212	14	218	16	176	2
62	338	52	330	50	332	71	397	72	402	123	538	137	537	122	467	106	465	118
16	210	11	197	9	194	8	195	10	204	24	244	23	247	57	364	64	385	70	350	54	340	53	344	93	444	105	461	101
92	436	87	435	91	428	85	429	154	581	153	578	151	577	152	580	155	584	158
55	352	61	363	57	247	23	241	22	214	12	211	13	208	11	210	16	176	2	169	1	172	149	574	147	571	146	406	74	405	144
118	465	106	468	124	512	116	508	115	356	55	346	54	340	53	304	41	284	33
2	175	5	183	11	207	12	202	10	204	24	251	56	359	64	353	55
147	568	145	225	17	177	2	175	5	182	9	187	6
118	523	139	489	110	478	109	479	111	456	99	453	97	316	45	313	46	322	148
105	444	93	344	53
109	482	136	519	117	518	127	395	69	354	55	353	64	385	70	306	41
144	404	73	328	49	327	48	320	46	322	148	322	46	320	48	323	47	326	98	449	96	451	100	458	111	479	109	478	110
20	213	12	202	10	195	8	194	9	189	7	190	83
132	502	113	503	137	514	116	515	141	531	120	527	125	517	117	239	21	236	22	203	10	195	8
2	175	5	185	27	199	9	187	6	186	7	193	163	591	160	594	166	599	162	587	159	294	36	259	28	261	40	283	33	282	39	299	42	308	77	411	78
80	414	79	413	78	413	79	311	44	310	53	341	58	368	62
104	460	101
97	234	20
132	502	113	499	122	467	106	465	118	521	129	554	136
95	442	93	383	63	335	51	336	66
1	167	0	167	1	169	2	175	5	182	9	187	6	186	7	192	90	422	83
109	484	140	525	119	516	117	239	21	232	20	213	12	212	14	218	16
33	271	31	272	34	286	35	262	29
62	338	52	330	50	332	71	398	114	498	113	501	131	534	121	533	130	495	112	497	135	488	110	478	109	479	111	456	99
109	481	128	550	129	521	118	465	106	467	122	535	131	557	132
55	354	69	394	120	466	106	464	107	477	134
62	334	51	336	66	375	60	351	55	352	61	363	57	247	23	241	22	214	12	198	9	182	5	175	2
132	502	113	499	122	467	106	465	118	523	139	483	109
34	287	37	295	38	298	162	598	165	601	164	206	10	195	8
34	276	32	278	39	299	42	307	44	310	53	344	93	444	105	461	101
132	502	113	499	122	467	106	466	120	527	125
66	336	51	334	62	371	59	374	104
11	197	9	194	8	194	9	200	163	591	160	594	166	599	162	298	38	288	34	276	32	278	39	300	43	309	82
125	543	127	395	69	354	55	353	64	359	56	292	36
165	601	164	206	10	201	11
101	460	104	374	59	371	62	338	52	339	142	558	132
136	519	117	518	127	395	69	354	55	353	64	385	70	306	41	302	42	308	77	411	78	413	79	414	80
125	527	120	466	106	467	122	499	113	502	132
46	313	45	316	97	453	99	457	138
82	412	77	411	78	411	77	308	42	302	41	306	70	385	64	353	55	354	69	394	120	530	136
96	315	45	313	46	322	148	566	144
80	414	79	413	78	411	77	301	39	278	32	276	34	287	37	295	38	298	162	598	165
78	411	77	301	39	278	32	276	34	287	37	295	38	298	162	599	166	594	160	591	163
78	411	77	301	39	278	32	276	34	287	37	295	38	298	162	587	159	586	161	595	164	255	25	243	22	233	20
33	281	36	293	70	355	55
2	176	16	219	15	220	19	229	20	232	21	239	117	516	119	525	140	484	109	483	139
61	363	57	247	23	245	25	249	24	252	161	597	166	439	88	438	92	436	87	435	91	440	89	441	150	576	156	582	153	583	157
22	242	24	252	161	586	159	587	162	298	38	288	34
78	413	79	417	94	345	53	344	93	383	63	382	62	338	52	330	50	330	52	339	142	558	132
8	194	9	200	163	423	83	422	90	437	88	438	92
149	172	1	169	2	175	5	182	9	187	6
139	483	109	482	136	545	125	543	127	395	69	379	61	378	64	359	56	292	36	281	33
157	579	151	579	157	585	156	576	150	441	89	424	84	191	7	186	6	187	9	199	27	181	4	174	2	176	16
130	495	112	472	107	475	122	467	106	466	120	394	69	354	55	346	54	340	53	304	41	284	33	271	31	272	34
157	583	153	582	156	576	150	441	89	440	91	435	87	436	92	438	88	439	166	603	165	601	164	206	10	203	22
34	272	31	271	33	284	41	303	44	312	94	445	95	446	101
44	303	41	305	65	349	54	346	55	356	115	508	116	512	124	468	106	464	107	477	134	560	139
62	334	51	336	66	375	60	351	55	352	61	363	57	247	23	244	24	253	164
158	584	155	580	152	577	151	578	153	581	154
83	423	163	200	9	194	8	195	10	202	12
53	340	54	346	55	356	115	508	116	512	124	468	106	465	118
157	583	153	582	156	576	150	441	89	440	91	435	87	436	92	432	86	432	92
16	219	15	220	19	229	20	232	21	239	117	516	119	525	140	546	125	544	129	521	118
34	287	37	295	38	298	162	587	159	586	161	595	164	206	10
68	376	60	367	58	368	62	371	59	374	104	460	101
46	313	45	316	97	453	99	456	111	479	109	478	110	487	134
118	521	129	544	125	517	117	239	21	236	22
131	534	121	533	130	495	112	497	135	488	110	478	109	479	111	456	99	453	97	316	45	313	46	322	148
16	216	13	211	12	214	22	241	23	247	57	363	61	352	55	351	60	376	68	376	60	367	58	368	62
118	465	106	468	124	512	116	508	115	356	55	346	54	340	53	304	41	302	42
34	265	30	268	86	432	92
86	426	85	426	86	432	92
34	287	37	295	38	298	162	599	166	594	160	591	163	193	7	186	6
120	526	124	541	137	538	123	402	72	377	60	367	58	368	62
119	516	117	517	125	527	120	531	141	515	116	508	115	401	72	392	68	376	60	367	58	368	62
118	465	106	470	133	559	137	538	123	402	72	377	60	367	58	368	62
109	479	111	492	138	457	99	453	97	316	45	313	46	322	148
22	243	25	249	24	252	161	597	166	439	88	438	92
83	422	90	437	88	438	92
28	259	36	293	70	355	55
155	580	152	577	151	578	153	582	156	576	150	441	89	440	91	435	87	436	92	438	88	439	166	603	165	588	159	361	56	358	57	366	117	519	136	482	109
34	265	30	268	86	432	92	436	87	435	91	440	89	441	150	576	156	582	153	578	151
83	421	88	439	166	599	162	587	159	294	36	259	28	261	40	283	33	284	41	304	53
44	303	41	291	36	292	56	358	57	366	117	517	125
7	186	6
68	392	72	401	115	508	116	515	141	531	120	527	125	545	136	561	140	562	138	457	99	453	97	316	45	313	46
110	478	109	482	136	545	125	517	117	248	23	245	25	255	164	601	165
62	371	59	373	101
92	432	86	426	85	426	86	268	30	266	35	262	29
2	176	16	219	15	220	19	229	20	232	21	239	117	516	119	525	140	484	109	483	139	523	118
29	262	35	286	34
87	435	91	440	89	424	84	424	89	440	91	435	87	436	92
157	585	156	576	150	441	89	424	84	425	90	437	88	438	92	432	86	268	30	267	38	295	37	273	31	271	33
62	338	52	330	50	332	71	398	114	498	113	501	131	534	121	474	107	477	134
42	302	41	304	53	341	58	368	62
101	446	95
118	521	129	554	136	545	125	517	117	248	23	244	24	252	161	597	166	439	88	438	92	436	87	435	91	440	89	441	150	576	156	582	153	583	157
16	219	15	220	19	229	20	232	21	239	117	516	119	516	117	517	125	544	129	521	118
70	350	54	340	53	344	93	444	105	461	101
144	410	76	409	143	563	146	571	147	574	149	172	1	167	0	167	1	169	2	175	5	182	9	187	6	186	7	193	163	591	160	594	166	599	162	298	38	288	34
158	584	155	580	152	577	151	579	157
16	210	11	197	9	194	8	194	9	200	163	591	160	594	166	599	162	587	159	294	36	259	28	261	40	283	33	282	39	299	42	308	77	411	78
22	214	12	211	13	208	11	210	16	176	2	169	1	172	149	574	147	571	146	406	74	405	144
34	272	31	258	28	259	36	293	70	350	54	346	55	356	115	508	116	512	124	468	106	465	118
46	313	45	227	18	226	19	222	16	210	11	197	9	194	8
17	223	18	226	19	231	97
136	545	125	543	127	395	69	354	55	353	64	359	56	292	36	281	33
144	565	146	571	147	574	149	172	1	167	0	167	1	169	2	175	5	182	9	187	6	186	7	193	163	591	160	593	165
20	229	19	230	45	313	46
34	272	31	271	33	284	41	303	44
11	197	9	194	8	195	10	205	25	249	24	249	25	249	24	250	26	256	56	359	64	385	70	350	54	340	53	344	93	444	105	461	101
155	580	152	577	151	579	157
96	451	100	458	111	479	109	478	110	488	135	488	110	488	135	497	112	495	130	533	121	534	131
6	187	9	199	27	181	4	174	2	176	16	219	15	220	19	229	20	232	21	239	117	516	119	525	140	553	128	481	109	478	110
142	507	114	400	72	401	115	380	61
140	484	109	481	128	552	139	560	134
165	593	160	591	163	200	9	194	8	194	9	197	11	210	16	176	2	169	1	172	149	574	147	571	146	406	74	405	144
101	460	104	384	63	335	51	337	67	331	50	332	71	398	114	498	113	499	122	532	121
157	585	156	576	150	441	89	424	84	191	7	186	6	187	9	199	27	181	4	174	2	176	16
118	521	129	544	125	546	140	525	119	516	117	239	21	232	20	213	12	212	14	218	16
22	243	25	249	24	252	161	586	159	294	36	281	33
2	175	5	185	27	199	9	187	6	186	7	193	163	591	160	593	165
92	436	87	435	91
139	523	118	465	106	467	122	535	131	557	132	558	142	339	52	338	62
101	460	104	384	63	382	62	338	52	330	50	332	71	398	114	498	113	501	131	534	121	533	130	495	112	497	135	488	110	478	109	479	111	456	99
62	334	51	333	58	341	53	304	41	284	33
82	412	77	411	78	413	79	417	94	345	53	344	93	383	63	382	62
144	404	73	328	49	327	48	320	46	322	148	322	46	320	48	320	46	313	45	316	97	234	20	233	22
8	194	9	187	6
118	521	129	554	136	561	140	525	119	516	117	239	21	232	20	213	12	212	14	218	16	176	2
109	481	128	550	129	521	118	465	106	470	133	559	137	538	123	402	72	377	60	367	58	368	62
164	595	161	586	159	587	162	587	159	294	36	259	28	261	40	283	33	284	41	303	44
83	190	7	189	9	196	10	203	22
134	477	107	464	106	468	124	512	116	508	115	356	55	346	54	340	53	304	41	302	42
62	338	52	339	142	507	114	505	131
165	588	159	294	36	259	28	261	40	283	33	285	42	307	44	312	94	445	95	447	105	461	101
138	457	99	453	97	316	45	313	46	320	48	320	46	322	148	322	46	320	48	327	49	328	73	404	144
62	334	51	333	58	341	53	304	41	302	42
62	334	51	336	66	375	60	351	55	352	61	363	57	247	23	241	22	214	12	207	11	210	16
34	272	31	274	40	290	36	293	70	350	54	346	55	356	115	508	116	512	124	468	106	465	118
16	210	11	201	10	206	164	601	165
62	338	52	330	50	330	52	339	142
19	229	20	232	21	239	117	516	119	516	117	517	125	527	120	531	141	515	116	514	137	503	113	501	131
78	411	77	412	82	264	29
62	338	52	330	50	332	71	397	72	401	115	380	61	363	57	366	117	520	140
16	176	2	169	1	172	149	574	147	571	146	406	74
83	422	90	437	88	438	92	432	86	268	30	265	34	276	32	278	39	301	77	411	78
20	213	12	202	10	206	164	595	161	586	159	587	162	587	159	294	36	259	28	261	40	283	33	282	39	299	42	308	77	411	78
157	579	151	579	157	585	156	576	150	441	89	424	84	191	7	186	6	187	9	199	27	181	4	174	2	176	16
46	313	45	316	97	453	99	456	111	479	109	478	110
144	404	73	328	49	327	48	320	46	322	148	322	46	320	48	323	47	326	98	449	96	451	100	458	111	479	109	478	110	487	134	522	118
110	478	109	482	136	545	125	517	117	366	57	363	61
165	596	161	595	164	255	25	243	22	233	20
2	175	5	182	9	194	8	194	9	200	163	591	160	594	166	599	162	587	159	294	36	259	28	258	31	271	33
142	507	114	498	113	499	122	467	106
144	565	146	571	147	574	149	172	1	170	3	173	2
55	351	60	367	58	368	62	338	52
62	338	52	330	50	332	71	397	72	401	115	393	69	394	120	530	136
55	354	69	394	120	466	106	464	107	477	134	560	139
134	560	139	483	109	482	136	545	125	517	117	239	21	236	22
125	517	117	366	57	364	64	385	70	306	41	302	42	308	77	411	78
136	554	129	521	118	465	106	470	133	559	137	538	123	402	72	392	68	389	67	337	51	334	62	371	59	374	104	460	101
46	313	45	315	96	450	99
53	310	44	311	79	413	78
99	457	138	562	140	484	109	483	139
44	303	41	306	70	360	56	362	161	595	164	206	10	201	11
136	561	140	562	138	457	99	453	97	316	45	313	46	322	148
62	338	52	330	50	332	71	398	114	498	113	501	131	534	121	474	107	477	134	560	139	483	109
99	457	138	492	111	479	109	483	139
46	313	45	316	97	453	99	457	138	562	140	484	109	483	139
8	195	10	206	164	253	24	244	23	247	57	363	61	381	141
16	216	13	211	12	214	22	241	23	247	57	363	61	352	55	351	60	376	68	389	67	337	51	334	62
163	188	6
55	355	70	293	36	281	33
8	195	10	206	164	253	24	244	23	247	57	363	61
8	194	9	197	11	210	16	221	17	225	145	569	148
52	338	62	334	51	336	66	375	60	351	55	353	64
144	404	73	328	49	327	48	323	47	324	96	450	99
8	195	10	206	164	253	24	244	23	247	57	363	61	381	141
55	352	61	363	57	247	23	241	22	214	12	198	9	182	5	175	2
99	457	138	562	140	484	109	483	139
55	346	54	340	53	344	93	444	105	461	101
140	561	136	545	125	527	120	531	141	515	116	508	115	401	72	392	68	376	60	367	58	368	62
62	338	52	330	50	332	71	391	68	392	72	401	115	508	116	515	141	531	120	527	125	517	117	516	119	524	138
112	472	107	464	106	465	118	521	129	554	136	545	125	517	117	239	21	236	22
132	558	142	339	52	330	50	331	67	337	51	333	58	341	53	304	41	284	33
20	213	12	202	10	206	164	595	161	586	159	587	162	298	38	288	34
165	603	166	439	88	438	92	436	87	435	91	440	89	441	150	576	156	582	153	578	151
95	442	93	344	53	340	54	346	55	356	115	508	116	512	124	468	106	465	118
2	175	5	182	9	194	8	194	9	200	163	591	160	594	166	599	162	298	38	288	34
33	283	40	261	28	259	36	294	159	586	161	595	164	253	24	242	22	214	12	198	9	182	5	175	2
125	517	117	239	21	232	20	213	12	212	14	218	16	176	2
92	432	86	433	162	598	165
101	460	104	384	63	382	62	338	52	330	50	332	71	397	72	401	115	393	69	394	120	530	136
29	262	35	277	32	270	31	274	40	290	36	292	56	359	64
16	210	11	207	12	214	22	241	23	247	57	363	61	352	55	351	60	376	68	389	67	337	51	334	62
76	329	49	327	48	323	47	324	96	450	99
61	363	57	247	23	237	21	240	138
101	373	59	371	62
148	569	145	225	17	179	3	178	16	210	11	197	9	194	8
29	262	35	286	34
117	366	57	363	61	352	55
8	194	9	197	11	210	16	221	17	223	18	227	45	313	46
148	569	145	570	149	172	1	167	0	167	1	169	2	175	5	182	9	187	6	186	7	193	163	591	160	593	165	598	162	298	38	288	34
8	195	10	206	164	206	10	203	22	236	21	239	117	517	125	527	120	531	141	515	116	514	137	503	113	502	132
92	438	88	437	90	422	83	190	7	186	6	187	9	199	27	181	4	174	2	176	16
61	363	57	247	23	244	24	253	164
44	303	41	306	70	360	56	362	161	595	164	253	24	242	22	214	12	198	9	182	5	175	2
44	303	41	306	70	355	55	357	141
6	187	9	196	10	204	24	251	56	359	64	353	55
62	338	52	339	142	558	132	557	131	535	122	467	106	465	118
82	412	77	411	78	413	79	311	44	303	41	305	65	349	54	346	55	356	115	508	116	512	124	468	106	464	107	477	134	487	110
132	502	113	399	72	401	115	380	61	363	57	247	23	241	22
49	327	48	320	46
33	281	36
61	363	57	247	23	245	25	249	24	252	161	597	166	439	88	438	92	436	87	435	91	440	89	441	150	576	156	582	153	583	157
101	373	59	372	63	335	51	337	67	331	50	332	71	397	72	401	115	510	141
62	334	51	333	58	341	53	343	65	386	70	360	56	361	159	588	165
33	282	39	301	77	412	82	412	77
144	405	74	406	146	571	147	574	149	172	1	167	0	167	1	169	2	175	5	182	9	187	6	186	7	193	163	591	160	593	165
91	435	87	436	92
165	596	161	257	26	246	23	248	117	517	125	545	136	551	128	552	139
62	371	59	374	104	463	105	447	95	445	94	417	79	413	78
16	216	13	211	12	214	22	241	23	247	57	363	61	352	55	351	60	376	68	389	67	337	51	334	62
33	281	36	292	56	358	57	366	117	517	125
109	481	128	550	129	521	118	465	106	467	122	535	131	557	132	558	142	339	52	338	62
62	334	51	336	66	375	60	351	55	353	64	359	56	256	26
139	523	118	465	106	470	133	559	137	538	123	402	72	392	68	376	60	367	58	368	62
157	579	151	577	152	580	155	584	158
148	322	46	320	48	323	47	326	98	449	96	451	100	458	111	479	109	478	110	487	134
118	465	106	466	120	394	69	354	55
62	334	51	333	58	341	53	304	41	302	42	299	39	278	32	276	34	265	30	268	86	432	92
73	328	49	327	48	323	47	324	96	450	99
131	501	113	399	72	377	60	351	55	353	64
80	414	79	413	78	411	77	308	42	302	41
149	172	1	169	2	175	5	182	9	187	6
91	435	87	435	91	440	89	424	84	424	89	440	91	435	87
33	285	42	307	44	312	94	345	53	344	93	383	63	382	62	338	52	339	142
2	175	5	182	9	196	10	205	25	245	23	247	57	363	61
93	344	53	340	54	346	55	356	115	508	116	512	124	468	106	465	118
144	404	73	328	49	327	48	320	46	322	148	322	46	320	48	320	46	313	45	316	97	453	99	457	138	562	140	553	128
62	371	59	374	104	463	105	447	95	445	94	417	79	413	78
16	216	13	211	12	214	22	241	23	247	57	363	61	352	55	351	60	376	68	376	60	367	58	368	62
139	483	109	482	136	545	125	543	127	395	69	379	61
6	187	9	196	10	203	22	236	21	239	117	517	125
78	413	79	311	44	310	53	341	58	368	62
55	354	69	394	120	530	136	482	109
155	580	152	577	151	578	153	581	154	429	85	428	91	435	87	436	92	432	86	268	30	267	38	295	37	273	31	271	33
92	438	88	439	166	597	161	257	26	246	23	248	117	516	119	525	140
95	442	93	344	53	343	65	386	70	360	56	362	161	595	164	253	24	242	22	214	12	198	9	182	5	175	2
16	216	13	211	12	202	10	204	24	251	56	359	64	353	55
136	561	140	562	138	457	99	453	97	316	45	313	46	322	148	566	144
83	422	90	437	88	438	92
141	357	55	353	64	359	56	251	24	204	10	195	8
62	334	51	336	66	375	60	351	55	352	61
22	214	12	211	13	208	11	210	16	176	2	169	1	172	149	574	147	571	146	406	74	405	144
96	315	45	313	46
55	346	54	340	53	344	93	444	105	461	101
133	470	106	464	107	472	112
62	334	51	336	66	375	60	351	55	352	61	363	57	247	23	241	22	214	12	207	11	210	16
99	456	111	479	109	478	110	488	135	497	112	495	130	533	121	534	131	557	132	558	142	339	52	338	62
158	584	155	580	152	577	151	578	153	581	154	429	85	428	91	435	87	436	92	438	88	439	166	603	165
2	175	5	185	27	199	9	187	6	186	7	190	83
78	411	77	301	39	278	32	276	34	265	30	268	86	432	92	438	88	437	90	422	83
33	281	36	293	70	350	54	346	55	356	115	508	116	514	137
62	334	51	333	58	341	53	304	41	284	33	271	31	272	34
64	353	55	351	60	367	58	368	62	338	52
110	485	112	495	130	533	121	534	131	557	132
82	412	77	411	78	411	77	308	42	302	41	306	70	385	64	364	57	366	117	519	136
33	281	36	293	70	355	55	357	141
17	221	16	210	11	197	9	194	8	194	9	200	163	423	83
155	580	152	577	151	578	153	581	154	429	85	428	91	435	87	436	92	438	88	439	166	603	165	601	164	206	10	203	22
62	334	51	336	66	375	60	351	55	352	61	363	57	247	23	241	22	214	12	207	11	210	16
8	195	10	206	164	206	10	205	25	254	26	256	56	359	64	385	70	350	54	340	53	344	93	444	105	461	101
8	195	10	206	164	206	10	205	25	254	26	256	56	359	64	385	70	350	54	340	53	344	93	442	95
33	284	41	304	53	344	93	444	105	461	101
83	421	88	439	166	597	161	362	56	358	57	363	61
95	442	93	344	53	340	54	346	55	352	61
22	203	10	196	9	200	163
2	169	1	167	0	168	143	408	75
6	187	9	182	5	175	2	169	1
34	287	37	295	38	298	162	587	159	586	161	595	164	255	25	243	22	233	20	235	99
92	438	88	437	90	422	83
115	401	72	392	68	389	67	337	51	334	62	371	59	374	104	460	101
64	359	56	292	36	290	40	274	31	272	34	286	35	262	29
99	456	111	479	109	478	110	488	135	497	112	495	130	533	121	534	131	557	132
141	549	127	518	117	239	21	232	20
158	584	155	580	152	577	151	578	153	581	154	429	85	428	91	435	87	436	92	432	86	268	30	265	34
46	313	45	316	97
92	438	88	437	90	422	83	190	7	186	6	187	9	199	27	181	4	174	2	176	16
2	175	5	182	9	196	10	204	24	244	23	247	57	364	64	385	70	350	54	340	53	344	93	444	105	461	101
53	343	65	386	70	360	56	359	64	359	56	256	26
8	195	10	206	164	601	165	598	162	298	38	288	34
62	338	52	330	50	332	71	397	72	401	115	508	116	515	141	531	120	530	136
83	422	90	437	88	438	92
34	272	31	274	40	290	36	292	56	358	57	366	117	519	136	482	109
2	176	16	219	15	220	19	229	20	232	21	239	117	516	119	525	140	553	128	481	109	478	110
20	232	21	239	117	517	125	527	120	531	141	515	116	508	115	356	55	346	54	347	58	368	62
34	272	31	274	40	290	36	292	56	359	64	353	55	354	69	395	127	518	117	519	136	482	109
131	557	132	558	142	339	52	338	62
148	569	145	225	17	179	3	178	16	210	11	208	13	211	12	214	22	241	23	247	57	363	61	352	55	351	60	376	68	376	60	367	58	368	62
16	216	13	211	12	214	22	241	23	247	57	363	61	352	55	351	60	376	68	376	60	367	58	368	62
99	457	138	492	111	479	109	483	139
53	343	65	386	70	360	56	362	161	597	166	439	88	421	83
53	344	93	444	105	461	101
2	176	16	219	15	220	19	229	20	232	21	239	117	516	119	525	140	546	125	544	129	521	118
118	521	129	544	125	546	140	525	119	516	117	239	21	232	20	213	12	212	14	218	16
82	412	77	411	78
157	583	153	582	156	576	150	441	89	440	91	435	87	436	92	432	86	268	30	267	38	295	37	273	31	271	33
64	353	55	354	69	395	127	543	125	545	136	551	128	481	109	478	110
78	411	77	301	39	278	32	276	34	265	30	268	86	432	92
62	334	51	336	66	375	60	351	55	352	61	363	57	247	23	241	22
155	580	152	577	151	578	153	583	157	585	156	576	150	441	89	424	84	425	90	437	88	438	92
141	510	115	401	72	392	68	389	67	337	51	334	62	371	59	374	104	460	101
16	221	17	225	145	568	147
149	172	1	170	3	178	16	210	11
64	353	55	351	60	377	72	399	113	501	131
74	405	144	410	76	329	49	327	48	320	46	322	148	322	46	320	48	320	46	313	45	316	97
93	344	53	343	65	386	70	360	56	362	161	595	164	253	24	242	22	214	12	198	9	182	5	175	2
46	313	45	316	97	453	99	457	138	562	140	561	136
131	534	121	474	107	477	134	560	139
125	527	120	394	69	393	115	509	123	402	72	392	68	389	67	337	51	334	62	371	59	374	104
141	357	55	351	60	375	66	387	67	337	51	334	62
62	334	51	333	58	341	53	304	41	284	33	271	31	272	34
34	272	31	274	40	290	36	293	70	350	54	346	55	356	115	508	116	513	133	536	122	532	121
148	569	145	570	149	172	1	167	0	167	1	169	2	175	5	182	9	187	6	186	7	193	163	591	160	593	165	598	162	298	38	288	34
60	348	54	350	70	293	36	290	40	274	31	272	34
33	275	32	276	34	287	37	295	38	298	162	599	166	594	160	591	163	200	9	197	11	210	16
16	219	15	220	19	229	20	232	21	239	117	516	119	525	140	484	109	481	128	552	139	560	134
151	578	153	583	157	585	156	576	150	441	89	424	84	191	7	186	6	187	9	199	27	181	4	174	2
139	483	109	482	136	545	125	543	127	395	69	379	61	378	64	359	56	292	36	290	40	274	31	272	34
8	194	9	189	7	190	83
62	334	51	336	66	375	60	351	55	352	61	363	57	247	23	241	22	214	12	211	13	208	11	210	16	176	2	169	1	172	149	574	147	571	146	565	144
82	412	77	411	78
55	353	64	359	56	251	24	204	10	196	9	182	5	175	2
139	483	109	484	140	525	119	516	117	239	21	232	20	213	12	212	14	218	16
148	569	145	570	149	172	1	170	3	173	2
137	514	116	508	115	356	55	346	54	350	70	293	36	281	33
80	414	79	413	78	411	77	308	42	302	41	291	36	292	56	358	57	366	117	519	136	551	128	481	109
44	303	41	284	33	271	31	272	34
128	550	129	529	120	531	141	515	116	508	115	401	72	377	60	367	58	368	62
16	210	11	197	9	194	8	194	9	200	163	591	160	594	166	599	162	587	159	294	36	259	28	261	40	283	33	282	39	299	42	308	77	411	78
139	523	118	465	106	468	124	512	116	508	115	356	55
44	312	94	445	95
141	531	120	527	125	546	140	562	138	457	99	453	97	316	45	313	46	320	48	320	46	322	148	566	144
22	243	25	249	24	252	161	586	159	587	162	587	159	294	36	281	33
29	262	35	266	30	268	86	426	85	426	86	432	92	438	88	439	166	603	165
91	435	87	436	92
34	287	37	295	38	298	162	587	159	586	161	595	164	255	25	243	22	233	20
16	219	15	220	19	229	20	232	21	239	117	516	119	525	140	546	125	544	129	521	118
46	313	45	315	96
139	483	109	482	136	545	125	543	127	395	69	354	55	353	64	359	56	292	36	281	33
109	482	136	545	125	527	120	531	141	515	116	508	115	401	72	392	68	389	67	337	51	334	62	371	59	374	104	460	101
101	460	104	384	63	382	62	338	52	330	50	332	71	398	114	498	113	501	131	534	121	474	107	477	134	487	110
16	210	11	197	9	194	8	195	10	204	24	250	26	256	56	359	64	385	70	350	54	340	53	342	63	372	59	373	101
55	353	64	359	56	362	161	597	166	439	88	438	92	436	87	435	91	440	89	441	150	576	156	582	153	578	151	579	157
134	560	139	483	109	482	136	545	125	517	117	248	23	245	25	255	164	601	165
16	219	15	220	19	229	20	232	21	239	117	516	119	525	140	484	109	481	128	552	139	560	134	477	107	474	121
165	598	162	433	86	432	92
118	521	129	554	136	545	125	517	117	248	23	244	24	249	25	255	164	601	165
144	404	73	328	49	327	48	323	47	326	98	449	96	451	100	458	111	479	109	478	110	488	135	488	110	488	135	497	112	495	130	533	121	534	131	557	132
132	502	113	399	72	401	115	380	61
22	243	25	249	24	252	161	586	159	587	162	587	159	294	36	259	28	261	40	283	33	284	41	303	44
11	197	9	194	8	194	9	200	163	423	83	422	90	437	88	438	92
110	478	109	482	136	545	125	517	117	248	23	245	25	255	164	601	165
62	334	51	336	66	375	60	351	55	352	61	363	57	247	23	241	22	214	12	207	11	210	16
165	588	159	294	36	293	70
22	236	21	239	117	517	125	545	136	551	128	481	109	478	110
55	355	70	293	36	281	33
87	435	91	440	89	424	84	424	89	440	91	435	87	435	91
92	432	86	268	30	265	34	272	31	271	33
34	272	31	274	40	290	36	292	56	359	64	353	55	354	69	394	120	530	136	482	109
138	457	99	453	97	316	45	313	46	322	148	566	144
16	221	17	225	145	569	148	322	46	320	48	327	49	328	73	404	144
136	561	140	525	119	516	117	239	21	232	20	213	12	198	9	194	8
22	241	23	247	57	363	61	352	55	351	60	376	68	376	60	367	58	368	62
78	411	77	301	39	278	32	276	34	265	30	268	86	432	92
125	527	120	394	69	393	115	509	123	402	72	377	60	367	58	368	62
61	378	64	353	55	346	54	340	53	344	93	442	95
33	282	39	301	77	411	78	413	79	414	80
8	195	10	206	164	206	10	203	22	241	23	247	57	363	61	352	55	351	60	376	68	376	60	367	58	368	62
138	457	99	453	97	316	45	313	46	320	48	320	46	322	148	322	46	320	48	327	49	328	73	404	144
29	262	35	286	34	272	31	271	33
144	410	76	407	75
139	483	109	484	140	525	119	516	117	239	21	232	20	213	12	212	14	209	11
141	357	55	346	54	347	58	368	62
44	303	41	306	70	360	56	362	161	595	164	255	25	243	22	233	20
165	588	159	294	36	293	70	355	55	357	141
22	243	25	249	24	252	161	586	159	587	162	587	159	294	36	259	28	261	40	283	33	282	39	301	77	411	78	411	77	412	82
144	404	73	328	49	327	48	320	46	322	148	322	46	320	48	323	47	326	98	449	96	451	100	458	111	479	109	478	110
2	176	16	219	15	220	19	229	20	232	21	239	117	516	119	525	140	484	109	483	139
70	355	55	354	69	394	120	530	136
118	465	106	467	122	537	137	538	123	402	72	392	68	389	67	337	51	334	62	371	59	374	104	460	101
46	313	45	227	18	226	19	222	16	210	11
66	375	60	351	55	357	141	542	124	468	106	464	107	477	134	487	110
138	524	119	516	117	517	125	527	120	531	141	515	116	508	115	401	72	392	68	376	60	367	58	368	62
131	501	113	503	137	514	116	515	141	531	120	527	125	517	117	516	119
133	513	116	508	115	356	55	355	70	293	36	259	28	258	31	272	34
149	172	1	169	2	175	5	182	9	187	6
11	197	9	189	7	190	83
44	303	41	306	70	355	55
62	338	52	330	50	332	71	398	114	498	113	499	122	532	121
16	221	17	223	18	227	45	313	46
37	260	28	259	36	292	56	359	64	378	61	379	69	396	141	542	124	468	106
62	338	52	330	50	332	71	397	72	399	113	499	122	467	106	469	129	550	128
34	287	37	295	38	298	162	599	166	594	160	591	163	200	9	197	11	210	16
61	363	57	366	117	519	136	561	140	562	138	457	99	453	97
33	283	40	290	36	292	56	251	24	253	164	206	10	203	22
2	175	5	183	11	207	12	214	22	241	23	247	57	363	61	352	55	351	60	376	68	376	60	367	58	368	62
132	557	131	534	121	474	107	477	134	560	139
62	338	52	330	50	332	71	391	68	392	72	401	115	508	116	515	141	531	120	527	125	517	117	516	119	524	138
101	460	104	463	105	444	93	344	53	343	65	386	70	360	56	362	161	595	164	253	24	242	22	214	12	198	9	182	5	175	2
144	404	73	328	49	327	48	320	46	322	148	322	46	320	48	323	47	326	98	449	96	451	100	458	111	479	109	478	110
136	530	120	531	141	515	116	508	115	401	72	397	71	332	50	330	52
16	219	15	220	19	229	20	232	21	239	117	516	119	525	140	484	109	481	128	552	139	560	134
8	194	9	197	11	210	16	221	17	225	145	569	148
136	519	117	239	21	236	22	203	10	195	8
55	354	69	394	120	466	106	464	107	477	134	487	110
62	334	51	333	58	341	53	304	41	284	33
155	584	158	584	155	580	152	577	151	579	157
2	175	5	182	9	194	8	194	9	200	163	591	160	594	166	599	162	298	38	288	34
78	413	79	311	44	303	41	305	65	349	54	346	55	356	115	508	116	512	124	468	106	464	107	477	134
22	243	25	249	24	252	161	596	165	603	166	439	88	438	92	436	87	435	91	428	85	429	154
78	411	77	301	39	278	32	276	34	265	30	268	86	432	92	438	88	437	90	422	83
16	221	17	225	145	569	148
53	342	63	372	59	373	101
109	481	128	550	129	521	118	465	106	467	122	535	131	557	132
33	271	31	258	28	259	36	294	159	586	161	595	164	206	10	196	9	199	27
62	334	51	333	58	341	53	304	41	284	33	282	39	278	32	276	34
52	338	62	334	51	333	58	341	53	304	41	284	33	271	31	272	34
101	460	104	463	105	447	95	445	94	312	44	303	41	284	33
22	243	25	249	24	249	25	249	24	252	161	586	159	587	162	298	38	288	34	272	31	271	33
96	315	45	313	46	320	48	320	46	322	148	322	46	320	48	327	49	328	73	403	76
144	565	146	571	147	574	149	172	1	167	0	167	1	169	2	175	5	182	9	187	6	188	163
139	523	118	465	106	470	133	559	137	538	123	402	72	377	60	367	58	368	62
78	411	77	301	39	278	32	276	34	265	30	268	86	432	92	438	88	437	90	422	83
2	176	16	219	15	220	19	229	20	232	21	239	117	517	125	527	120	394	69	393	115
101	460	104	384	63	335	51	337	67	331	50	332	71	397	72	401	115
101	460	104	463	105	444	93	344	53	343	65	386	70	360	56	362	161	595	164	206	10	195	8
16	219	15	220	19	229	20	232	21	239	117	517	125	527	120	531	141
2	175	5	185	27	199	9	187	6	186	7	193	163	591	160	594	166	599	162	587	159	294	36	259	28	261	40	283	33	284	41	303	44
62	338	52	339	142	558	132	557	131	535	122	467	106	465	118
8	195	10	206	164	206	10	203	22	241	23	247	57	363	61	352	55	351	60	376	68	376	60	367	58	368	62
78	413	79	417	94	345	53	344	93	383	63	382	62
34	276	32	278	39	299	42	307	44	312	94	345	53	344	93	383	63	382	62
33	271	31	258	28	259	36	294	159	586	161	595	164	255	25	205	10	202	12	211	13	216	16	176	2
165	596	161	257	26	246	23	248	117	517	125	545	136	551	128	552	139
157	583	153	582	156	576	150	441	89	440	91	435	87	436	92	432	86	433	162	598	165
101	373	59	371	62	338	52	330	50	332	71	397	72	402	123	538	137	537	122	467	106	465	118
83	422	90	437	88	438	92	432	86	268	30	265	34	272	31	271	33
165	596	161	257	26	246	23	248	117	517	125
62	338	52	339	142	558	132	557	131	535	122	467	106	465	118
136	519	117	239	21	236	22
157	583	153	582	156	576	150	441	89	440	91	435	87	436	92	438	88	439	166	603	165
101	460	104	463	105	444	93	344	53	343	65	386	70	360	56	362	161	595	164	253	24	242	22	214	12	198	9	182	5	175	2
62	334	51	333	58	341	53	310	44	307	42	299	39	278	32	276	34
148	322	46	313	45	316	97	234	20	233	22
95	442	93	344	53	340	54	346	55	354	69	394	120	527	125
42	285	33	283	40	261	28	259	36	294	159	588	165
33	281	36	292	56	358	57	363	61
16	216	13	211	12	202	10	204	24	251	56	359	64	353	55
6	187	9	182	5	175	2	169	1	167	0	168	143	408	75
136	561	140	562	138	457	99
62	334	51	333	58	341	53	343	65	386	70	360	56	361	159	588	165
110	478	109	481	128	551	136	545	125	543	127	395	69	379	61	378	64	359	56	292	36	259	28	258	31	272	34
165	588	159	294	36	293	70	355	55
92	432	86	268	30	265	34	276	32	278	39	299	42	307	44	312	94	345	53	344	93	383	63	382	62
144	565	146	571	147	574	149	172	1	170	3	178	16
11	210	16	221	17
11	209	14	217	15	220	19	229	20	232	21	239	117	516	119	525	140	484	109	481	128	552	139	560	134	477	107	474	121
46	313	45	227	18	226	19	222	16	210	11	197	9	194	8	194	9	200	163	600	166
44	303	41	284	33	283	40	261	28	259	36	294	159	589	166	600	163	200	9	194	8
42	302	41	306	70	385	64	353	55	354	69	395	127	543	125
62	371	59	374	104	463	105	447	95	445	94	417	79	413	78	411	77	412	82
131	501	113	503	137	514	116	515	141	531	120	527	125	517	117	239	21	232	20	213	12	212	14	218	16
97	453	99	456	111	479	109	478	110	488	135	488	110	488	135	497	112	495	130	533	121
110	478	109	484	140	525	119	516	117	239	21	232	20	213	12	212	14	218	16
125	517	117	248	23	244	24	252	161	596	165
55	351	60	377	72	399	113	502	132
34	287	37	295	38	298	162	599	166	594	160	591	163	200	9	197	11
132	502	113	499	122	467	106	466	120
62	338	52	330	50	332	71	397	72	401	115	510	141
128	551	136	519	117	239	21	236	22	203	10	195	8
62	334	51	333	58	341	53	343	65	386	70	360	56	361	159	588	165
136	519	117	366	57	358	56	360	70
99	238	21	237	23	247	57	363	61	352	55
163	200	9	199	27	181	4	174	2
124	526	120	527	125	517	117	248	23	245	25	255	164	601	165
2	175	5	182	9	196	10	205	25	254	26	256	56	359	64	385	70	350	54	340	53	344	93	444	105	461	101
101	460	104	384	63	382	62	338	52	330	50	332	71	397	72	401	115	393	69	394	120	530	136
22	236	21	239	117	519	136
136	519	117	518	127	395	69	354	55	355	70
62	334	51	336	66	375	60	351	55	352	61	363	57	247	23	241	22	214	12	211	13	216	16	176	2
46	313	45	316	97	234	20	232	21	237	23	247	57	363	61
118	521	129	554	136	545	125	517	117	248	23	244	24	249	25	255	164	601	165
62	371	59	374	104	463	105	447	95	445	94	417	79	413	78
82	412	77	411	78	411	77	308	42	307	44	303	41	305	65	349	54	346	55	357	141
118	521	129	544	125	517	117	248	23	245	25	249	24	252	161	597	166	439	88	438	92
62	338	52	330	50	332	71	398	114	505	131
109	482	136	519	117	518	127	395	69	354	55	353	64	385	70	306	41	302	42	308	77	411	78
53	340	54	346	55	352	61	363	57	247	23	241	22
144	565	146	571	147	574	149	172	1	170	3	173	2
125	517	117	239	21	232	20	213	12	212	14	218	16	176	2	169	1	172	149	574	147	571	146	406	74	405	144
62	338	52	330	50	332	71	398	114	498	113	501	131	534	121	474	107	477	134	560	139
82	309	43	300	39	278	32	276	34	287	37	295	38	298	162	598	165
61	378	64	359	56	292	36	281	33
125	517	117	239	21	232	20	213	12	212	14	218	16	176	2	169	1	172	149	574	147	571	146	406	74	405	144
139	523	118	465	106	470	133	559	137	538	123	402	72	377	60	367	58	368	62
160	593	165
16	176	2	169	1	172	149	574	147	571	146	406	74	405	144
55	356	115	508	116	512	124	468	106	464	107	477	134	560	139
44	307	42
61	378	64	359	56	292	36	259	28	258	31	272	34
110	487	134	522	118	465	106	470	133	559	137	538	123	402	72	392	68	389	67	337	51	334	62	371	59	374	104	460	101
9	196	10	205	25	254	26	256	56	359	64	385	70	350	54	347	58	333	51	334	62
119	516	117	517	125	527	120	466	106	467	122	535	131
128	553	140	562	138	457	99	453	97	316	45	313	46	320	48	320	46	322	148	322	46	320	48	327	49	328	73	404	144
157	579	151	579	157	583	153	575	150	441	89	424	84	191	7	186	6	187	9	199	27	181	4	174	2	176	16
61	363	57	366	117	519	136
101	460	104	384	63	382	62	338	52	339	142
62	338	52	330	50	332	71	397	72	402	123	538	137	537	122	467	106	465	118
44	303	41	306	70	360	56	362	161	595	164	253	24	242	22	214	12	198	9	182	5	175	2
134	560	139	489	110	478	109	479	111	456	99	453	97	316	45	313	46	320	48	320	46	322	148	566	144
2	177	17	223	18	226	19	231	97
121	532	122	467	106	466	120	527	125	517	117	239	21	236	22	203	10	195	8
82	412	77	411	78	411	77	308	42	302	41	306	70	355	55
62	334	51	336	66	375	60	351	55	352	61	363	57	247	23	241	22	203	10	195	8	194	9	187	6
33	281	36	293	70	355	55	357	141
62	338	52	330	50	332	71	397	72	401	115	510	141
97	453	99	457	138	562	140	561	136	519	117	366	57	363	61
141	531	120	527	125	546	140	562	138	457	99
160	594	166	434	86	432	92
55	355	70
131	557	132	558	142	339	52	330	50	331	67	337	51	333	58	341	53	310	44
62	338	52	330	50	332	71	398	114	498	113	501	131	534	121	474	107	477	134	560	139
33	284	41	303	44	312	94	445	95
125	546	140	562	138	457	99	453	97	325	47	323	48	320	46	322	148	566	144
46	313	45	315	96	450	99	457	138
29	262	35	286	34
70	360	56	251	24	242	22	233	20
113	500	123	511	116	508	115	356	55	346	54	340	53
78	411	77	308	42	302	41	306	70	355	55
29	262	35	286	34
55	352	61	363	57	247	23	237	21	232	20
82	309	43	280	32	276	34
62	338	52	339	142	558	132	557	131	556	130	533	121	474	107	477	134	487	110
42	302	41	304	53	341	58	368	62
22	241	23	247	57	363	61	352	55	351	60	367	58	368	62
16	210	11	197	9	194	8	195	10	206	164	601	165	588	159
62	334	51	336	66	375	60	351	55	352	61	363	57	247	23	241	22	214	12	207	11	210	16
110	487	134	522	118	465	106	468	124	512	116	508	115	356	55	346	54	349	65	305	41	302	42	308	77	411	78
78	411	77	301	39	282	33	281	36	292	56	358	57	366	117	519	136	551	128
62	334	51	336	66	375	60	351	55	352	61	363	57	247	23	241	22	203	10	195	8
165	588	159	294	36	281	33
165	596	161	595	164	255	25	243	22	233	20	229	19
82	412	77	411	78	411	77	308	42	302	41	305	65	349	54	346	55	356	115	508	116	512	124	468	106	465	118
34	272	31	274	40	290	36	293	70	350	54	346	55	356	115	508	116	513	133	536	122	532	121
165	588	159	361	56	359	64	378	61	379	69	396	141	515	116	511	123	500	113	502	132
34	265	30	268	86	432	92	438	88	437	90	422	83
34	265	30	268	86	432	92	436	87	435	91	428	85	429	154
136	554	129	521	118	465	106	467	122	535	131	557	132
62	334	51	336	66	375	60	351	55	352	61	363	57	247	23	241	22	214	12	207	11	210	16
132	502	113	499	122	467	106	465	118
163	200	9	182	5	175	2	169	1
34	276	32	278	39	299	42	307	44	310	53	341	58	333	51	337	67	331	50	330	52	339	142	558	132
165	598	162	587	159	294	36	259	28	261	40	283	33	282	39	301	77	412	82
34	272	31	258	28
78	411	77	308	42	302	41	305	65	349	54	346	55	356	115	508	116	512	124	468	106	465	118
148	322	46	313	45	315	96	450	99
125	527	120	394	69	354	55	353	64	359	56	292	36	259	28	258	31	272	34
70	360	56	251	24	242	22	233	20
61	363	57	247	23	237	21	232	20
95	446	101
82	420	81	418	80
34	276	32	278	39	301	77	411	78
76	403	73	403	76	329	49	327	48	320	46	322	148	322	46	313	45	316	97
109	482	136	545	125	527	120	531	141	515	116	508	115	356	55	346	54	347	58	368	62
124	541	137	503	113	502	132
82	309	43	300	39	278	32	276	34	287	37	295	38	298	162	598	165
110	478	109	479	111	456	99	450	96
74	405	144	410	76	407	75	408	143	168	0	167	1	170	3	173	2
109	482	136	545	125	543	127	395	69	354	55	353	64	359	56	292	36	259	28	258	31	272	34
110	478	109	479	111	456	99
73	328	49	327	48	323	47	324	96	450	99
110	478	109	482	136	545	125	517	117	248	23	244	24	252	161	597	166	439	88	438	92
62	338	52	339	142	558	132
62	334	51	336	66	375	60	351	55	352	61	363	57	247	23	241	22	214	12	198	9	182	5	175	2
29	262	35	286	34
118	521	129	544	125	517	117	239	21	236	22
136	545	125	543	127	395	69	354	55	346	54	340	53
144	405	74	405	144	410	76	409	143	563	146	571	147	574	149	172	1	167	0	167	1	169	2	175	5	182	9	187	6	186	7	193	163
99	457	138	492	111	479	109	483	139
16	210	11	197	9	194	8	194	9	200	163	591	160	594	166	599	162	298	38	288	34
119	516	117	248	23	244	24	252	161	597	166	439	88	438	92
62	338	52	330	50	332	71	397	72	399	113	499	122	536	133
92	438	88	439	166	597	161	362	56	358	57	363	61
141	357	55	353	64	359	56	256	26	257	161	597	166	439	88	438	92
141	531	120	527	125	517	117	239	21	232	20	213	12	212	14	218	16
138	457	99	453	97	316	45	313	46	322	148
20	232	21	237	23	247	57	363	61
81	420	82	420	81	415	79	413	78
16	210	11	197	9	194	8	195	10	206	164	601	165	598	162	587	159	294	36	281	33
62	334	51	333	58	341	53	310	44	307	42	299	39	278	32	276	34
131	501	113	503	137	514	116	515	141	531	120	527	125	517	117	239	21	232	20	213	12	212	14	218	16
78	411	77	308	42	302	41	304	53	340	54	348	60	377	72	399	113	501	131
132	502	113	399	72	401	115	380	61
92	438	88	439	166	597	161	257	26	246	23	248	117	519	136
6	187	9	182	5	175	2	169	1	172	149
2	176	16	219	15	220	19	229	20	232	21	239	117	517	125	527	120	466	106	467	122	535	131
34	287	37	295	38	298	162	599	166	594	160	591	163	193	7	186	6
101	460	104	384	63	342	53	340	54	346	55
80	414	79	413	78	411	77	301	39	278	32	276	34	287	37	295	38	298	162	587	159	586	161	595	164	206	10	203	22
34	265	30	268	86	432	92	438	88	437	90	422	83
46	313	45	230	19	229	20
16	219	15	220	19	229	20	232	21	239	117	517	125	527	120	531	141	515	116	514	137	503	113	498	114	507	142
3	178	16	222	19	231	97
117	248	23	245	25	249	24	252	161	597	166	434	86	432	92
55	351	60	375	66	387	67	331	50	330	52	339	142
33	271	31	258	28	259	36	294	159	586	161	595	164	255	25	205	10	202	12	198	9	182	5	175	2
34	272	31	274	40	290	36	293	70	355	55	357	141
22	203	10	196	9	182	5	175	2
131	501	113	399	72	401	115	380	61	363	57	247	23	241	22
41	305	65	349	54	346	55	356	115	508	116	513	133	536	122	532	121
62	338	52	330	50	332	71	397	72	402	123	538	137	537	122	467	106	465	118
158	584	155	580	152	577	151	578	153	581	154	429	85	426	86	268	30	266	35	262	29
164	206	10	202	12	213	20	235	99
157	579	151	577	152	580	155	580	152	577	151	578	153	581	154	581	153	578	151	577	152	580	155	584	158
92	432	86	268	30	265	34	276	32	275	33	284	41	303	44	312	94	445	95
136	554	129	521	118	465	106	467	122	535	131	557	132
101	373	59	372	63	382	62	338	52	330	50	332	71	398	114	498	113	501	131	534	121	474	107	477	134	560	139
62	371	59	374	104	460	101
62	338	52	330	50	332	71	397	72	402	123	538	137	537	122	467	106	465	118
99	456	111	479	109	478	110	489	139	523	118	465	106	470	133	559	137	538	123	402	72	377	60	367	58	368	62
163	200	9	198	12	213	20
128	551	136	519	117	248	23	245	25	249	24	252	161	597	166	439	88	438	92
20	229	19	230	45	313	46
112	485	110	489	139	483	109	484	140	525	119	524	138
46	313	45	316	97	453	99	457	138	562	140	561	136
144	404	73	328	49	327	48	320	46	322	148	322	46	320	48	320	46	313	45	316	97	453	99	457	138	562	140	561	136
2	176	16	219	15	220	19	229	20	232	21	239	117	518	127	549	141
34	276	32	278	39	299	42	307	44	312	94	445	95	447	105	461	101
52	338	62	334	51	333	58	341	53	304	41	284	33
119	516	117	239	21	236	22	203	10	195	8
78	413	79	311	44	303	41
78	411	77	308	42	302	41	306	70	355	55	352	61
118	521	129	554	136	561	140	525	119	516	117	239	21	232	20	213	12	212	14	218	16	176	2	169	1	172	149
118	465	106	470	133	559	137	538	123	402	72	377	60	367	58	368	62
6	186	7
83	190	7	186	6	187	9	199	27	181	4	174	2
34	287	37	295	38	298	162	587	159	586	161	595	164	255	25	243	22	233	20	235	99
148	569	145	225	17	179	3	173	2	175	5	182	9	196	10	204	24	244	23	247	57	364	64	385	70	350	54	340	53	344	93	444	105	461	101
41	304	53	341	58	333	51	337	67	331	50	330	52	339	142	558	132
140	562	138	457	99	453	97	316	45	313	46	322	148
44	307	42	299	39	278	32	276	34	265	30	268	86	432	92	436	87	435	91	440	89	441	150	576	156	582	153	583	157
60	351	55	356	115	508	116	512	124	468	106	464	107	477	134	560	139
20	229	19	230	45	313	46
83	422	90	422	83	421	88	439	166	589	159	361	56	358	57	363	61
22	243	25	249	24	252	161	586	159	587	162	298	38	288	34	276	32	278	39	300	43
46	313	45	227	18	226	19	222	16
144	404	73	328	49	327	48	323	47	325	97	234	20
78	413	79	414	80
80	414	79	413	78	413	79	417	94	345	53	344	93	383	63	382	62
125	517	117	239	21	232	20	213	12	212	14	218	16
132	502	113	399	72	401	115	510	141	357	55	353	64	359	56	256	26	257	161	596	165
2	177	17	223	18	227	45	313	46
34	287	37	295	38	298	162	599	166	594	160	591	163	188	6
118	521	129	544	125	517	117	248	23	245	25	249	24	252	161	597	166	439	88	438	92	436	87	435	91	440	89	441	150	576	156	582	153	583	157
157	579	151
136	554	129	521	118	465	106	470	133	559	137	538	123	402	72	377	60	367	58	368	62
6	187	9	182	5	175	2	169	1	172	149
34	272	31	274	40	290	36	292	56	359	64	353	55	354	69	365	57	366	117	520	140
132	502	113	499	122	467	106	466	120	527	125
44	312	94	445	95	446	101
2	175	5	182	9	196	10	204	24	244	23	247	57	364	64	385	70	350	54	340	53	344	93	444	105	461	101
34	265	30	268	86	432	92	436	87	435	91	428	85	429	154	581	153	578	151	577	152	580	155
34	272	31	274	40	290	36	292	56	358	57	366	117	519	136	482	109
118	465	106	466	120	394	69	379	61
95	442	93	344	53	304	41	284	33
55	354	69	394	120	466	106	464	107	477	134	487	110
61	380	115	401	72	399	113	502	132
132	557	131	534	121	533	130	495	112	497	135	488	110	478	109	479	111	456	99	453	97
64	359	56	292	36	281	33	282	39	299	42	308	77	411	78
72	400	114	507	142
2	175	5	182	9	196	10	205	25	249	24	251	56
8	195	10	206	164	206	10	204	24	251	56	359	64	385	70	350	54	340	53	344	93	444	105	461	101
92	438	88	439	166	603	165	596	161	595	164	255	25	243	22	233	20
11	210	16	176	2	169	1	172	149	574	147	571	146	565	144
20	229	19	224	17	225	145	569	148
129	529	120	394	69	354	55	346	54	347	58	368	62
118	522	134	487	110	478	109	479	111	456	99	453	97	316	45	313	46
62	338	52	339	142	558	132	557	131	535	122	467	106	465	118
101	460	104	384	63	382	62	338	52	330	50	332	71	397	72	402	123	538	137	537	122	467	106	465	118
165	593	160	591	163	200	9	194	8	194	9	197	11	210	16	176	2	169	1	172	149	574	147	571	146	406	74	405	144
131	535	122	467	106	466	120	527	125	517	117	248	23	245	25	249	24	252	161	597	166	439	88	421	83
101	460	104	384	63	342	53	343	65	386	70	360	56	362	161	595	164
92	438	88	439	166	597	161	362	56	358	57	363	61
29	262	35	286	34
11	201	10	206	164	601	165	598	162	298	38	288	34
117	239	21	232	20	229	19	222	16	176	2
101	446	95
61	363	57	247	23	237	21	232	20	235	99
78	411	77	301	39	282	33	281	36	292	56	358	57	366	117	519	136
6	186	7	190	83
62	334	51	336	66	375	60	351	55	352	61	363	57	247	23	241	22	214	12	198	9	182	5	175	2
101	373	59	371	62
97	448	96	315	45	313	46	322	148	566	144
165	601	164	255	25	243	22	233	20	235	99
141	531	120	527	125	517	117	239	21	232	20	213	12	212	14	218	16	176	2	169	1	172	149	574	147	564	143	408	75
16	216	13	211	12	202	10	204	24	251	56	359	64	353	55	351	60	376	68	376	60	367	58	368	62
11	197	9	200	163
80	414	79	413	78	411	77	301	39	278	32	276	34	287	37	295	38	298	162	587	159	586	161	595	164	206	10	203	22
101	460	104	463	105	444	93	344	53	310	44
132	558	142	339	52	330	50	331	67	337	51	333	58	341	53	304	41	284	33
78	411	77	301	39	278	32	276	34
16	216	13	211	12	214	22	241	23	247	57	363	61	352	55	346	54	340	53	344	93	444	105	461	101
82	309	43	300	39	278	32	276	34	287	37	295	38	298	162	599	166	594	160	591	163	200	9	197	11
82	309	43	300	39	278	32	276	34	265	30	268	86	432	92	438	88	437	90	422	83
20	232	21	239	117	517	125	527	120	531	141	515	116	514	137	503	113	502	132
75	408	143	564	147	574	149	172	1	170	3	173	2
2	176	16	219	15	220	19	229	20	232	21	239	117	516	119	525	140	561	136	554	129	521	118
20	232	21	239	117	517	125	527	120	531	141	515	116	508	115	401	72	392	68	389	67	337	51	334	62	371	59	374	104	460	101
62	334	51	336	66	375	60	351	55	352	61	363	57	247	23	241	22	203	10	195	8
78	411	77	301	39	278	32	276	34	287	37	295	38	298	162	598	165	601	164	206	10	195	8
73	404	144	404	73	328	49	327	48	320	46
132	558	142	339	52	338	62
33	271	31	258	28	259	36	294	159	586	161	595	164	206	10	195	8	194	9	197	11	210	16
92	436	87	435	91
66	336	51	334	62	371	59	374	104	443	93	442	95
83	421	88	439	166	599	162	587	159	294	36	281	33
62	338	52	330	50	332	71	397	72	402	123	538	137	559	133	470	106	465	118	523	139	489	110	478	109	479	111	456	99
33	271	31	258	28	259	36	294	159	588	165	603	166
141	357	55	346	54	350	70	293	36	259	28	258	31	272	34
46	313	45	227	18	226	19	222	16
101	460	104	384	63	382	62	338	52	330	50	332	71	397	72	401	115	508	116	515	141	531	120	527	125
139	483	109	482	136	545	125	517	117	248	23	244	24	252	161	597	166	439	88	438	92
62	334	51	333	58	341	53	310	44	307	42	299	39	278	32	276	34
16	219	15	220	19	229	20	232	21	239	117	517	125
62	334	51	336	66	375	60	351	55	352	61	363	57	247	23	241	22	214	12	198	9	182	5	175	2
136	519	117	518	127	395	69	379	61	352	55	346	54	340	53	344	93	444	105
62	334	51	336	66	375	60	351	55	352	61	363	57	247	23	241	22	214	12	198	9	182	5	175	2
110	487	134	522	118	465	106	470	133	559	137	503	113	399	72
33	282	39	301	77	412	82
110	478	109	479	111	456	99	453	97	316	45	313	46	320	48	320	46	322	148	322	46	320	48	327	49	328	73	404	144
62	338	52	339	142	558	132	557	131	534	121	474	107	477	134	560	139
144	404	73	328	49	327	48	320	46	322	148	322	46	320	48	320	46	313	45	316	97	453	99	457	138	524	119
72	377	60	348	54	349	65	305	41	302	42	308	77	411	78
41	291	36	294	159	588	165
80	414	79	413	78
132	558	142	339	52	330	50	331	67	337	51	333	58	341	53	304	41	284	33
62	334	51	333	58	341	53	304	41	284	33
166	597	161	257	26	246	23	248	117	517	125	545	136	551	128	481	109	478	110
109	484	140	561	136	545	125	527	120	531	141	515	116	508	115	401	72	377	60	367	58	368	62
101	460	104	374	59	371	62
101	460	104	384	63	382	62	338	52	330	50	332	71	398	114	498	113	501	131	534	121	474	107	477	134	560	139
22	241	23	247	57	363	61	352	55	351	60	376	68	389	67	331	50	330	52
115	401	72	392	68	389	67	337	51	334	62	371	59	374	104	460	101
118	522	134	487	110	478	109	479	111	456	99
78	413	79	417	94	345	53	344	93	383	63	335	51	337	67	331	50	331	67	389	68
142	507	114	505	131	534	121	474	107	472	112
106	467	122	535	131	557	132	558	142	339	52	338	62
20	233	22	243	25	255	164	595	161	597	166	439	88	438	92	436	87	435	91	440	89	441	150	576	156	582	153	583	157
81	420	82	420	81	415	79	413	78
62	338	52	330	50	330	52	339	142	558	132
42	302	41	305	65	349	54	346	55	356	115	508	116	512	124	468	106	465	118
16	219	15	220	19	229	20	232	21	239	117	516	119	525	140	484	109
80	414	79	413	78	413	79	311	44	303	41	305	65	349	54	346	55	356	115	508	116	512	124	468	106	464	107	477	134	487	110
16	210	11	197	9	194	8	194	9	200	163	591	160	594	166	599	162	587	159	294	36	259	28	261	40	283	33	284	41	303	44
6	188	163	591	160	593	165
148	569	145	570	149	172	1	167	0	167	1	169	2	175	5	182	9	187	6	186	7	191	84	424	89	441	150	576	156	582	153	583	157
158	584	155	580	152	577	151	579	157
62	338	52	330	50	332	71	391	68	392	72	401	115	508	116	515	141	531	120	527	125	545	136	561	140	562	138
20	229	19	230	45	313	46
61	352	55	351	60	367	58	368	62
78	411	77	301	39	278	32	276	34
109	482	136	519	117	518	127	395	69	354	55
11	197	9	194	8	195	10	205	25	254	26	250	24	250	26	256	56	359	64	385	70	350	54	348	60	367	58	333	51	334	62
16	210	11	207	12	202	10	204	24	251	56	359	64	353	55	351	60	367	58	368	62
62	334	51	336	66	375	60	351	55	352	61	363	57	247	23	241	22	214	12	207	11	210	16
125	546	140	562	138	457	99	453	97	316	45	313	46
155	580	152	577	151	578	153	582	156	576	150	441	89	440	91	435	87	436	92	438	88	439	166	603	165	601	164	206	10	203	22
165	603	166	439	88	438	92	436	87	435	91	440	89	441	150	576	156	582	153	583	157
46	313	45	315	96	451	100	458	111	479	109
70	355	55	354	69	394	120	530	136
16	219	15	220	19	229	20	232	21	239	117	517	125	544	129
118	523	139	489	110	478	109	479	111	456	99	453	97	316	45	313	46	322	148
2	176	16	219	15	220	19	229	20	232	21	239	117	516	119	525	140	546	125	544	129	521	118
144	565	146	571	147	574	149	172	1	167	0	167	1	169	2	175	5	182	9	187	6	186	7	193	163	591	160	594	166	599	162	298	38	288	34
6	187	9	182	5	175	2	169	1	172	149
62	338	52	330	50	332	71	391	68	392	72	401	115	508	116	515	141	531	120	527	125	545	136	561	140	562	138
157	579	151	577	152	580	155
30	265	34	276	32	278	39	299	42	307	44	312	94	345	53	344	93	383	63	382	62
132	558	142	339	52	330	50	331	67	337	51	333	58	341	53	304	41	284	33
34	272	31	271	33	284	41	304	53	341	58	368	62
41	291	36	292	56	358	57	366	117	517	125
3	178	16	210	11
125	527	120	526	124	541	137	538	123	504	114	507	142	339	52
62	371	59	374	104	460	101
101	373	59	371	62
101	460	104	384	63	342	53	340	54	346	55	352	61	363	57	366	117
62	338	52	330	50	332	71	398	114	498	113	501	131	534	121	474	107	477	134	560	139
157	583	153	582	156	576	150	441	89	440	91	435	87	436	92	432	86	268	30	265	34	276	32	278	39	301	77	411	78
157	585	156	576	150	441	89	440	91	435	87	436	92	438	88	439	166	597	161	257	26	256	56	359	64
121	474	107	477	134	560	139	483	109	484	140	525	119	516	117	239	21	232	20	213	12	212	14	209	11
139	523	118	465	106	467	122	535	131	557	132	558	142	339	52	338	62
118	465	106	467	122	537	137	538	123	402	72	377	60	367	58	368	62
119	516	117	517	125	543	127	395	69	354	55	353	64	385	70	306	41	302	42	308	77	411	78
34	272	31	274	40	290	36	292	56	359	64	353	55	354	69	395	127	543	125	545	136	551	128	481	109	478	110
62	334	51	336	66	375	60	351	55	352	61	363	57	247	23	241	22	214	12	198	9	182	5	175	2
16	219	15	220	19	229	20	232	21	239	117	516	119	525	140	484	109	481	128	552	139	560	134	477	107	474	121
80	414	79	413	78	413	79	417	94	345	53	344	93	383	63	382	62
34	276	32	278	39	299	42	307	44	312	94	345	53	344	93	383	63	382	62
131	534	121	474	107	477	134	560	139
2	175	5	182	9	194	8	194	9	200	163	591	160	594	166	599	162	587	159	294	36	259	28	258	31	271	33
28	258	31	271	33	285	42	302	41	304	53	341	58	368	62
56	292	36	281	33	285	42	308	77	412	82
29	262	35	277	32	270	31	271	33
136	519	117	518	127	395	69	354	55
62	338	52	330	50	332	71	398	114	498	113	501	131	534	121	474	107	477	134	560	139	483	109
43	300	39	278	32	276	34	287	37	295	38	298	162	598	165	601	164	206	10	203	22
62	334	51	336	66	375	60	351	55	352	61	363	57	247	23	241	22
22	242	24	249	25	249	24	252	161	586	159	587	162	298	38	288	34	286	35	262	29
62	338	52	330	50	332	71	398	114	498	113	501	131	534	121	474	107	477	134	560	139
55	352	61	363	57	247	23	241	22	214	12	207	11	210	16
118	465	106	468	124	512	116	508	115	356	55	346	54	349	65	305	41	302	42	308	77	411	78
62	338	52	330	50	332	71	398	114	498	113	501	131	534	121	474	107	477	134	560	139
62	334	51	336	66	375	60	351	55	352	61	363	57	247	23	241	22	214	12	207	11	210	16
46	313	45	227	18	226	19	222	16
141	357	55	353	64	359	56	256	26	257	161	596	165	598	162	433	86	432	92
62	334	51	336	66	375	60	351	55	352	61	363	57	247	23	241	22	214	12	211	13	208	11	210	16	221	17	225	145	569	148
33	285	42	302	41	304	53	341	58	368	62
132	502	113	399	72	377	60	351	55
99	235	20	232	21	237	23	247	57	363	61
34	287	37	295	38	298	162	599	166	594	160	591	163	200	9	194	8	194	9	197	11	210	16	176	2	169	1	172	149	574	147	571	146	406	74	405	144
46	313	45	227	18	226	19	222	16	210	11	197	9	194	8	195	10	206	164	601	165
97	231	19	222	16	176	2
22	214	12	211	13	208	11	210	16	221	17	225	145	569	148
22	243	25	249	24	252	161	586	159	587	162	587	159	294	36	259	28	261	40	283	33	282	39	299	42	308	77	411	78
128	553	140	562	138	457	99	453	97	316	45	313	46	320	48	320	46	322	148	566	144
101	373	59	372	63	342	53	304	41	284	33
125	527	120	466	106	467	122	499	113	502	132
139	523	118	465	106	468	124	512	116	508	115	356	55
101	373	59	372	63	342	53	304	41	284	33	271	31	272	34
62	338	52	330	50	332	71	398	114	498	113	499	122	532	121
44	303	41	306	70	360	56	251	24	253	164
118	523	139	489	110	478	109	479	111	456	99	453	97	316	45	313	46	322	148
110	478	109	482	136	545	125	517	117	239	21	236	22	203	10	195	8	194	9	187	6
34	265	30	268	86	432	92	438	88	437	90	422	83
43	309	82	412	77	411	78
131	535	122	467	106	465	118	521	129	554	136
139	523	118	465	106	467	122	535	131	557	132	558	142	339	52	338	62
55	353	64	359	56	361	159	588	165
34	265	30	268	86	432	92	436	87	435	91	428	85	429	154	581	153	578	151	577	152	580	155	584	158
106	468	124	512	116	508	115	356	55	346	54	340	53	304	41	284	33	271	31	272	34
82	412	77	411	78	413	79	311	44	310	53	340	54	348	60
99	235	20	233	22	243	25	255	164	595	161	586	159	587	162	587	159	294	36	259	28	261	40	283	33	282	39	301	77	411	78
121	534	131	557	132	558	142	339	52	338	62
151	577	152	580	155
92	438	88	439	166	597	161	362	56	358	57	363	61
81	420	82	420	81	415	79	413	78
144	405	74	406	146	571	147	574	149	172	1	170	3	178	16
6	187	9	182	5	175	2	169	1	167	0	167	1	172	149	574	147
6	187	9	198	12	213	20
62	338	52	339	142	558	132	557	131	535	122	467	106	465	118
139	483	109	484	140	525	119	516	117	239	21	232	20	213	12	212	14	218	16
78	411	77	301	39	278	32	276	34	287	37	295	38	298	162	587	159	586	161	595	164	206	10	203	22
55	353	64	359	56	251	24	204	10	195	8	194	9	187	6
92	432	86	268	30	265	34	276	32	278	39	299	42	307	44	312	94	345	53	344	93	383	63	382	62
55	352	61	363	57	247	23	241	22	214	12	207	11	210	16
139	483	109	484	140	525	119	516	117	239	21	232	20	213	12	198	9	194	8
17	223	18	226	19	231	97	453	99	456	111	479	109	478	110
165	593	160	591	163
34	276	32	278	39	301	77	411	78
118	522	134	487	110	478	109	479	111	456	99	453	97	316	45	313	46
62	338	52	339	142	558	132	557	131	534	121	474	107	477	134	560	139
99	238	21	237	23	247	57	363	61	352	55
62	334	51	333	58	341	53	343	65	386	70	360	56	362	161	597	166	594	160	591	163
46	313	45	316	97	453	99	456	111	479	109	478	110
119	516	117	517	125	527	120	531	141	515	116	508	115	401	72	377	60	367	58	368	62
139	523	118	465	106	470	133	559	137	538	123	402	72	377	60	367	58	368	62
106	467	122	499	113	498	114	507	142	339	52	338	62
140	525	119	516	117	239	21	236	22
139	523	118	465	106	467	122	499	113	502	132
62	338	52	330	50	332	71	398	114	498	113	501	131	534	121	474	107	477	134	560	139
101	460	104	384	63	369	58	367	60
92	432	86	268	30	265	34	272	31	271	33	284	41	303	44
55	346	54	340	53	342	63	372	59	373	101
55	352	61	363	57	247	23	241	22	214	12	211	13	208	11	210	16	176	2	169	1	172	149	574	147	571	146	406	74	405	144
34	276	32	278	39	299	42	307	44	312	94	345	53	344	93	383	63	382	62
34	272	31	271	33	284	41	303	44	312	94	345	53	344	93	383	63	382	62	338	52	339	142
1	169	2	175	5	182	9	187	6
61	379	69	394	120	466	106	464	107	472	112
101	460	104	384	63	382	62	338	52	330	50	332	71	397	72	402	123	538	137	537	122	467	106	465	118
62	371	59	374	104	460	101
22	241	23	247	57	363	61	352	55	351	60	367	58	368	62
29	262	35	286	34	272	31	274	40	290	36	293	70	355	55
62	334	51	333	58	341	53	343	65	386	70	360	56	361	159	588	165
118	465	106	470	133	559	137	538	123	402	72	377	60	367	58	368	62
92	436	87	435	91	440	89	441	150	576	156	582	153	583	157	579	151
144	404	73	328	49	327	48	323	47	325	97
78	413	79	311	44	310	53	342	63	382	62
33	282	39	301	77	412	82
20	234	97	316	45	313	46	322	148
143	168	0	167	1
62	338	52	330	50	332	71	397	72	401	115	393	69	394	120	527	125
33	271	31	258	28	259	36	294	159	586	161	595	164	206	10	195	8	194	9	197	11	210	16
34	272	31	274	40	290	36	292	56	359	64	378	61	379	69	395	127	543	125	545	136	551	128	552	139
165	593	160	591	163	193	7	186	6
157	583	153	582	156	576	150	441	89	440	91	435	87	436	92	438	88	439	166	597	161	362	56	359	64	353	55
165	596	161	257	26	246	23	248	117	517	125	545	136	551	128	552	139
31	271	33	285	42	302	41	304	53	341	58	368	62
62	371	59	374	104	460	101
22	236	21	239	117	517	125	545	136	551	128	552	139
82	309	43	300	39	278	32	276	34	287	37	295	38	298	162	599	166	594	160	591	163	200	9	194	8	194	9	197	11	210	16
33	281	36	292	56	359	64	378	61	379	69	395	127	543	125	545	136	554	129	521	118
62	334	51	336	66	375	60	351	55	352	61	363	57	247	23	241	22
104	384	63	342	53	340	54	346	55	352	61
34	265	30	268	86	432	92
144	404	73	328	49	327	48	320	46	322	148	322	46	320	48	320	46	313	45	316	97	453	99	457	138	562	140	561	136
124	542	141	357	55	346	54	340	53	344	93	442	95
42	302	41	305	65	349	54	346	55	356	115	508	116	512	124	468	106	465	118
44	303	41	291	36	292	56	362	161	595	164	255	25	243	22	233	20
92	438	88	437	90	422	83	423	163	200	9	197	11
30	265	34	286	35	262	29
62	338	52	330	50	332	71	397	72	402	123	538	137	537	122	467	106	465	118
33	281	36	294	159	586	161	595	164	206	10	201	11	210	16
8	195	10	206	164	206	10	203	22	236	21	239	117	519	136	551	128	552	139
62	338	52	330	50	332	71	398	114	498	113	501	131	534	121	474	107	477	134	560	139
148	322	46	313	45	316	97	453	99	457	138	492	111	479	109
136	519	117	248	23	244	24	252	161	597	166	439	88	438	92	436	87	435	91	440	89	441	150	576	156	582	153	578	151	577	152	580	155
139	483	109	484	140	562	138	457	99	453	97	316	45	313	46	320	48	320	46	322	148	566	144
62	338	52	330	50	332	71	398	114	498	113	501	131	534	121	474	107	477	134	560	139
16	176	2	169	1	167	0	167	1	169	2	175	5	182	9	187	6	186	7	191	84	424	89	441	150	576	156	582	153	583	157
136	519	117	518	127	395	69	354	55	355	70
16	210	11	197	9	194	8	195	10	206	164	601	165	598	162
92	438	88	439	166	597	161	362	56	358	57	363	61	381	141
89	440	91	435	87	436	92	438	88	437	90	422	83
112	485	110	478	109	479	111	456	99	453	97
78	411	77	301	39	278	32	276	34	287	37	295	38	298	162	599	166	594	160	591	163	200	9	194	8	194	9	197	11	210	16
141	510	115	401	72	400	114	507	142
34	287	37	295	38	298	162	599	166	600	163	200	9	194	8	194	9	197	11	210	16
2	176	16	219	15	220	19	229	20	232	21	239	117	516	119	525	140	484	109	483	139
46	313	45	227	18	226	19	222	16
78	413	79	417	94	345	53	344	93	383	63	382	62
121	532	122	467	106	466	120	394	69	365	57	247	23	241	22
148	569	145	225	17	179	3	173	2	175	5	182	9	196	10	205	25	254	26	256	56	359	64	385	70	350	54	348	60	367	58	333	51	334	62
33	281	36	292	56	359	64	378	61	379	69	395	127	543	125	545	136	551	128	552	139
101	373	59	372	63	342	53
144	405	74	406	146	571	147	574	149	172	1	170	3	178	16	210	11
115	380	61	363	57	366	117	239	21	232	20	213	12	212	14	218	16	176	2
74	405	144	410	76	407	75	408	143	168	0	167	1	169	2	175	5	182	9	187	6
110	478	109	484	140	525	119	516	117	239	21	232	20	213	12	212	14	209	11
62	371	59	374	104	463	105	447	95	445	94	417	79	413	78	413	79	414	80
83	422	90	437	88	438	92
163	200	9	199	27	181	4	174	2	176	16
32	270	31	273	37	295	38	298	162	598	165
62	338	52	330	50	332	71	398	114	498	113	501	131	534	121	474	107	477	134
62	334	51	333	58	341	53	343	65	386	70	360	56	361	159	588	165
95	442	93	344	53	340	54	346	55	352	61
62	338	52	339	142	558	132	557	131	534	121	474	107	477	134	560	139
78	413	79	417	94	445	95
139	523	118	465	106	467	122	499	113	502	132
154	581	153	578	151	577	152	580	155	584	158
68	389	67	337	51	333	58	341	53	310	44	311	79	413	78
144	405	74	405	144	410	76	409	143	563	146	571	147	574	149	172	1	170	3	178	16	210	11	208	13	211	12	214	22	241	23	247	57	363	61	352	55	351	60	376	68	376	60	367	58	368	62
73	404	144	410	76	329	49	327	48	320	46	322	148	569	145	225	17	179	3	173	2
133	513	116	508	115	356	55	346	54	340	53	310	44
112	472	107	464	106	470	133
16	216	13	211	12	214	22	241	23	247	57	363	61	352	55	346	54	340	53
16	219	15	220	19	229	20	232	21	239	117	516	119	525	140	484	109	483	139
62	334	51	333	58	341	53	343	65	386	70	360	56	362	161	597	166	439	88	421	83
31	271	33	282	39	301	77	411	78
78	411	77	301	39	278	32	276	34	287	37	295	38	298	162	599	166	594	160	591	163	200	9	197	11
157	583	153	582	156	576	150	441	89	440	91	435	87	436	92	438	88	437	90	422	83	423	163	200	9	198	12	213	20
128	553	140	562	138	457	99	453	97	316	45	313	46	322	148
92	432	86	268	30	265	34	276	32	278	39	301	77	411	78
33	281	36	292	56	358	57	363	61
33	284	41	304	53	344	93	444	105	461	101
44	303	41	305	65	349	54	346	55	356	115	508	116	512	124	468	106	464	107	477	134
11	210	16	176	2	169	1	172	149	574	147	571	146	406	74	405	144
110	478	109	482	136	545	125	543	127	395	69	379	61	378	64	359	56	292	36	281	33
78	411	77	301	39	282	33
142	507	114	498	113	499	122	467	106	465	118
34	287	37	295	38	298	162	599	166	594	160	591	163	200	9	197	11	210	16
157	583	153	582	156	576	150	441	89	440	91	435	87	436	92
92	438	88	437	90	422	83	190	7	186	6	187	9	199	27	181	4	174	2	176	16
110	487	134	522	118	465	106	468	124	512	116	508	115	356	55	346	54	340	53
165	603	166	439	88	438	92	432	86	426	85	426	86	268	30	266	35	262	29
99	450	96	315	45	313	46	322	148
75	408	143	168	0	167	1	169	2	175	5	182	9	187	6
62	338	52	330	50	332	71	398	114	498	113	501	131	534	121	474	107	477	134	560	139
36	290	40	274	31	270	32	277	35	262	29
16	216	13	211	12	202	10	204	24	251	56	359	64	353	55	351	60	367	58	368	62	338	52
101	460	104	463	105	444	93	344	53	304	41	284	33	271	31	272	34
2	175	5	182	9	196	10	204	24	244	23	247	57	364	64	385	70	350	54	347	58	333	51	334	62
2	176	16	219	15	220	19	229	20	232	21	239	117	516	119	525	140	561	136	554	129	521	118
148	322	46	313	45	315	96	450	99
141	510	115	356	55	346	54	347	58	368	62
82	309	43	280	32
22	241	23	247	57	363	61	352	55	346	54	340	53	342	63	384	104
139	483	109	484	140	562	138	457	99	453	97	316	45	313	46	320	48	320	46	322	148	322	46	320	48	327	49	328	73	404	144
144	565	146	571	147	574	149	172	1	170	3	178	16
78	413	79	311	44	310	53	341	58	368	62
44	303	41	304	53	341	58	368	62
163	591	160	593	165
132	557	131	534	121	474	107	472	112
16	219	15	220	19	229	20	232	21	239	117	516	119	525	140	484	109	483	139
121	533	130	495	112	497	135	488	110	478	109	479	111	456	99	453	97	316	45	313	46	320	48	320	46	322	148	322	46	320	48	327	49	328	73	404	144
82	309	43	300	39	278	32	276	34	287	37	295	38	298	162	587	159	586	161	595	164	206	10	203	22
97	453	99	456	111	479	109	478	110	488	135	488	110	488	135	497	112	495	130	533	121	534	131	557	132
134	487	110	478	109	479	111	456	99	453	97
106	465	118	521	129	554	136	561	140	525	119	516	117	239	21	232	20
163	591	160	594	166	599	162	587	159	294	36	259	28	261	40	283	33	282	39	299	42	308	77	411	78
109	482	136	545	125	527	120	531	141	515	116	508	115	401	72	392	68	376	60	367	58	368	62
2	175	5	182	9	196	10	205	25	254	26	256	56	359	64	385	70	350	54	340	53	344	93	442	95
61	378	64	385	70	306	41	302	42	308	77	411	78
139	483	109	484	140	562	138	457	99	453	97	316	45	313	46
132	558	142	339	52	338	62
99	450	96	324	47	323	48	327	49	328	73	404	144
62	334	51	333	58	341	53	304	41	284	33
97	448	96	315	45	313	46	320	48	320	46	322	148	322	46	320	48	327	49	328	73	403	76
92	438	88	439	166	597	161	257	26	246	23	248	117	517	125
2	175	5	182	9	196	10	205	25	254	26	256	56	359	64	385	70	350	54	340	53	344	93	444	105
2	169	1	172	149	574	147	571	146	406	74	405	144
6	187	9	182	5	175	2	169	1
16	176	2	169	1	172	149	574	147
101	446	95
22	243	25	249	24	252	161	586	159	587	162	587	159	294	36	259	28	261	40	283	33	282	39	299	42	308	77	411	78
136	519	117	366	57	364	64	385	70	306	41	303	44
144	404	73	328	49	327	48	320	46	322	148	322	46	320	48	320	46	313	45	316	97	453	99	457	138	562	140	484	109	483	139
110	478	109	482	136	545	125	543	127	395	69	379	61	378	64	359	56	292	36	281	33
144	565	146	571	147	574	149	172	1	170	3	178	16	210	11
101	460	104	384	63	335	51	337	67	331	50	332	71	397	72	399	113	503	137
33	284	41	305	65	349	54	346	55	356	115	508	116	512	124	468	106	464	107	477	134	560	139
78	411	77	308	42	302	41	306	70	385	64	378	61	379	69	395	127	543	125	544	129	550	128	552	139
16	176	2	169	1	172	149	574	147	571	146	406	74	405	144
139	523	118	465	106	467	122	535	131	557	132	558	142	339	52	338	62
97	448	96	315	45	313	46	322	148
157	583	153	582	156	576	150	441	89	440	91	435	87	436	92	438	88	439	166	603	165	588	159	361	56	358	57	366	117	519	136
132	502	113	503	137	514	116	515	141	531	120	527	125	517	117	239	21	232	20
144	410	76	409	143	563	146	571	147	574	149	172	1	167	0	167	1	169	2	175	5	182	9	187	6	186	7	193	163	591	160	593	165
16	176	2	169	1	172	149	574	147	571	146	406	74	405	144
81	415	79	413	78
34	272	31	274	40	290	36	292	56	359	64	378	61	379	69	394	120	527	125
16	216	13	211	12	214	22	241	23	247	57	363	61	352	55	351	60	376	68	376	60	367	58	368	62
62	334	51	333	58	341	53	343	65	386	70	360	56	361	159	588	165
139	483	109	482	136	545	125	517	117	248	23	244	24	252	161	597	166	439	88	438	92
125	527	120	526	124	541	137	538	123	402	72	377	60	367	58	368	62
16	176	2	169	1	172	149	570	145	567	146	565	144
128	551	136	519	117	248	23	245	25	249	24	252	161	597	166	439	88	438	92
34	287	37	295	38	298	162	587	159	586	161	595	164	206	10	203	22
101	460	104	374	59	371	62	338	52	330	50	330	52	339	142	558	132
92	438	88	437	90	422	83	190	7	193	163
30	265	34	272	31	274	40	290	36	293	70	355	55	357	141
48	323	47	324	96	448	97
34	287	37	295	38	298	162	587	159	586	161	595	164	206	10	203	22
8	195	10	203	22	241	23	248	117	517	125	545	136	551	128	481	109	478	110
82	412	77	411	78	411	77	308	42	302	41	306	70	355	55
136	519	117	518	127	395	69	354	55	346	54	340	53
69	354	55	351	60	367	58	368	62
34	286	35	262	29
144	404	73	328	49	327	48	320	46	322	148	322	46	320	48	320	46	313	45	316	97	234	20	233	22
22	203	10	195	8	194	9	187	6	187	9	199	27
16	210	11	197	9	194	8	194	9	200	163	591	160	594	166	599	162	298	38	288	34
83	423	163	200	9	194	8	194	9	197	11	210	16	221	17
154	581	153	578	151	577	152	577	151	578	153	582	156	576	150	441	89	440	91	435	87	436	92	438	88	437	90	422	83
82	309	43	300	39	278	32	276	34	287	37	295	38	298	162	587	159	586	161	595	164	206	10	203	22
74	405	144	410	76	410	144	405	74	406	146	571	147	574	149	172	1	170	3	178	16
62	334	51	333	58	341	53	304	41	284	33	282	39	278	32	276	34	265	30	268	86	432	92
33	281	36	292	56	359	64	353	55	354	69	394	120	530	136	482	109
118	521	129	544	125	546	140	525	119	516	117	239	21	232	20	213	12	212	14	209	11
29	262	35	266	30	268	86	426	85	426	86	432	92
61	352	55	351	60	367	58	368	62
99	457	138	492	111	479	109
136	530	120	531	141	515	116	508	115	356	55	346	54	349	65	305	41	302	42	308	77	411	78
125	546	140	562	138	457	99
131	501	113	503	137	514	116	515	141	531	120	527	125	517	117	239	21	236	22	203	10	195	8
2	175	5	185	27	199	9	187	6	186	7	193	163	591	160	594	166	599	162	298	38	288	34	276	32	278	39	300	43	309	82
34	276	32	278	39	299	42	307	44	310	53	341	58	333	51	337	67	331	50	330	52	339	142	558	132
62	334	51	336	66	375	60	351	55	352	61	363	57	247	23	241	22	214	12	207	11	210	16
132	558	142	339	52	330	50	331	67	337	51	333	58	341	53	310	44
16	219	15	220	19	229	20	232	21	239	117	516	119	525	140	484	109	481	128	552	139	489	110	485	112
62	338	52	330	50	332	71	397	72	401	115	508	116	515	141	531	120	527	125	546	140
155	580	152	577	151	578	153
16	210	11	197	9	194	8	195	10	206	164	601	165
8	194	9	197	11	210	16	221	17	223	18	226	19	231	97
22	241	23	247	57	363	61	352	55	351	60	376	68	389	67	331	50	330	52
11	210	16	176	2	169	1	172	149	574	147	571	146	406	74	405	144
158	584	155	580	152	577	151	578	153	581	154	429	85	428	91	435	87	436	92	432	86	268	30	265	34
74	406	146	571	147	574	149	172	1	170	3	178	16
139	523	118	465	106	468	124	512	116	508	115	356	55	346	54	340	53	310	44
16	210	11	208	13	211	12	214	22	241	23	247	57	363	61	352	55	351	60	376	68	376	60	367	58	368	62
148	322	46	320	48	323	47	326	98	449	96	451	100	458	111	479	109	478	110	489	139	523	118	465	106
11	210	16	221	17	225	145	569	148
121	532	122	536	133	513	116	508	115	356	55	346	54	349	65	305	41	303	44
165	588	159	294	36	259	28	261	40	283	33	285	42	302	41	304	53	341	58	368	62
46	313	45	316	97
142	558	132	557	131	535	122	467	106	465	118	521	129	550	128
73	404	144	410	76	329	49	327	48	323	47	325	97
55	352	61	363	57	247	23	241	22	214	12	211	13	208	11	210	16	176	2	169	1	172	149	574	147	571	146	406	74	405	144
78	411	77	308	42	302	41	306	70	385	64	364	57	366	117	519	136	482	109
110	478	109	482	136	545	125	543	127	395	69	379	61	378	64	359	56	292	36	281	33
165	593	160	591	163
2	175	5	182	9	196	10	204	24	244	23	247	57	364	64	385	70	350	54	340	53	342	63	384	104
119	516	117	517	125	543	127	395	69	379	61	378	64	385	70	306	41	302	42	308	77	411	78
144	404	73	328	49	327	48	320	46	322	148	322	46	320	48	320	46	313	45	316	97	234	20
99	456	111	479	109	478	110	489	139	523	118	465	106	470	133	559	137	538	123	402	72	377	60	367	58	368	62
78	411	77	412	82
61	363	57	247	23	237	21	232	20	229	19	222	16
62	338	52	330	50	332	71	398	114	505	131
62	338	52	330	50	332	71	398	114	498	113	501	131	534	121	474	107	477	134	487	110
62	338	52	330	50	332	71	398	114	498	113	501	131	534	121	474	107	477	134	560	139
165	596	161	595	164	255	25	243	22	233	20	235	99
55	346	54	340	53	304	41	284	33	275	32	280	43
165	598	162	587	159	294	36	259	28	261	40	283	33	282	39	299	42	308	77	411	78
136	519	117	518	127	395	69	354	55	355	70
16	219	15	220	19	229	20	232	21	239	117	516	119	525	140	484	109	483	139
165	603	166	439	88	438	92	432	86	426	85
82	412	77	411	78
25	205	10	201	11	210	16
33	281	36	292	56	358	57	363	61
34	276	32	278	39	299	42	307	44	312	94	445	95	447	105	461	101
157	583	153	582	156	576	150	441	89	440	91	435	87	436	92	438	88	439	166	597	161	257	26	246	23	248	117	519	136
62	334	51	336	66	375	60	351	55	352	61	363	57	247	23	241	22	203	10	195	8
62	338	52	330	50	332	71	398	114	498	113	501	131	534	121	533	130	495	112	497	135	488	110	478	109	479	111	456	99	453	97
33	282	39	301	77	411	78
155	580	152	577	151	579	157
29	262	35	286	34
61	363	57	358	56	292	36	259	28	258	31	273	37	295	38	267	30
2	177	17	223	18	226	19	229	20	235	99
78	411	77	301	39	278	32	276	34	287	37	295	38	298	162	599	166	594	160	591	163	200	9	194	8	194	9	197	11	210	16
34	286	35	262	29
144	404	73	328	49	327	48	320	46	322	148	322	46	320	48	323	47	326	98	449	96	451	100	458	111	479	109	478	110
83	190	7	189	9	197	11
62	334	51	336	66	375	60	351	55	352	61	363	57	247	23	241	22	214	12	207	11	210	16
78	411	77	301	39	278	32	276	34	287	37	295	38	298	162	599	166	594	160	591	163	200	9	194	8
61	363	57	358	56
2	175	5	182	9	196	10	204	24	250	26	256	56	359	64	353	55	346	54	340	53
101	373	59	371	62	338	52	330	50	332	71	398	114	498	113	501	131	534	121	474	107	477	134	487	110
121	532	122	467	106	466	120	394	69	354	55	355	70	293	36	281	33
75	408	143	563	146	572	148
80	414	79	413	78	411	77	301	39	278	32	276	34	287	37	295	38	298	162	587	159	586	161	595	164	206	10	203	22
136	519	117	248	23	245	25	249	24	252	161	596	165	598	162	433	86	432	92
78	411	77	301	39	278	32	276	34	287	37	295	38	298	162	587	159	586	161	595	164	255	25	243	22	233	20
62	338	52	330	50	332	71	398	114	498	113	501	131	534	121	533	130	495	112	497	135	488	110	478	109	479	111	456	99
158	584	155
119	524	138	457	99	453	97	316	45	313	46
142	507	114	400	72	401	115	380	61
62	334	51	333	58	341	53	304	41	284	33	282	39	278	32	276	34
34	272	31	274	40	290	36	292	56	358	57	365	69	395	127	518	117	519	136
62	338	52	339	142	558	132	557	131	535	122	467	106	465	118
33	271	31	258	28	259	36	294	159	586	161	257	26	246	23	237	21
110	478	109	484	140	525	119	516	117	239	21	232	20	213	12	198	9	194	8
164	253	24	250	26	246	23	247	57	364	64	385	70	350	54	340	53	344	93	444	105	461	101
132	502	113	503	137	514	116	515	141	531	120	527	125	517	117	239	21	232	20	213	12	212	14	218	16
165	596	161	362	56	359	64	378	61	379	69	396	141	542	124	468	106	465	118
62	338	52	339	142	558	132	557	131	535	122	467	106	465	118	521	129	550	128	481	109
118	465	106	468	124	512	116	508	115	356	55	346	54	350	70	293	36	259	28	258	31	272	34
118	465	106	467	122	535	131	557	132
165	596	161	257	26	246	23	248	117	519	136	482	109
46	313	45	227	18	226	19	222	16	210	11	197	9	200	163
16	210	11	207	12	214	22	241	23	247	57	363	61	352	55	351	60	376	68	389	67	337	51	334	62
132	558	142	339	52	330	50	331	67	337	51	333	58	341	53	304	41	284	33	275	32
16	221	17	223	18	227	45	313	46
139	523	118	465	106	468	124	512	116	508	115	356	55	346	54	349	65	305	41	303	44	311	79	413	78
34	272	31	274	40	290	36	292	56	359	64	353	55	357	141	542	124
46	313	45	316	97	453	99	457	138	562	140
136	530	120	531	141	515	116	508	115	401	72	392	68	389	67	337	51	334	62	371	59	374	104	460	101
154	581	153	578	151	577	152	580	155	584	158
157	583	153	582	156	576	150	441	89	440	91	435	87	436	92	438	88	439	166	597	161	252	24	250	26	246	23	248	117	517	125	545	136	551	128	552	139
0	167	1	172	149
83	422	90	192	7	186	6
119	524	138	457	99	453	97	316	45	313	46	320	48	320	46	322	148	322	46	320	48	327	49	328	73	404	144
144	405	74	406	146	571	147	574	149	172	1	170	3	178	16
34	276	32	278	39	299	42	307	44	312	94	345	53	344	93	383	63	382	62
142	507	114	498	113	503	137	514	116	515	141	531	120	527	125	517	117	248	23	244	24	252	161	597	166	439	88	421	83
16	219	15	220	19	229	20	232	21	239	117	516	119	525	140	561	136	554	129	521	118	465	106	470	133
70	306	41	302	42	308	77	411	78
8	194	9	200	163	591	160
62	338	52	330	50	332	71	397	72	401	115
20	233	22	243	25	255	164	595	161	586	159	587	162	298	38	288	34	276	32	278	39	300	43	309	82
34	272	31	274	40	290	36	293	70	350	54	348	60
61	352	55	351	60	367	58	368	62
34	276	32	278	39	299	42	307	44	312	94	345	53	344	93	383	63	382	62
33	271	31	272	34	286	35	262	29
109	481	128	550	129	521	118	465	106	470	133	559	137	538	123	402	72	377	60	367	58	368	62
132	558	142	339	52	338	62	371	59	374	104	443	93	442	95
2	175	5	182	9	194	8	194	9	200	163	591	160	594	166	599	162	298	38	288	34
92	438	88	437	90	422	83	190	7	186	6	187	9	182	5	175	2	169	1	167	0	167	1	172	149	574	147	571	146	565	144
138	457	99	453	97	316	45	313	46	320	48	320	46	322	148	322	46	320	48	327	49	328	73	404	144
10	201	11	210	16	221	17	225	145	321	46
165	603	166	439	88	438	92	432	86	426	85	426	86	268	30	266	35	262	29
92	438	88	439	166	597	161	257	26	246	23	248	117	519	136	551	128
16	210	11	208	13	211	12	214	22	241	23	247	57	363	61	352	55	351	60	376	68	376	60	367	58	368	62
106	465	118	523	139	489	110	478	109	479	111	456	99	453	97	316	45	313	46	322	148
34	272	31	274	40	290	36	292	56	359	64	378	61	379	69	395	127	543	125	545	136	551	128	481	109	478	110
2	175	5	185	27	199	9	189	7
136	554	129	521	118	465	106	470	133	559	137	538	123	402	72	377	60	367	58	368	62
148	322	46	320	48	320	46	313	45	316	97	453	99	457	138	562	140	553	128
78	411	77	301	39	278	32	276	34	287	37	295	38	298	162	599	166	600	163	200	9	194	8
95	442	93	383	63	335	51	336	66
22	243	25	249	24	252	161	586	159	587	162	587	159	294	36	259	28	261	40	283	33	282	39	301	77	411	78
139	483	109	482	136	545	125	517	117	239	21	236	22
144	410	76	409	143	168	0	167	1	169	2	175	5	182	9	187	6
80	414	79	413	78	411	77	308	42
95	442	93	344	53	340	54	346	55	354	69	395	127	543	125	545	136	482	109
34	276	32	278	39	299	42	307	44	312	94	345	53	344	93	383	63	382	62
55	352	61	363	57	366	117	520	140
78	413	79	414	80
61	380	115	401	72	400	114	507	142
144	405	74	406	146	571	147	574	149	172	1	170	3	173	2	175	5	182	9	196	10	204	24	244	23	247	57	364	64	385	70	350	54	340	53	344	93	444	105	461	101
144	405	74	406	146	571	147	574	149	172	1	170	3	178	16
2	175	5	182	9	194	8	194	9	200	163	591	160	594	166	599	162	298	38	288	34
78	413	79	417	94	345	53	344	93	383	63	382	62
125	527	120	526	124	512	116	514	137	538	123	402	72	377	60	367	58	368	62
78	413	79	414	80
134	560	139	483	109	484	140	525	119	516	117	239	21	232	20	213	12	212	14	218	16
80	414	79	413	78	411	77	301	39	278	32	276	34	287	37	295	38	298	162	598	165
78	411	77	308	42	302	41	306	70	355	55	352	61
61	352	55	351	60	367	58	368	62
109	482	136	519	117	366	57	364	64	359	56	292	36	281	33
55	354	69	395	127	518	117	519	136	482	109
33	271	31	258	28	259	36	294	159	586	161	595	164	206	10	201	11
142	339	52	338	62	334	51	333	58	341	53	304	41	284	33
44	303	41	305	65	349	54	346	55	356	115	508	116	513	133	536	122	532	121
8	195	10	206	164	601	165	588	159	294	36	281	33
62	334	51	336	66	375	60	351	55	352	61	363	57	247	23	241	22	214	12	207	11	210	16
53	304	41	306	70	360	56	361	159	588	165
125	527	120	526	124	541	137	538	123	402	72	377	60	367	58	368	62
139	523	118	465	106	467	122	535	131	557	132
139	523	118	465	106	470	133	559	137	538	123	402	72	377	60	367	58	368	62
165	603	166	439	88	438	92
16	216	13	211	12	202	10	204	24	250	26
16	219	15	220	19	229	20	235	99	456	111	491	135	497	112	494	121	534	131
132	502	113	399	72	377	60	351	55
76	403	73	403	76	329	49	327	48	320	46	322	148	322	46	313	45	316	97
11	210	16	178	3
33	271	31	258	28	259	36	294	159	586	161	595	164	255	25	243	22	233	20	235	99
62	371	59	373	101
11	210	16	176	2	169	1	172	149
68	376	60	367	58	368	62	371	59	374	104
29	262	35	266	30	268	86	426	85	426	86	432	92
92	432	86	426	85	426	86	268	30	266	35	262	29
78	411	77	301	39	282	33
101	460	104	384	63	382	62	338	52	330	50	330	52	339	142	558	132
121	494	112	485	110
101	460	104	384	63	382	62	338	52	330	50	332	71	398	114	498	113	501	131	534	121	474	107	477	134	487	110
110	478	109	484	140	525	119	516	117	239	21	232	20	213	12	212	14	218	16	176	2
62	334	51	333	58	341	53	304	41	284	33	282	39	278	32	276	34	265	30	268	86	432	92
62	338	52	339	142	558	132	557	131	535	122	467	106	465	118
110	478	109	484	140	525	119	516	117	239	21	232	20	213	12	212	14	218	16	176	2
157	579	151	577	152	577	151	577	152	580	155
110	478	109	482	136	545	125	543	127	395	69	379	61	378	64	359	56	292	36	259	28	258	31	272	34
139	483	109	484	140	525	119	516	117	239	21	232	20	213	12	212	14	218	16	176	2
22	243	25	249	24	252	161	586	159	587	162	587	159	294	36	281	33
62	334	51	333	58	341	53	304	41	284	33	282	39	278	32	276	34	265	30
22	214	12	211	13	208	11	210	16	176	2	169	1	172	149	570	145	567	146	565	144
6	187	9	182	5	175	2	169	1	172	149	574	147
22	241	23	247	57	363	61	380	115	401	72
83	422	90	437	88	438	92	432	86	268	30	265	34
96	315	45	313	46
165	588	159	294	36	259	28	261	40	283	33	282	39	301	77
124	512	116	508	115	356	55	346	54	349	65	305	41	303	44	311	79	413	78
20	235	99	456	111	491	135	497	112	494	121	534	131
8	194	9	187	6	187	9	182	5	175	2	169	1	167	0	167	1	172	149	570	145	567	146	565	144
141	357	55	346	54	340	53
99	235	20	233	22	243	25	255	164	595	161	586	159	587	162	587	159	294	36	281	33
109	479	111	458	100	451	96	449	98	317	45	313	46	320	48	320	46	322	148	322	46	320	48	327	49	328	73	404	144
92	438	88	437	90	422	83	190	7	186	6	187	9	199	27	181	4	174	2
118	523	139	489	110	478	109	479	111	456	99	453	97	316	45	313	46	320	48	320	46	322	148	322	46	320	48	327	49	328	73	404	144
150	441	89	440	91	435	87	436	92	438	88	439	166	603	165	601	164	206	10	203	22
92	438	88	439	166	597	161	595	164	255	25	243	22	233	20
157	583	153	582	156	576	150	441	89	440	91	435	87	436	92	432	86	268	30	267	38	295	37	260	28	259	36
144	404	73	328	49	327	48	323	47	325	97	234	20	232	21	237	23	247	57	363	61	352	55
118	521	129	554	136	545	125	543	127	395	69	354	55	353	64	359	56	292	36	281	33
101	460	104	384	63	382	62	338	52	330	50	332	71	398	114	498	113	501	131	534	121	474	107	477	134	487	110
131	501	113	503	137	514	116	515	141	531	120	527	125	517	117	239	21	232	20
97	234	20	233	22	243	25	255	164	595	161	586	159	587	162	298	38	288	34
165	603	166	439	88	438	92	436	87	435	91	428	85	429	154	581	153	578	151	577	152	580	155	584	158
55	351	60	377	72	399	113	502	132
95	442	93	344	53	340	54	346	55	352	61
55	352	61	363	57	247	23	241	22	214	12	198	9	182	5	175	2
85	426	86	268	30	266	35	262	29	262	35	286	34
131	535	122	467	106	465	118	521	129	554	136	561	140	525	119	516	117	239	21	232	20	213	12	212	14	218	16
64	364	57	366	117	517	125
134	560	139	483	109	484	140	525	119	516	117	239	21	232	20	213	12	212	14	218	16
121	474	107	477	134	560	139	483	109	484	140	562	138	457	99	453	97	316	45	313	46	320	48	320	46	322	148	566	144	565	146	563	143	408	75
33	284	41	304	53	341	58	368	62
158	584	155
76	329	49	327	48	320	46	322	148	322	46	320	48	323	47	326	98	449	96	451	100	458	111	479	109	478	110
85	426	86	432	92
62	338	52	330	50	332	71	398	114	498	113	501	131	534	121	474	107	477	134	560	139
144	404	73	328	49	327	48	320	46	322	148	322	46	320	48	323	47	326	98	449	96	451	100	458	111	479	109	478	110	487	134	522	118
16	210	11	197	9	194	8	194	9	200	163	591	160	594	166	599	162	587	159	294	36	259	28	261	40	283	33	284	41	303	44
150	441	89	440	91	435	87	436	92
34	272	31	274	40	290	36	292	56	359	64	378	61	379	69	395	127	543	125	545	136	551	128	552	139
61	363	57	247	23	237	21	232	20	229	19	222	16	176	2
44	303	41	284	33	283	40	261	28	259	36	294	159	588	165
53	304	41	284	33	271	31	272	34
92	432	86	268	30	265	34
34	272	31	274	40	290	36	293	70	350	54	346	55	356	115	508	116	512	124	468	106	471	134
28	261	40	283	33	285	42	302	41	304	53	341	58	368	62
110	487	134	522	118	465	106	470	133	559	137	538	123	402	72	377	60	367	58	368	62
125	527	120	394	69	393	115	509	123	402	72	377	60	367	58	368	62
165	593	160	591	163	193	7	186	6	187	9	199	27	181	4	174	2
2	169	1	172	149	574	147	571	146	563	143	409	76	410	144	404	73
142	507	114	400	72	401	115	380	61	363	57	247	23	241	22
109	482	136	530	120	394	69	354	55	353	64	359	56	292	36	259	28	258	31	272	34
2	176	16	219	15	220	19	229	20	232	21	239	117	516	119	525	140	484	109	483	139
8	195	10	206	164	206	10	203	22	241	23	247	57	363	61	352	55	351	60	376	68	376	60	367	58	368	62
34	272	31	274	40	290	36	292	56	359	64	378	61	379	69	395	127	543	125	545	136	551	128	552	139
62	338	52	339	142	558	132	557	131	534	121	474	107	477	134	560	139	483	109
163	193	7	190	83	422	90	437	88	438	92
113	399	72	401	115	510	141	531	120	527	125	517	117	239	21	232	20	213	12	212	14	218	16	176	2
78	411	77	308	42	302	41	305	65	349	54	346	55	356	115	508	116	512	124	468	106	465	118
142	507	114	498	113	503	137	514	116	515	141	531	120	527	125	517	117	239	21	236	22	203	10	195	8
33	271	31	258	28	259	36	294	159	586	161	595	164	206	10	195	8	194	9	197	11	210	16
134	471	106	468	124	526	120	394	69	365	57	358	56
118	521	129	554	136	561	140	525	119	516	117	239	21	232	20	213	12	212	14	218	16
132	558	142	339	52	338	62	371	59	373	101	446	95
33	271	31	272	34	265	30	268	86	432	92
110	478	109	479	111	456	99
141	357	55	353	64	359	56	256	26	257	161	597	166	439	88	438	92
118	521	129	554	136	561	140	525	119	516	117	239	21	232	20	213	12	212	14	209	11
165	588	159	361	56	359	64
125	517	117	366	57	364	64	359	56	292	36	281	33
62	338	52	339	142	558	132	557	131	535	122	467	106	465	118
33	285	42	302	41	304	53	341	58	368	62
62	338	52	330	50	332	71	397	72	402	123	538	137	559	133	470	106	465	118
92	438	88	437	90	422	83	190	7	186	6	187	9	199	27	181	4	174	2
44	303	41	291	36	292	56	362	161	595	164	255	25	243	22	233	20
2	176	16	219	15	220	19	229	20	232	21	239	117	516	119	525	140	484	109	483	139
165	588	159	361	56	358	57	366	117	519	136
92	438	88	439	166	597	161	362	56	358	57	363	61
136	530	120	531	141	515	116	508	115	401	72	392	68	389	67	337	51	334	62
139	483	109	484	140	525	119	516	117	239	21	232	20	213	12	212	14	218	16	176	2
134	487	110	478	109	479	111	456	99	453	97	316	45	313	46
62	338	52	330	50	332	71	398	114
157	579	151	579	157	585	156	576	150	441	89	424	84	425	90	437	88	438	92
150	441	89	440	91	435	87	436	92
55	355	70	293	36	259	28	258	31
16	219	15	220	19	229	20	232	21	239	117	516	119	525	140	484	109	483	139
118	521	129	554	136	561	140	562	138	457	99	453	97	316	45	313	46	322	148
16	176	2	169	1	172	149	574	147	571	146	406	74	405	144
164	253	24	251	56	359	64	353	55
33	271	31	258	28	259	36	294	159	586	161	595	164	255	25	243	22	233	20
70	360	56	358	57	366	117	516	119
157	579	151	577	152	580	155
8	195	10	206	164	206	10	205	25	254	26	256	56	359	64	385	70	350	54	340	53
92	438	88	437	90	422	83	190	7	186	6	187	9	199	27	181	4	174	2	176	16
55	355	70	293	36	259	28	258	31	272	34
110	478	109	482	136	545	125	543	127	395	69	354	55	353	64	359	56	292	36
95	442	93	344	53	340	54	346	55	352	61	363	57	247	23	241	22
118	522	134	487	110	478	109	479	111	456	99	453	97	316	45	313	46	320	48	320	46	322	148	322	46	320	48	327	49	328	73	404	144
82	412	77	411	78	411	77	308	42	302	41	306	70	355	55
87	435	91	440	89	424	84	424	89	440	91	435	87	430	86	433	162	598	165
136	530	120	394	69	393	115
118	523	139	489	110	478	109	479	111	456	99
101	460	104	463	105	447	95	445	94	312	44	307	42	299	39	278	32	276	34
78	411	77	308	42	302	41	305	65	349	54	346	55	356	115	508	116	513	133	536	122	532	121
22	241	23	247	57	363	61	352	55	351	60	367	58	368	62
78	413	79	415	81
78	413	79	417	94	445	95	446	101	459	102	459	101
119	516	117	517	125	543	127	395	69	354	55	355	70
30	265	34	276	32	278	39	299	42	307	44	312	94	345	53	344	93	383	63	382	62
118	465	106	467	122	535	131	557	132	558	142	339	52	338	62
109	483	139	523	118	465	106	470	133	559	137	538	123	402	72	377	60	367	58	368	62
44	310	53	341	58	333	51	337	67	331	50	330	52	339	142	558	132
16	210	11	197	9	194	8	194	9	200	163	591	160	594	166	599	162	587	159	294	36	259	28	261	40	283	33	284	41	303	44
30	265	34	276	32	278	39	300	43	309	82
139	523	118	465	106	467	122	535	131	557	132
110	478	109	479	111	456	99	453	97	316	45	313	46
16	176	2	169	1	167	0	167	1	169	2	175	5	182	9	187	6	186	7	191	84	424	89	441	150	576	156	582	153	583	157
62	334	51	333	58	341	53	304	41	284	33
165	596	161	362	56	359	64	353	55	354	69	396	141	542	124	468	106	465	118
33	271	31	258	28	259	36	294	159	586	161	595	164	253	24	242	22	214	12	198	9	182	5	175	2
34	272	31	274	40	290	36	293	70	350	54	346	55	356	115	508	116	512	124	468	106	464	107	477	134
34	272	31	258	28	259	36	292	56	359	64	353	55	354	69	395	127	518	117	519	136
142	339	52	338	62	334	51	333	58	341	53	310	44	307	42	285	33
165	596	161	257	26	246	23	248	117	517	125	545	136	551	128	481	109	478	110
55	352	61	363	57	247	23	241	22	214	12	211	13	208	11	210	16	176	2	169	1	172	149	574	147	571	146	406	74	405	144
22	214	12	211	13	208	11	210	16	221	17	223	18	227	45	313	46
33	281	36	293	70	350	54	346	55	356	115	508	116	512	124	468	106	464	107	477	134
62	338	52	339	142	558	132	557	131	535	122	467	106	465	118	521	129	550	128	481	109
78	411	77	301	39	278	32	276	34	287	37	295	38	298	162	599	166	594	160	591	163	200	9	194	8	194	9	197	11	210	16
125	543	127	395	69	354	55	353	64	359	56	292	36	259	28	258	31	272	34
165	593	160	591	163
64	359	56	251	24	204	10	195	8
62	334	51	336	66	375	60	351	55	352	61	363	57	247	23	241	22	203	10	195	8	194	9	187	6
83	421	88	439	166	597	161	362	56	292	36
76	410	144
2	176	16	219	15	220	19	229	20	232	21	239	117	516	119	525	140	484	109	483	139
8	195	10	206	164	601	165	598	162	587	159	294	36	281	33
61	352	55	351	60	367	58	368	62
62	338	52	330	50	332	71	398	114	498	113	501	131	534	121	474	107	477	134	560	139
16	219	15	220	19	229	20	232	21	239	117	516	119	525	140
80	414	79	413	78	411	77	301	39	278	32	276	34
8	195	10	206	164	255	25	254	26	256	56	360	70
139	483	109	484	140	562	138	457	99
101	460	104	463	105	444	93	344	53	343	65	386	70	360	56	362	161	595	164	206	10	195	8
134	560	139	489	110	478	109	479	111	456	99	453	97	316	45	313	46	320	48	320	46	322	148	322	46	320	48	327	49	328	73	404	144
55	353	64	359	56	362	161	597	166	439	88	438	92	436	87	435	91	440	89	441	150	576	156	582	153	583	157
144	405	74	406	146	571	147	574	149	172	1	167	0	167	1	169	2	175	5	182	9	187	6	186	7	193	163	591	160	594	166	599	162	298	38	288	34
11	197	9	189	7	190	83
139	523	118	465	106	468	124	512	116	508	115
132	502	113	503	137	514	116	515	141	531	120	527	125	517	117	239	21	232	20	213	12	212	14	218	16
82	412	77	411	78
109	482	136	545	125	527	120	531	141	515	116	508	115	401	72	392	68	376	60	367	58	368	62
20	232	21	239	117	517	125	527	120	531	141	515	116	508	115	401	72	392	68	389	67	337	51	334	62	371	59	374	104	460	101
16	210	11	197	9	194	8	194	9	200	163	591	160	594	166	599	162	587	159	294	36	259	28	261	40	283	33	282	39	299	42	308	77	411	78
33	284	41	303	44	312	94	445	95	446	101	459	102	459	101
101	460	104	374	59	371	62
165	593	160	591	163	200	9	194	8	194	9	197	11	210	16	221	17	223	18	227	45	313	46
165	588	159	361	56	359	64	378	61	379	69	394	120	526	124
74	405	144	410	76	409	143	563	146	571	147	574	149	172	1	170	3	178	16
41	302	42	308	77	411	78	413	79	414	80
2	169	1	172	149	574	147	571	146	565	144	404	73	404	144	404	73
157	583	153	582	156	576	150	441	89	440	91	435	87	436	92	438	88	439	166	597	161	362	56	359	64	353	55
139	523	118	465	106	467	122	535	131	557	132	558	142	339	52	338	62
36	291	41	303	44
22	241	23	247	57	363	61	380	115	401	72	400	114	507	142
92	438	88	437	90	422	83	190	7	186	6	187	9	199	27	181	4	174	2
157	579	151	577	152	577	151	577	152	580	155
33	285	42	302	41	304	53	342	63	382	62	338	52	339	142
62	338	52	339	142	558	132
110	487	134	522	118	465	106	470	133	559	137	538	123	402	72	392	68	389	67	337	51	334	62	371	59	374	104
34	272	31	271	33	284	41	303	44	312	94	445	95	446	101
118	523	139	489	110	478	109	479	111	456	99	453	97	316	45	313	46	322	148	566	144
33	281	36	293	70	350	54	346	55	356	115	508	116	511	123	500	113	501	131
2	175	5	183	11	207	12	202	10	204	24	251	56	359	64	353	55
157	579	151	577	152	580	155
92	438	88	439	166	597	161	362	56
142	339	52	330	50	331	67	387	66
131	501	113	503	137	514	116	515	141	531	120	527	125	517	117	239	21	236	22	203	10	195	8
141	357	55	346	54	350	70	293	36	281	33
82	309	43	280	32	276	34
118	521	129	554	136	561	140	525	119	516	117	239	21	232	20	213	12	212	14	218	16
33	285	42	302	41	304	53	341	58	333	51	337	67	331	50	330	52	339	142	507	114	505	131
132	502	113	399	72	377	60	348	54	340	53	304	41	284	33
62	338	52	339	142	558	132	557	131	535	122	467	106	465	118
2	176	16	219	15	220	19
2	175	5	185	27	199	9	187	6	186	7	190	83	422	90	437	88	438	92
101	373	59	371	62	338	52	339	142	558	132
136	519	117	248	23	245	25	249	24	252	161	597	166	439	88	438	92
16	216	13	211	12	214	22	241	23	247	57	363	61
106	468	124	512	116	508	115	356	55	346	54	350	70	293	36	259	28	258	31	273	37
46	313	45	230	19	229	20	233	22	243	25
62	334	51	336	66	375	60	351	55	352	61	363	57	247	23	241	22	214	12	211	13	208	11	210	16	221	17	225	145	569	148
118	465	106	468	124	512	116	508	115	356	55	346	54	350	70	293	36	259	28	258	31	272	34
73	404	144	410	76	329	49	327	48	320	46	322	148	569	145	570	149	172	1	170	3	173	2
20	229	19	230	45	313	46
92	438	88	439	166	597	161	362	56	359	64	378	61	379	69	396	141	531	120	466	106	465	118
16	210	11	197	9	189	7	190	83
165	598	162	587	159	294	36	259	28	261	40	283	33	285	42	302	41	304	53	341	58	368	62
109	481	128	550	129	521	118	465	106	470	133	559	137	538	123	402	72	392	68	376	60	367	58	368	62
16	216	13	211	12	202	10	204	24	251	56	359	64	353	55
22	243	25	249	24	252	161	586	159	587	162	298	38	288	34
62	334	51	333	58	341	53	310	44
16	176	2	169	1	167	0	167	1	169	2	175	5	182	9	187	6	186	7	191	84	424	89	441	150	576	156	582	153	583	157
101	460	104	463	105	444	93	344	53	343	65	386	70	360	56	362	161	595	164	253	24	242	22	214	12	198	9	182	5	175	2
139	523	118	465	106	468	124	512	116	508	115	356	55	346	54	349	65	305	41	303	44	311	79	413	78
62	334	51	336	66	375	60	351	55	352	61	363	57	247	23	241	22
144	404	73	328	49
78	411	77	308	42	302	41	306	70	355	55
101	373	59	372	63	382	62	338	52	330	50	330	52	339	142	507	114	505	131
2	175	5	183	11	207	12	214	22	241	23	247	57	363	61	352	55	351	60	376	68	389	67	337	51	334	62
34	276	32	278	39	299	42	307	44	312	94	445	95	447	105	461	101
163	591	160	590	161	362	56	358	57	365	69
61	380	115	401	72	400	114	507	142
118	465	106	468	124	512	116	515	141	357	55	353	64	359	56	292	36	281	33
16	219	15	220	19	229	20	232	21	239	117	517	125	527	120	531	141	515	116	514	137	503	113	502	132
144	404	73	328	49	327	48	320	46	322	148	322	46	320	48	320	46	313	45	316	97	234	20	233	22
141	357	55	346	54	340	53
62	334	51	333	58	341	53	310	44	307	42	299	39	278	32	276	34
92	438	88	437	90	422	83	423	163	200	9	197	11
30	265	34	272	31	274	40	290	36	293	70	350	54	346	55	356	115	508	116	512	124	468	106	464	107	477	134
61	352	55	351	60	367	58	368	62
2	175	5	185	27	199	9	187	6	186	7	193	163	591	160	594	166	599	162	587	159	294	36	259	28	261	40	283	33	282	39	299	42	308	77	411	78
110	478	109	479	111	456	99	453	97	316	45	313	46
118	465	106	466	120	394	69	379	61
95	442	93	344	53	340	54	346	55	354	69	394	120	529	129
132	502	113	499	122	467	106	466	120	527	125
78	411	77	308	42	302	41	306	70	385	64	353	55	354	69	394	120	527	125
78	411	77	308	42	302	41	306	70	385	64	353	55	354	69	394	120	527	125
22	243	25	249	24	252	161	597	166	439	88	438	92	436	87	435	91	440	89	441	150
22	243	25	249	24	252	161	597	166	439	88	438	92	436	87	435	91	440	89	441	150	576	156	582	153	583	157
78	411	77	301	39	278	32	276	34	287	37	295	38	298	162	599	166	594	160	591	163	200	9	197	11	210	16
157	579	151	577	152	580	155
61	378	64	385	70	350	54	340	53	344	93	444	105	461	101
118	465	106	468	124	512	116	515	141	396	69	354	55	353	64
34	272	31	274	40	290	36	292	56	359	64	378	61	379	69	395	127	543	125	545	136	551	128	552	139
101	460	104	463	105	444	93	344	53	343	65	386	70	360	56	362	161	595	164	206	10	195	8	194	9	197	11	210	16	176	2	169	1	172	149	570	145	567	146	565	144
125	543	127	395	69	354	55	353	64	385	70	306	41
33	284	41	304	53	341	58	368	62
62	334	51	333	58	341	53	304	41	284	33	271	31	272	34
166	434	86	432	92
78	411	77	412	82	309	43
113	501	131	534	121	474	107	477	134	487	110
118	465	106	467	122	535	131	557	132	558	142	339	52	338	62
110	485	112	495	130	533	121
92	438	88	439	166	597	161	257	26	246	23	248	117	517	125
42	302	41	291	36	292	56	362	161	595	164	255	25	243	22	233	20
22	241	23	247	57	363	61	352	55	351	60	367	58	368	62
157	583	153	582	156	576	150	441	89	440	91	435	87	436	92	438	88	439	166	597	161	252	24	244	23	248	117	517	125	545	136	551	128	481	109	478	110
33	271	31	272	34	265	30	268	86	432	92	436	87	435	91	440	89	441	150	576	156	582	153	583	157
22	243	25	249	24	252	161	586	159	587	162	298	38	288	34	276	32	278	39	300	43	309	82
144	405	74	406	146	571	147	574	149	172	1	170	3	173	2	175	5	182	9	196	10	204	24	244	23	247	57	364	64	385	70	350	54	348	60	367	58	333	51	334	62
110	478	109	479	111	456	99	453	97	316	45	313	46	320	48	320	46	322	148	566	144
82	412	77	411	78	413	79	311	44
101	446	95	445	94	312	44	307	42	299	39	278	32	276	34	265	30	268	86	432	92
83	190	7	186	6	187	9	182	5	175	2	169	1	167	0	167	1	172	149	570	145	567	146	565	144
144	565	146	571	147	574	149	172	1	170	3	173	2	175	5	182	9	196	10	204	24	244	23	247	57	364	64	385	70	350	54	340	53	344	93	444	105	461	101
128	551	136	519	117	239	21	236	22	203	10	195	8
118	521	129	554	136	561	140	525	119	516	117	239	21	232	20	213	12	212	14	218	16	176	2
2	176	16	219	15	220	19	229	20	232	21	239	117	516	119	525	140	546	125	544	129	521	118
157	585	156	576	150	441	89	424	84	191	7	186	6	187	9	199	27	181	4	174	2
16	210	11	197	9	194	8	195	10	204	24	244	23	247	57	364	64	385	70	350	54	340	53	344	93	444	105	461	101
46	313	45	227	18	226	19	222	16
53	340	54	346	55	356	115	508	116	512	124	468	106	464	107	477	134	487	110
22	243	25	249	24	252	161	586	159	587	162	587	159	294	36	259	28	261	40	283	33	284	41	303	44
139	523	118	465	106	467	122	535	131	557	132	558	142	339	52	338	62
101	460	104	463	105	444	93	344	53	343	65	386	70	360	56	362	161	595	164	206	10	201	11	210	16
158	584	155	580	152	577	151	579	157
105	444	93	383	63	382	62
158	584	155	580	152	577	151	579	157
16	219	15	220	19	229	20	232	21	239	117	517	125
62	338	52	330	50	332	71	398	114	498	113	501	131	534	121	533	130	495	112	497	135	488	110	478	109	479	111	456	99
106	467	122	499	113	498	114	507	142
157	585	156	576	150	441	89	424	84	425	90	437	88	438	92	432	86	268	30	265	34
2	169	1	172	149	570	145	569	148
11	207	12
144	404	73	328	49	327	48	320	46	322	148	322	46	320	48	323	47	326	98	449	96	451	100	458	111	479	109
132	557	131	535	122	467	106	465	118	521	129	554	136
125	517	117	248	23	245	25	249	24	252	161	597	166	439	88	438	92
118	465	106	468	124	512	116	508	115	356	55	346	54	340	53	310	44
92	438	88	439	166	597	161	257	26	246	23	248	117	519	136	551	128
29	262	35	266	30	268	86	426	85	426	86	432	92
125	543	127	395	69	354	55	353	64	385	70	306	41	303	44
33	275	32	276	34	286	35	262	29
6	187	9	194	8	195	10	203	22	236	21	239	117	517	125	545	136	551	128	552	139
131	535	122	467	106	465	118	521	129	550	128	481	109
55	346	54	349	65	305	41	284	33
29	262	35	277	32	275	33
53	340	54	346	55	352	61	363	57	247	23	241	22	233	20	234	97
141	531	120	466	106	464	107	477	134	560	139
163	200	9	194	8	195	10	203	22	236	21	239	117	517	125	545	136	554	129	521	118
20	229	19	230	45	313	46
141	549	127	518	117	239	21	232	20	213	12	212	14	218	16	176	2
139	483	109	482	136	545	125	543	127	395	69	379	61	378	64	359	56	292	36	290	40	274	31	272	34
83	421	88	439	166	597	161	362	56	358	57	363	61
62	338	52	330	50	332	71	398	114	505	131
92	432	86	426	85
33	271	31	272	34	265	30	268	86	432	92	436	87	435	91	428	85	429	154
44	303	41	306	70	385	64	353	55	354	69	395	127	543	125	517	117	516	119
61	363	57	247	23	237	21	232	20	235	99
64	385	70	350	54	340	53	344	93	444	105	461	101
165	603	166	439	88	438	92	436	87	435	91	428	85	429	154	581	153	578	151	577	152	580	155	584	158
131	535	122	467	106	465	118	523	139	483	109
61	352	55	351	60	367	58	368	62
16	216	13	211	12	214	22	241	23	247	57	363	61
33	281	36	292	56	358	57	366	117	520	140
92	438	88	439	166	597	161	362	56	359	64	353	55	354	69	396	141	542	124	468	106	465	118
16	216	13	211	12	214	22	241	23	247	57	363	61	352	55	351	60	376	68	388	66
157	585	156	576	150	441	89	424	84	191	7	186	6	187	9	199	27	181	4	174	2	176	16
46	313	45	316	97	453	99	457	138	562	140	561	136	545	125	527	120	531	141
92	436	87	435	91	440	89	441	150	576	156	582	153	583	157
136	530	120	531	141	515	116	508	115	356	55	346	54	347	58	368	62
52	338	62	334	51	333	58	341	53	343	65	386	70	360	56	361	159	588	165
29	262	35	286	34
41	304	53	341	58	333	51	337	67	331	50	330	52	339	142	558	132
95	442	93	344	53	340	54	346	55	352	61	363	57	247	23	237	21
22	243	25	249	24	252	161	586	159	587	162	298	38	288	34
68	392	72	399	113	499	122	467	106	465	118
99	235	20	213	12	202	10	206	164	595	161	586	159	587	162	587	159	294	36	259	28	261	40	283	33	282	39	299	42	308	77	411	78
62	338	52	330	50	332	71	397	72	401	115	508	116	515	141	531	120	529	129	550	128
83	421	88	439	166	597	161	257	26	246	23	248	117	517	125	545	136	551	128	552	139
6	187	9	199	27	181	4	174	2	176	16	219	15	220	19	229	20	232	21	239	117	516	119	525	140	546	125	544	129	521	118
131	501	113	503	137	514	116	515	141	531	120	527	125	517	117	239	21	232	20	229	19
62	334	51	333	58	341	53	310	44	307	42	299	39	278	32	276	34	265	30	268	86	432	92	436	87	435	91	440	89	441	150	576	156	582	153	583	157
16	210	11	197	9	194	8	195	10	206	164	601	165
97	453	99	456	111	479	109	478	110	488	135	488	110	488	135	497	112	495	130	533	121	534	131	557	132	558	142	339	52	338	62	371	59	374	104	460	101
166	594	160	591	163	200	9	194	8	194	9	197	11	210	16	221	17	223	18	227	45	313	46
131	535	122	467	106	465	118	521	129	544	125	546	140
163	591	160	593	165
131	534	121	474	107	477	134	487	110
16	210	11	201	10	205	25	254	26	246	23	247	57	364	64	385	70	350	54	340	53	344	93	444	105	461	101
62	334	51	336	66	375	60	351	55	352	61	363	57	247	23	241	22
110	487	134	522	118	465	106	470	133	559	137	538	123	402	72	392	68	389	67	337	51	334	62	371	59	374	104	460	101
34	286	35	262	29
22	242	24	252	161	586	159	587	162	587	159	294	36	259	28	261	40	283	33	282	39	299	42	308	77	411	78
139	523	118	465	106	470	133	559	137	538	123	402	72	377	60	367	58	368	62
154	429	85	428	91	435	87	436	92	438	88	439	166	603	165	601	164	206	10	203	22
80	414	79	413	78	411	77	301	39	278	32	276	34
101	460	104	463	105	447	95	445	94	312	44	307	42	299	39	278	32	276	34
22	236	21	239	117	517	125	544	129	521	118	465	106	464	107	472	112
61	363	57	247	23	241	22	214	12	211	13	208	11	210	16	176	2	169	1	172	149	570	145	567	146	565	144
110	487	134	522	118	465	106	468	124	512	116	508	115	356	55	346	54	340	53
22	243	25	249	24	252	161	586	159	587	162	587	159	294	36	259	28	261	40	283	33	282	39	299	42	308	77	411	78
63	342	53	304	41	284	33	271	31	272	34
62	338	52	339	142	558	132	557	131	534	121	474	107	477	134	560	139
141	549	127	518	117	239	21	232	20	213	12	212	14	218	16
22	236	21	239	117	517	125	527	120	466	106	470	133
148	566	144
62	334	51	333	58	341	53	304	41	302	42	299	39	278	32	276	34
92	438	88	439	166	597	161	362	56	359	64	353	55	357	141
34	272	31	271	33	284	41	303	44	312	94	345	53	344	93	383	63	382	62
22	243	25	249	24	252	161	586	159	587	162	298	38	288	34	276	32	278	39	300	43	309	82
56	360	70	350	54	347	58	333	51	334	62
136	561	140	525	119	516	117	239	21	232	20	213	12	212	14	218	16	176	2
2	176	16	219	15	220	19	229	20	232	21	239	117	518	127	549	141
165	588	159	294	36	259	28	261	40	283	33	285	42	302	41	304	53	341	58	368	62	338	52
16	216	13	211	12	214	22	241	23	247	57	363	61	352	55	351	60	376	68	376	60	367	58	368	62
165	593	160	591	163	200	9	194	8	194	9	197	11	210	16	176	2	169	1	172	149	574	147	571	146	565	144
163	591	160	593	165
83	422	90	437	88	438	92	432	86	268	30	265	34	276	32	278	39	300	43	309	82
141	357	55	346	54	340	53	310	44
141	357	55	346	54	349	65	305	41	302	42	308	77	411	78
132	502	113	399	72	377	60	351	55
44	303	41	306	70	355	55	356	115	508	116	513	133
8	195	10	206	164	253	24	244	23	248	117	519	136	551	128
32	275	33	284	41	304	53	341	58	368	62
165	588	159	294	36	293	70	355	55
16	210	11	197	9	194	8	194	9	200	163	591	160	594	166	599	162	587	159	294	36	281	33
130	495	112	494	121	534	131	557	132	558	142	339	52	338	62
125	546	140	562	138	457	99
148	569	145	570	149	172	1	170	3	173	2
16	210	11	207	12	214	22	241	23	247	57	363	61	352	55	351	60	376	68	389	67	337	51	334	62
2	175	5	183	11	207	12	202	10	204	24	251	56	359	64	353	55
78	411	77	301	39	278	32	276	34	287	37	295	38	298	162	599	166	594	160	591	163	193	7	186	6	187	9	199	27	181	4	174	2
109	484	140	525	119	516	117	239	21	232	20	213	12	212	14	218	16	176	2
144	566	148
20	233	22	243	25	255	164	595	161	586	159	587	162	587	159	294	36	281	33
44	303	41	306	70	360	56	362	161	595	164	253	24	242	22	214	12	198	9	182	5	175	2
118	521	129	544	125	546	140	525	119	516	117	239	21	232	20	213	12	212	14	218	16
101	373	59	371	62
104	443	93
95	445	94	312	44	307	42	299	39	278	32	276	34
139	483	109	484	140	525	119	516	117	239	21	232	20	213	12	212	14	218	16
34	286	35	262	29
109	479	111	492	138	524	119	516	117	239	21	232	20	213	12	212	14	218	16	176	2
78	411	77	308	42	302	41	306	70	385	64	353	55	354	69	394	120	529	129	550	128
16	210	11	197	9	194	8	194	9	189	7	190	83
55	346	54	340	53	344	93	444	105	461	101
160	591	163	200	9	197	11	210	16
110	478	109	482	136	545	125	543	127	395	69	379	61
44	303	41	284	33	275	32	276	34	286	35	262	29
165	598	162	298	38	288	34	276	32
62	334	51	336	66	375	60	351	55	352	61	363	57	247	23	241	22	214	12	207	11	210	16
2	176	16	219	15	220	19	229	20	232	21	239	117	516	119	525	140	553	128	552	139
101	460	104	463	105	444	93	344	53	340	54	346	55	352	61	363	57	247	23	241	22
62	334	51	333	58	341	53	304	41	284	33
118	465	106	467	122	535	131	557	132	558	142	339	52	338	62
141	357	55	346	54	347	58	368	62
55	353	64	359	56	361	159	588	165
73	404	144	410	76	329	49	327	48	320	46	322	148	569	145	225	17	179	3	173	2
78	413	79	311	44	310	53	341	58	368	62
62	338	52	330	50	332	71	398	114	498	113	501	131	534	121	474	107	477	134	560	139
101	460	104	384	63	342	53	340	54	346	55
165	588	159	361	56	359	64	353	55	354	69	396	141	510	115	401	72	399	113	502	132
66	387	67	331	50	330	52	339	142
34	276	32	278	39	300	43	309	82
33	281	36	292	56	358	57
20	232	21	237	23	247	57	363	61	352	55
165	603	166	439	88	438	92	436	87	435	91	428	85	429	154	581	153	578	151	577	152	580	155	584	158	584	155
99	235	20	213	12	212	14	218	16	176	2
148	569	145	225	17	179	3	173	2	175	5	182	9	196	10	205	25	254	26	246	23	247	57	364	64	385	70	350	54	348	60	367	58	333	51	334	62
78	411	77	308	42	302	41	305	65	349	54	346	55	356	115	508	116	512	124	468	106	465	118
83	421	88	439	166	597	161	362	56	359	64	353	55	354	69	396	141	542	124	468	106	465	118
8	195	10	206	164	206	10	203	22	241	23	247	57	363	61	352	55	351	60	376	68	376	60	367	58	368	62
8	194	9	182	5	175	2	177	17	225	145	567	146	565	144
139	523	118	465	106	470	133	559	137	538	123	402	72	377	60	367	58	368	62
141	510	115	356	55	346	54	349	65	305	41	303	44	303	41
34	287	37	295	38	298	162	599	166	594	160	591	163	200	9	197	11	210	16
136	554	129	521	118	465	106	467	122	535	131	557	132	558	142	339	52	338	62
78	411	77	301	39	278	32	276	34	287	37	295	38	298	162	587	159	586	161	595	164	206	10	203	22
62	338	52	330	50	332	71	391	68	392	72	401	115	508	116	515	141	531	120	527	125	517	117	239	21	232	20
2	175	5	182	9	196	10	205	25	254	26	256	56	360	70
22	241	23	247	57	363	61	352	55	351	60	367	58	368	62
144	404	73	328	49	327	48	320	46	322	148	322	46	313	45	315	96
6	187	9	194	8	195	10	203	22	236	21	239	117	519	136
6	186	7	193	163	591	160	594	166	599	162	587	159	294	36	281	33
55	354	69	394	120	530	136	482	109
163	200	9	197	11
109	482	136	545	125	543	127	395	69	354	55	353	64	359	56	292	36	281	33
16	216	13	211	12	202	10	204	24	251	56	359	64	353	55
46	313	45	227	18	226	19	222	16	210	11	197	9	194	8	195	10	206	164	601	165
26	256	56	359	64	353	55	351	60	367	58	368	62
62	334	51	336	66	375	60	351	55	354	69
2	176	16	219	15	220	19	229	20	232	21	239	117	517	125	527	120	531	141	515	116	514	137	503	113	502	132
44	303	41	305	65	349	54	346	55	356	115	508	116	512	124	468	106	464	107	477	134
157	585	156	576	150	441	89	424	84	425	90	437	88	438	92	432	86	268	30	265	34
83	422	90	192	7	189	9	199	27	181	4	174	2
140	525	119	516	117	518	127	549	141
62	338	52	330	50	332	71	398	114	498	113	501	131	534	121	474	107	477	134
61	352	55	355	70	293	36
101	373	59	372	63	342	53	343	65	386	70	360	56	362	161	595	164	206	10	195	8	194	9	197	11	210	16
130	495	112	472	107	475	122	467	106	466	120	394	69	354	55	355	70	293	36	281	33
136	530	120	394	69	354	55	353	64	359	56	292	36	290	40	274	31	272	34
33	285	42	302	41	304	53	341	58	368	62
8	195	10	206	164	253	24	250	26
48	323	47	326	98	449	96	451	100	458	111	479	109	478	110
33	285	42	302	41	304	53	341	58	333	51	337	67	331	50	330	52	339	142	558	132
99	450	96	315	45	313	46	320	48	320	46	322	148	322	46	320	48	327	49	329	76
148	322	46	320	48	327	49	328	73	403	76
1	169	2	175	5	182	9	187	6
97	448	96	315	45	313	46	320	48	320	46	322	148	322	46	320	48	327	49	328	73	404	144
92	438	88	439	166	603	165	588	159	361	56	358	57	366	117	519	136
2	175	5	185	27	199	9	187	6	186	7	190	83	422	90	437	88	438	92
61	378	64	359	56	292	36	259	28	258	31	272	34
132	557	131	534	121	474	107	477	134	560	139
83	421	88	439	166	599	162	587	159	294	36	259	28	261	40	283	33	285	42	302	41	304	53	341	58	368	62
91	435	87	436	92
20	213	12	202	10	206	164	595	161	597	166	439	88	438	92
99	450	96	315	45	313	46	322	148	322	46	320	48	327	49	328	73	404	144
125	546	140	562	138	457	99	453	97	316	45	313	46	320	48	320	46	322	148	566	144
97	448	96	315	45	313	46	322	148
62	338	52	330	50	332	71	397	72	402	123	538	137	537	122	467	106	465	118
134	477	107	464	106	468	124	512	116	508	115	356	55	346	54	349	65	305	41	284	33	275	32
22	236	21	239	117	517	125	527	120	466	106
62	371	59	374	104	460	101
75	408	143	168	0	167	1	169	2	175	5	182	9	187	6	187	9	196	10	203	22
82	412	77	411	78	411	77	308	42	302	41	306	70	355	55	352	61
101	460	104	463	105	447	95	445	94	417	79	413	78
29	262	35	286	34
155	580	152	577	151	579	157
101	460	104	384	63	382	62	338	52	330	50	332	71	398	114	498	113	501	131	534	121	474	107	477	134	560	139
62	334	51	336	66	375	60	351	55	352	61	363	57	247	23	241	22	214	12	211	13	208	11	210	16	176	2	169	1	172	149	574	147	571	146	406	74	405	144
139	523	118	465	106	470	133	559	137	538	123	402	72	377	60	367	58	368	62
62	334	51	336	66	375	60	351	55	352	61	363	57	247	23	241	22	203	10	195	8	194	9	187	6
62	334	51	336	66	375	60	351	55	352	61	363	57	247	23	241	22	214	12	207	11	210	16
33	281	36	292	56	359	64	353	55	354	69	395	127	543	125	545	136	554	129	521	118
92	436	87	435	91	428	85	429	154	581	153	578	151	577	152	580	155
62	334	51	333	58	347	54	350	70	360	56	361	159	588	165
22	243	25	249	24	252	161	596	165	603	166	439	88	438	92	436	87	435	91	440	89	441	150	576	156	582	153	583	157
77	411	78
20	213	12	202	10	206	164	601	165
118	523	139	489	110	478	109	479	111	456	99	453	97	316	45	313	46	320	48	320	46	322	148	322	46	320	48	327	49	328	73	404	144
46	313	45	316	97	234	20	233	22
20	232	21	239	117	517	125	527	120	531	141	515	116	508	115	401	72	377	60	367	58	368	62
61	352	55	351	60	367	58	368	62
109	479	111	458	100	451	96	449	98	317	45	313	46	322	148
62	338	52	330	50	332	71	397	72	401	115	393	69	394	120	530	136	482	109
62	338	52	330	50	332	71	391	68	392	72	402	123	538	137	559	133	470	106	465	118	521	129	554	136
20	232	21	239	117	517	125	527	120	531	141	515	116	511	123	500	113
136	561	140	562	138	457	99	453	97	316	45	313	46	322	148
16	210	11	197	9	194	8
80	414	79	413	78	411	77	308	42	302	41	306	70	385	64	353	55	354	69	394	120	530	136
78	411	77	301	39	278	32	276	34	287	37	295	38	298	162	587	159	586	161	595	164	255	25	243	22	233	20	235	99
82	412	77	301	39	282	33
78	411	77	412	82
110	478	109	482	136	545	125	517	117	239	21	236	22
101	460	104	384	63	382	62	338	52	330	50	332	71	397	72	401	115	393	69	394	120	530	136
52	338	62	371	59	374	104	463	105	447	95	445	94	417	79	413	78
82	412	77	411	78	411	77	308	42	302	41
55	351	60	377	72	399	113	501	131
56	256	26	257	161	597	166	439	88	438	92
141	549	127	518	117	239	21	232	20	213	12	212	14	218	16	176	2
131	534	121	474	107	477	134	487	110
124	526	120	527	125	517	117	239	21	232	20	213	12	212	14	218	16
157	579	151
34	287	37	295	38	298	162	599	166	594	160	591	163	200	9	194	8	194	9	197	11	183	5	175	2
97	234	20	232	21	236	22
92	432	86	426	85
34	286	35	262	29	262	35	266	30	268	86	426	85
62	371	59	374	104	463	105	447	95	445	94	417	79	413	78
97	453	99	456	111	479	109	478	110	489	139	523	118	465	106	470	133	559	137	538	123	402	72	392	68	376	60	367	58	368	62
130	495	112	494	121	534	131	557	132	558	142	339	52	338	62	371	59	374	104	443	93	442	95
165	601	164	206	10	195	8	194	9	197	11	210	16
139	483	109	484	140	525	119	516	117	239	21	232	20	213	12	198	9	194	8
144	565	146	571	147	574	149	172	1	170	3	178	16
99	235	20	233	22	242	24	244	23	247	57	364	64	385	70	350	54	340	53
131	501	113	503	137	514	116	515	141	531	120	527	125	517	117	239	21	232	20
82	412	77	411	78	413	79	417	94	345	53	344	93	383	63	382	62
33	271	31	258	28	259	36	294	159	586	161	595	164	255	25	243	22	233	20
62	334	51	333	58	341	53	304	41	284	33
82	309	43	280	32	276	34
110	478	109	479	111	456	99
34	287	37	295	38	298	162	587	159	586	161	595	164	255	25	243	22	233	20
92	438	88	437	90	422	83	423	163	200	9	194	8
132	502	113	399	72	401	115	510	141
46	313	45	316	97	234	20	233	22	243	25	255	164	601	165
101	460	104	384	63	342	53	340	54	346	55	353	64
131	534	121	474	107	477	134	487	110
118	465	106	468	124	512	116	508	115	356	55	346	54	340	53	304	41	284	33	275	32
163	591	160	594	166	599	162	587	159	294	36	259	28	261	40	283	33	285	42	302	41	304	53	341	58	368	62
80	414	79	413	78	413	79	417	94	345	53	344	93	383	63	382	62
62	334	51	336	66	375	60	351	55	352	61	363	57	247	23	241	22	203	10	195	8
106	465	118	521	129	554	136	561	140	525	119	516	117	239	21	232	20	213	12	212	14	218	16
62	334	51	336	66	375	60	351	55	353	64	359	56	251	24	204	10	195	8	194	9	187	6
2	175	5	185	27	199	9	187	6	186	7	193	163	591	160	594	166	599	162	587	159	294	36	259	28	261	40	283	33	282	39	301	77	411	78
44	303	41	306	70	360	56	251	24	253	164	206	10	203	22
62	334	51	333	58	341	53	304	41	284	33	271	31	272	34
34	287	37	295	38	298	162	599	166	594	160	591	163	200	9	194	8	194	9	197	11	210	16	221	17	223	18	227	45	313	46
34	265	30	268	86	432	92
62	338	52	330	50	332	71	397	72	401	115	393	69	394	120	530	136
55	346	54	340	53	342	63
55	352	61	363	57	366	117	516	119
101	460	104	374	59	371	62
131	501	113	500	123	511	116	515	141	396	69	365	57	247	23	246	26	257	161	596	165
131	557	132	558	142	339	52	338	62
62	338	52	330	50	332	71	397	72	401	115	393	69	394	120	530	136
61	352	55
6	187	9	196	10	203	22	236	21	239	117	518	127	549	141
22	236	21	239	117	517	125	545	136	551	128	552	139
92	432	86	268	30	267	38	295	37	273	31	271	33
62	334	51	336	66	370	58	347	54	350	70	360	56	256	26
11	197	9	194	8	194	9	200	163	423	83	422	90	437	88	438	92
165	593	160	591	163	200	9	194	8	194	9	197	11	210	16	176	2	169	1	172	149	574	147	571	146	406	74	405	144
82	412	77	411	78
136	530	120	531	141	515	116	508	115	401	72	377	60	367	58	368	62
110	487	134	522	118	465	106	470	133	559	137	538	123	402	72	392	68	389	67	337	51	334	62	371	59	374	104	460	101
62	334	51	336	66	375	60	351	55	352	61	363	57	247	23	241	22
128	551	136	545	125	543	127	395	69	354	55	353	64	359	56	292	36	290	40	274	31	272	34
62	334	51	333	58	341	53	304	41	284	33	271	31	272	34
78	413	79	311	44	310	53	341	58	368	62
147	568	145	225	17	179	3	178	16
130	495	112	494	121	534	131	557	132	558	142	339	52	338	62
132	558	142	339	52	338	62	371	59	374	104	460	101
61	363	57	247	23	245	25	249	24	252	161	597	166	439	88	421	83
165	598	162	298	38	295	37
141	357	55	353	64	359	56	251	24	204	10	195	8	194	9	187	6
62	334	51	336	66	375	60	351	55	352	61	363	57	247	23	241	22	214	12	198	9	182	5	175	2
62	338	52	330	50	332	71	397	72	401	115	393	69	394	120	527	125
101	460	104	384	63	335	51	337	67	331	50	332	71	397	72	401	115	393	69	394	120	527	125
106	468	124	512	116	508	115	356	55	346	54	350	70	293	36	259	28	258	31	272	34
62	334	51	336	66	375	60	351	55
65	343	53	344	93	442	95
148	322	46	320	48	323	47	326	98	449	96	451	100	458	111	479	109	478	110	487	134	522	118
22	242	24	251	56	360	70	350	54	340	53	344	93	444	105	461	101
16	210	11	197	9	194	8	194	9	200	163	423	83	422	90	437	88	438	92
139	483	109	484	140	525	119	516	117	239	21	232	20	213	12	212	14	218	16
121	532	122	467	106	466	120	394	69	354	55	355	70	293	36
55	355	70	293	36	281	33
136	554	129	521	118	465	106	467	122	535	131	557	132
118	521	129	554	136	561	140	525	119	516	117	239	21	232	20	213	12	198	9	194	8
61	363	57	247	23	244	24	252	161	586	159	587	162
62	338	52	330	50	332	71	398	114	498	113	501	131	534	121	474	107	477	134	560	139
157	579	151	577	152	580	155	584	158
125	517	117	516	119	524	138
92	436	87	435	91	440	89
101	460	104	384	63	335	51	337	67	331	50	332	71	397	72	401	115	510	141
148	569	145	225	17	179	3	178	16	219	15	220	19	229	20	232	21	239	117	518	127	549	141
17	225	145	569	148	322	46	320	48	327	49	328	73	404	144
144	404	73	328	49	327	48	323	47	325	97	234	20	233	22
62	338	52	330	50	332	71	398	114	498	113	501	131	534	121	533	130	495	112	497	135	488	110	478	109	479	111	456	99
78	411	77	308	42	302	41	306	70	385	64	364	57	366	117	519	136
2	176	16	219	15	220	19	229	20	232	21	239	117	516	119	516	117	519	136
144	404	73	328	49	327	48	320	46	322	148	322	46	320	48	323	47	326	98	449	96	451	100	458	111	479	109	478	110	487	134	522	118
20	232	21	239	117	517	125	527	120	531	141	515	116	508	115	401	72	377	60	367	58	368	62
62	338	52	339	142	558	132	557	131	534	121	474	107	477	134	487	110
8	194	9	187	6
33	285	42	302	41	304	53	341	58	333	51	337	67	331	50	330	52	339	142	558	132
119	516	117	518	127	395	69	354	55	353	64	385	70	306	41	303	44
136	530	120	394	69	354	55	346	54	340	53	344	93	442	95
34	287	37	295	38	298	162	599	166	594	160	591	163	200	9	197	11
125	517	117	239	21	232	20	213	12	212	14	209	11
99	453	97	325	47	323	48
140	520	117	518	127	395	69	354	55	353	64	359	56	292	36	281	33
118	521	129	554	136	561	140	562	138	457	99	453	97	316	45	313	46
121	532	122	467	106	466	120	394	69
34	287	37	295	38	298	162	599	166	594	160	591	163	200	9	194	8	194	9	197	11	183	5	175	2
2	175	5	185	27	199	9	187	6	186	7	193	163
144	404	73	328	49	327	48	320	46	322	148	322	46	320	48	320	46	313	45	316	97	234	20
139	483	109	482	136	545	125	517	117	248	23	244	24	252	161	597	166	439	88	438	92	436	87	435	91	440	89	441	150	576	156	582	153	583	157
118	465	106	468	124	512	116	508	115	356	55	346	54	349	65	305	41	303	44
109	482	136	519	117	366	57	364	64	359	56	292	36	290	40	274	31	272	34
62	338	52	330	50	332	71	391	68	392	72	402	123	538	137	559	133	470	106	465	118	523	139	489	110	478	109	479	111	456	99	453	97	316	45	313	46
42	302	41	306	70	360	56	362	161	595	164	255	25	243	22	233	20	235	99
34	287	37	295	38	298	162	587	159	586	161	362	56	358	57
61	363	57	358	56	361	159	588	165
34	287	37	295	38	298	162	599	166	594	160	591	163	200	9	194	8	194	9	197	11	183	5	175	2
110	487	134	522	118	465	106	468	124	542	141
118	465	106	468	124	512	116	508	115	356	55	346	54	349	65	305	41	302	42	308	77	411	78
8	195	10	206	164	206	10	203	22	241	23	248	117	517	125	527	120	531	141	515	116	514	137	503	113	498	114	507	142
78	411	77	308	42	302	41	306	70	355	55	352	61
101	460	104	463	105	444	93	344	53	304	41	284	33	275	32
101	373	59	371	62	368	58	347	54	346	55
34	272	31	271	33	284	41	303	44	312	94
16	219	15	220	19	229	20	232	21	239	117	516	119	525	140	546	125	544	129	521	118
53	340	54	346	55	352	61	363	57	247	23	241	22
16	219	15	220	19	229	20	232	21	239	117	516	119	525	140	561	136	554	129	521	118
144	405	74	406	146	571	147	574	149	172	1	169	2	175	5	182	9	187	6
78	411	77	308	42	302	41	306	70	385	64	364	57	366	117	519	136
149	172	1	170	3	178	16	219	15	220	19	229	20	232	21	239	117	516	119	525	140	553	128	481	109	478	110
2	175	5	183	11	207	12	214	22	241	23	247	57	363	61	352	55	351	60	376	68	389	67	337	51	334	62
22	236	21	239	117	517	125	527	120	531	141	515	116	514	137	503	113	502	132
141	357	55	346	54	349	65	305	41	302	42	308	77	411	78	411	77	412	82
82	412	77	301	39	282	33
92	436	87	435	91	440	89	424	84	424	89	440	91	435	87
25	243	22	233	20	229	19	230	45	313	46
118	465	106	467	122	535	131	557	132	558	142	339	52	338	62
33	281	36	293	70	350	54	348	60	377	72	399	113
118	521	129	554	136	545	125	517	117	248	23	245	25
138	562	140	561	136	545	125	543	127	395	69	379	61	378	64	385	70	306	41	302	42	308	77	411	78
57	365	69	394	120	466	106	464	107	474	121
78	411	77	308	42	302	41	306	70	385	64	378	61	379	69	395	127	543	125	545	136	551	128	481	109	478	110
33	282	39	301	77	411	78
92	438	88	437	90	422	83
29	262	35	286	34	276	32	275	33	284	41	303	44
62	371	59	374	104	460	101
121	534	131	557	132	558	142	339	52	338	62
97	231	19	222	16	210	11	197	9	200	163
78	411	77	301	39	278	32	276	34	287	37	295	38	298	162	587	159	586	161	595	164	255	25	243	22	233	20
62	334	51	336	66	375	60	351	55	352	61	363	57	247	23	241	22	214	12	207	11	210	16
22	203	10	195	8
144	404	73	328	49	327	48	320	46	322	148	322	46	320	48	320	46	313	45	316	97	453	99	457	138	562	140	484	109	483	139
16	210	11	197	9	194	8	195	10	204	24	244	23	247	57	364	64	385	70	350	54	340	53	344	93	444	105	461	101
101	460	104	384	63	342	53	343	65	386	70	360	56	362	161	595	164	206	10	195	8	194	9	197	11	210	16	221	17	225	145	569	148
34	276	32	275	33	284	41	304	53	342	63	384	104
132	502	113	503	137	541	124
118	465	106	470	133	559	137	538	123	402	72	377	60	367	58	368	62
132	502	113	503	137	514	116	515	141	531	120	527	125	517	117	239	21	232	20	213	12	212	14	209	11
147	574	149	172	1	169	2	175	5	182	9	187	6
132	558	142	339	52	330	50	331	67	337	51	333	58	341	53	310	44	307	42	299	39	278	32	276	34
33	271	31	258	28	259	36	294	159	586	161	595	164	253	24	242	22	214	12	198	9	182	5	175	2
78	413	79	417	94	445	95	447	105	461	101
131	501	113	503	137	514	116	515	141	531	120	527	125	517	117	239	21	232	20	213	12	212	14	218	16
20	234	97
97	234	20	232	21	237	23	247	57	363	61
118	465	106	468	124	512	116	508	115	356	55	346	54	349	65	305	41	302	42	308	77	411	78
16	210	11	197	9	194	8	194	9	200	163	423	83	422	90	437	88	438	92
78	411	77	412	82
46	313	45	316	97	453	99	456	111	479	109	478	110
34	272	31	274	40	290	36	292	56	359	64	378	61	379	69	395	127	543	125	545	136	551	128	552	139
16	219	15	220	19	229	20	232	21	239	117	517	125	527	120	531	141	515	116	514	137	503	113	502	132
92	438	88	437	90	422	83	190	7	186	6	187	9	199	27	181	4	174	2
118	465	106	470	133	559	137	538	123	402	72	377	60	367	58	368	62
132	502	113	503	137	514	116	515	141	531	120	527	125	517	117	239	21
165	596	161	362	56	359	64	353	55	354	69	396	141	542	124	468	106	465	118
34	272	31	274	40	290	36	292	56	359	64	378	61	379	69	395	127	543	125	545	136	551	128	552	139
66	375	60	351	55	354	69	394	120	530	136
165	603	166	439	88	438	92	436	87	435	91	440	89	441	150	576	156	582	153	583	157
95	442	93	344	53	340	54	346	55	352	61	363	57	247	23	241	22
141	549	127	518	117	239	21	232	20	213	12	212	14	218	16	221	17	225	145	569	148
29	262	35	286	34
136	530	120	394	69	354	55	351	60	376	68
8	194	9	197	11	210	16	221	17	223	18	227	45	313	46
16	219	15	220	19	229	20	232	21	239	117	516	119	525	140	553	128	481	109	478	110
99	457	138	492	111	479	109
92	436	87	435	91	440	89
43	309	82	412	77	411	78	413	79	417	94	445	95
46	313	45	227	18	226	19	222	16	210	11	197	9	194	8	195	10	206	164	601	165	598	162	587	159	294	36	259	28	258	31	271	33
158	584	155	580	152	577	151	578	153	581	154	429	85	428	91	435	87	436	92	438	88	439	166	603	165	601	164	206	10	203	22
144	404	73	328	49	327	48	323	47	324	96	450	99
131	557	132	558	142	339	52	330	50	331	67	337	51	333	58	341	53
62	334	51	336	66	375	60	351	55	352	61	363	57	247	23	241	22	214	12	207	11
34	272	31	274	40	290	36	292	56	359	64	378	61	379	69	395	127	543	125	545	136	551	128	552	139
16	210	11	197	9	200	163	600	166
33	281	36	293	70	350	54	346	55	356	115	508	116	512	124	468	106	465	118
34	287	37	295	38	298	162	599	166	594	160	591	163	200	9	194	8	194	9	197	11	210	16	176	2	169	1	172	149	574	147	571	146	565	144
118	521	129	554	136	561	140	525	119	516	117	239	21	232	20	213	12	212	14	218	16
62	371	59	374	104	463	105	447	95	445	94	417	79	413	78
144	404	73	328	49	327	48	320	46	322	148	322	46	320	48	323	47	326	98	449	96	451	100	458	111	479	109	478	110	487	134	522	118
33	275	32	276	34	287	37	295	38	298	162	587	159	586	161	595	164	206	10	203	22
165	593	160	591	163	193	7	186	6
92	432	86	426	85	426	86	268	30	266	35	262	29
144	405	74	406	146	571	147	574	149	172	1	170	3	173	2	175	5	182	9	196	10	204	24	244	23	247	57	364	64	385	70	350	54	348	60	367	58	333	51	334	62
34	287	37	295	38	298	162	599	166	594	160	591	163
136	519	117	518	127	395	69	354	55	353	64	359	56	292	36	281	33
34	272	31	274	40	290	36	293	70	350	54	348	60	377	72	399	113	502	132
164	206	10	202	12	213	20	235	99	456	111	491	135	497	112	494	121
99	457	138	562	140	561	136	545	125	527	120	531	141
144	404	73	328	49	327	48	323	47	324	96
33	285	42	302	41	304	53	341	58	368	62
144	404	73	328	49	327	48	320	46	322	148	322	46	320	48	320	46	313	45	316	97	453	99	457	138	562	140	546	125
134	471	106	468	124	512	116	508	115	356	55	346	54	340	53	310	44
16	176	2	169	1	172	149	574	147	571	146	565	144
62	338	52	330	50	332	71	391	68	392	72	402	123	538	137	559	133	470	106	465	118	521	129	554	136
144	404	73	328	49	327	48	320	46	322	148	322	46	320	48	320	46	313	45	316	97	453	99	457	138	524	119
33	281	36	292	56	358	57	366	117	517	125
62	338	52	330	50	332	71	398	114	498	113	501	131	534	121	533	130	495	112	497	135	488	110	478	109	479	111	456	99	453	97
110	478	109	479	111	456	99	453	97	316	45	313	46	322	148
16	216	13	211	12	214	22	241	23	247	57	363	61	352	55	346	54	340	53	344	93	444	105	461	101
6	187	9	182	5	175	2	169	1	167	0	168	143	408	75
139	523	118	465	106	468	124	512	116	508	115	356	55	346	54	349	65	305	41	303	44	311	79	413	78
109	481	128	551	136	545	125	517	117	248	23	244	24	252	161	597	166	439	88	438	92
136	530	120	531	141	515	116	508	115	356	55	346	54	347	58	368	62
101	373	59	371	62
92	438	88	437	90	422	83
78	411	77	301	39	278	32	276	34	287	37	295	38	298	162	587	159	586	161	595	164	206	10	203	22
132	558	142	339	52	330	50	331	67	337	51	333	58	341	53	304	41
132	502	113	503	137	514	116	515	141	531	120	527	125	517	117	248	23	244	24	249	25	255	164	601	165
16	219	15	220	19	229	20	232	21	239	117	516	119	525	140	484	109
44	303	41	305	65	349	54	346	55	356	115	508	116	512	124	468	106	464	107	477	134	487	110
20	232	21	237	23	246	26	256	56	359	64	385	70	350	54	340	53	344	93	442	95
16	210	11	197	9	194	8	194	9	189	7
62	334	51	333	58	341	53	304	41	302	42	299	39	278	32	276	34
136	561	140	562	138	457	99	453	97	316	45	313	46	320	48	320	46	322	148	322	46	320	48	327	49	329	76	403	73	404	144	405	74
132	557	131	534	121	533	130	495	112	497	135	488	110	478	109	479	111	456	99	453	97	316	45	313	46	322	148
16	210	11	197	9	194	8	195	10	206	164	601	165	598	162	298	38	288	34	276	32	278	39	300	43	309	82
16	219	15	220	19	229	20	232	21	239	117	517	125	527	120	531	141	515	116	514	137	503	113	502	132
118	523	139	489	110	478	109	479	111	456	99
101	373	59	371	62
165	593	160	591	163	200	9	194	8	194	9	197	11	210	16
36	294	159	586	161	595	164	206	10	195	8
33	271	31	258	28	259	36	294	159	589	166	439	88	421	83
144	405	74	406	146	571	147	574	149	172	1	170	3	178	16
139	523	118	465	106	467	122	535	131	557	132	558	142	339	52	338	62
134	471	106	466	120	394	69	354	55	353	64
136	530	120	531	141	515	116	508	115	401	72	392	68	389	67	337	51	334	62
165	603	166	439	88	438	92	432	86	426	85	426	86	268	30	266	35	262	29
2	175	5	183	11	207	12	214	22	241	23	247	57	363	61	352	55	351	60	376	68	389	67	337	51	334	62
110	487	134	522	118	465	106	470	133	559	137	538	123	402	72	377	60	367	58	368	62
16	210	11	197	9	194	8	194	9	200	163	591	160	594	166	599	162	587	159	294	36	259	28	261	40	283	33	282	39	299	42	308	77	411	78
158	584	155	580	152	577	151	578	153	581	154	429	85	428	91	435	87	436	92	432	86	268	30	265	34
118	521	129	554	136	561	140	525	119	516	117	239	21	232	20	213	12	212	14	218	16	176	2	169	1	167	0	167	1	169	2	175	5	182	9	187	6
99	450	96	315	45	313	46	322	148	566	144
22	241	23	247	57	363	61	352	55	351	60	367	58	368	62
80	414	79	413	78	411	77	301	39	282	33
8	194	9	189	7	190	83
2	169	1	167	0	168	143	408	75	407	76	410	144	405	74
118	523	139	489	110	478	109	479	111	456	99	453	97	316	45	313	46	320	48	320	46	322	148	322	46	320	48	327	49	328	73	404	144
2	175	5	182	9	194	8	194	9	200	163	591	160	594	166	599	162	587	159	294	36	281	33
7	189	9	199	27	181	4	174	2	176	16
16	176	2	169	1	172	149	574	147	571	146	406	74	405	144
147	564	143
64	353	55	346	54	346	55	351	60	367	58	368	62
140	561	136	545	125	543	127	395	69	354	55
82	309	43	300	39	278	32	276	34	265	30	268	86	432	92
155	580	152	577	151	579	157
78	413	79	311	44	310	53	341	58	368	62
157	583	153	582	156	576	150	441	89	440	91	435	87	436	92	432	86	268	30	265	34	276	32	278	39	299	42	307	44	312	94	345	53	344	93	383	63	382	62
80	414	79	413	78	411	77	301	39	282	33
139	523	118	465	106	467	122	535	131	557	132	558	142	339	52	338	62
77	411	78
92	432	86	268	30	265	34	276	32	278	39	301	77	411	78
34	272	31	258	28
26	256	56	359	64	353	55	351	60	367	58	368	62
62	338	52	339	142	558	132
101	460	104	384	63	342	53	340	54	346	55
29	262	35	277	32	270	31	271	33
142	507	114	400	72	401	115	380	61
46	313	45	316	97	453	99	456	111	479	109	478	110	487	134	522	118
53	340	54	346	55	357	141
110	478	109	479	111	456	99	453	97	316	45	313	46	322	148
110	485	112	495	130	533	121	534	131
62	334	51	336	66	375	60	351	55	352	61	363	57	247	23	241	22	214	12	198	9	182	5	175	2
125	527	120	526	124	541	137	538	123	402	72	392	68	389	67	337	51	334	62	371	59	374	104	460	101
34	276	32	278	39	299	42	307	44	312	94	345	53	344	93	383	63	382	62
33	281	36	292	56	359	64	378	61	379	69	395	127	543	125	545	136	551	128	481	109	478	110
4	174	2	176	16	219	15	220	19	229	20	232	21	239	117	516	119	525	140	553	128	481	109	478	110
62	338	52	330	50	332	71	391	68	392	72	401	115	508	116	515	141	531	120	527	125	517	117	239	21	232	20	229	19
92	438	88	437	90	422	83	190	7	186	6	187	9	199	27	181	4	174	2	176	16
165	596	161	257	26	246	23	248	117	517	125	545	136	551	128	481	109	478	110
62	338	52	330	50	332	71	398	114	498	113	499	122	475	107	472	112	495	130
16	210	11	197	9	194	8	194	9	200	163	591	160	594	166	599	162	587	159	294	36	259	28	261	40	283	33	284	41	303	44
101	460	104	384	63	342	53	340	54	346	55	352	61
34	272	31	258	28	259	36	292	56	358	57	366	117	519	136
110	485	112	495	130	556	131	557	132	558	142	339	52	338	62
55	352	61	363	57	247	23	241	22	214	12	207	11	210	16
164	206	10	196	9	182	5	175	2
139	483	109	482	136	545	125	517	117	248	23	244	24	252	161	597	166	439	88	438	92	436	87	435	91	440	89	441	150	576	156	582	153	583	157
61	379	69	394	120	466	106	464	107	477	134
8	195	10	206	164	253	24	244	23	247	57	363	61	381	141
80	414	79	413	78	411	77	301	39	278	32	276	34	265	30	268	86	432	92
82	412	77	411	78	413	79	417	94	345	53	344	93	383	63	382	62
62	338	52	330	50	332	71	397	72	402	123	538	137	559	133	470	106	465	118
144	404	73	328	49	327	48	320	46	322	148	322	46	320	48	323	47	326	98	449	96	451	100	458	111	479	109	478	110
165	593	160	591	163
36	293	70	350	54	347	58	333	51	334	62
82	309	43	280	32	276	34
76	329	49	327	48	323	47	324	96	450	99
125	527	120	394	69	393	115	509	123	402	72	377	60	367	58	368	62
157	579	151	577	152
157	583	153	582	156	576	150	441	89	440	91	435	87	436	92	438	88	437	90	422	83	423	163	200	9	198	12	213	20
132	502	113	499	122	467	106	465	118	521	129	554	136
83	421	88	439	166	599	162	587	159	294	36	259	28	261	40	283	33	285	42	302	41	304	53	342	63	382	62
139	523	118	465	106	467	122	535	131	557	132	558	142	339	52	338	62
83	421	88	439	166	597	161	252	24	250	26	246	23	248	117	517	125	545	136	551	128	552	139
78	413	79	415	81
78	411	77	301	39	282	33	281	36	292	56	358	57	366	117	519	136
157	579	151	579	157	585	156	576	150	441	89	424	84	425	90	437	88	438	92	438	88	439	166	603	165	601	164	206	10	203	22
83	422	90	437	88	438	92	432	86	268	30	265	34	276	32	278	39	301	77	411	78
34	287	37	295	38	298	162	599	166	594	160	591	163	200	9	194	8	194	9	197	11	210	16	221	17	223	18	227	45	313	46
34	272	31	274	40	290	36	293	70	350	54	346	55	356	115	508	116	512	124	468	106	465	118
34	272	31	274	40	290	36	293	70	355	55	357	141
62	338	52	330	50	332	71	398	114	498	113	501	131	534	121	474	107	477	134
104	460	101
151	579	157
134	477	107	464	106	470	133	559	137	538	123	402	72	377	60	367	58	368	62
34	287	37	295	38	298	162	599	166	594	160	591	163	200	9	194	8
55	353	64	359	56	361	159	588	165
33	275	32	276	34	265	30	268	86	432	92
132	502	113	503	137	514	116	515	141	531	120	527	125	517	117	239	21	232	20	213	12	212	14	218	16
36	292	56	358	57	363	61
99	456	111	479	109	478	110	488	135	497	112	495	130	533	121	534	131	557	132	558	142	339	52	338	62	371	59	374	104	460	101
83	423	163	200	9	194	8	195	10	202	12	213	20	235	99
74	406	146	571	147	574	149	172	1	170	3	173	2
157	585	156	576	150	441	89	440	91	435	87	436	92	438	88	439	166	597	161	362	56	359	64	378	61	379	69	396	141	542	124	468	106	465	118
92	432	86	268	30	265	34
80	414	79	413	78
33	284	41	303	44	312	94	445	95	446	101	459	102	459	101
92	438	88	437	90	437	88	438	92	438	88	439	166	597	161	595	164	206	10	203	22
33	281	36	292	56	358	57	366	117	519	136
11	183	5	180	4
131	534	121	533	130	495	112	497	135	488	110	478	109	479	111	456	99
119	516	117	517	125	527	120	531	141	515	116	508	115	356	55	346	54	347	58	368	62
62	371	59	374	104	463	105	447	95	445	94	417	79	413	78
2	175	5	182	9	194	8	194	9	200	163	591	160	594	166	599	162	587	159	294	36	281	33
132	557	131	534	121	474	107	477	134	560	139	483	109
101	373	59	371	62	368	58	347	54	346	55	352	61
55	352	61	363	57	247	23	241	22	214	12	207	11	210	16
20	233	22	243	25	255	164	595	161	596	165	598	162	433	86	432	92
20	232	21	237	23	247	57	363	61	352	55	346	54	349	65
29	262	35	286	34
99	235	20	229	19	222	16	210	11	197	9	187	6
99	450	96	315	45	313	46	322	148
138	240	21	232	20	213	12	212	14	218	16
38	267	30	267	38	298	162	587	159	586	161	257	26	250	24	244	23	248	117	517	125	545	136	551	128	481	109	478	110
62	371	59	374	104	463	105	447	95	445	94	417	79	413	78	411	77	412	82
132	502	113	503	137	514	116	508	115	380	61	363	57	247	23	241	22
131	501	113	399	72	377	60	351	55
118	465	106	467	122	535	131	557	132	558	142	339	52	338	62
110	487	134	522	118	465	106	470	133	559	137	538	123	402	72	377	60	367	58	368	62
83	421	88	439	166	603	165	603	166	597	161	257	26	246	23	248	117	519	136	551	128
81	420	82	420	81	415	79	413	78	413	79	417	94	345	53	344	93	383	63	382	62	338	52	339	142
62	334	51	336	66	375	60	351	55	352	61	363	57	247	23	241	22	214	12	198	9	182	5	175	2
121	532	122	467	106	466	120	394	69	365	57	247	23	241	22
62	338	52	330	50	332	71	397	72	399	113	499	122	467	106	469	129	550	128
144	405	74	406	146	571	147	574	149	172	1	170	3	173	2	175	5	182	9	196	10	205	25	254	26	250	24	244	23	247	57	364	64	385	70	350	54	340	53	344	93	444	105	461	101
118	521	129	554	136	545	125	517	117	248	23	245	25	255	164	601	165
92	438	88	439	166	597	161	362	56	359	64	353	55
78	411	77	301	39	278	32	270	31	273	37	295	38	298	162	598	165	593	160	591	163	188	6
136	519	117	239	21	236	22	203	10	195	8	194	9	187	6
95	442	93	344	53	340	54	346	55	354	69	394	120	530	136
22	241	23	247	57	363	61	352	55	346	54	340	53	344	93	444	105	461	101
33	283	40	261	28	259	36	294	159	588	165	593	160
92	438	88	437	90	422	83	190	7	186	6	187	9	199	27	181	4	174	2	176	16
62	334	51	336	66	375	60	351	55	352	61	363	57	247	23	241	22	214	12	207	11	210	16
16	219	15	220	19	229	20	235	99	456	111	491	135	497	112	494	121	534	131
101	373	59	371	62	338	52	330	50	332	71	397	72	401	115	393	69	394	120	527	125
36	293	70	355	55
2	175	5	185	27	199	9	187	6	186	7	190	83
136	554	129	521	118	465	106	467	122	535	131	557	132	558	142	339	52	338	62
110	478	109	482	136	545	125	543	127	395	69	354	55
16	221	17	225	145	569	148	322	46	320	48	327	49	328	73	404	144
2	177	17	223	18	226	19	229	20	235	99
148	322	46	313	45	315	96	450	99
20	213	12	202	10	206	164	595	161	586	159	587	162	298	38	288	34
101	460	104	384	63	335	51	337	67	331	50	332	71	397	72	401	115	510	141
109	482	136	545	125	517	117	248	23	245	25	255	164	601	165
144	410	76	407	75
109	481	128	550	129	521	118	465	106	467	122	535	131	557	132	558	142	339	52	338	62
143	563	146	572	148
165	588	159	361	56	358	57	366	117	519	136	482	109
134	560	139	489	110	478	109	479	111	456	99	453	97	316	45	313	46	320	48	320	46	322	148	322	46	320	48	327	49	328	73	404	144
20	233	22	243	25	255	164	595	161	586	159	587	162	587	159	294	36	259	28	261	40	283	33	284	41	303	44
64	359	56	292	36	259	28	258	31	272	34
110	478	109	482	136	545	125	543	127	395	69	379	61	378	64	359	56	292	36	259	28	258	31	272	34
3	173	2	175	5	185	27	199	9	187	6	186	7	193	163	591	160	593	165
6	187	9	182	5	175	2	169	1	167	0	168	143	408	75	407	76	410	144	405	74
16	210	11	197	9	194	8	194	9	200	163	591	160	594	166	599	162	587	159	294	36	259	28	261	40	283	33	282	39	299	42	308	77	411	78
147	564	143	408	75
82	412	77	411	78
36	292	56	362	161	595	164	255	25	243	22	233	20
95	445	94	312	44	307	42
62	334	51	333	58	341	53	304	41	284	33
128	550	129	529	120	528	127	395	69	354	55	346	54	340	53	344	93	442	95
82	309	43	300	39	278	32	276	34	265	30	268	86	432	92
132	558	142	339	52	338	62	371	59	373	101
62	338	52	339	142	558	132	557	131	535	122	467	106	465	118	521	129	550	128	481	109
16	210	11	207	12	214	22	241	23	247	57	363	61	352	55	351	60	376	68	376	60	367	58	368	62
132	557	131	534	121	533	130	495	112	497	135	488	110	478	109	479	111	456	99	453	97	316	45	313	46	322	148
6	188	163	591	160	593	165	598	162	587	159	294	36	259	28	261	40	283	33	284	41	303	44
144	404	73	328	49	327	48	320	46	322	148	322	46	320	48	320	46	313	45	316	97	234	20	232	21	237	23	247	57	363	61	352	55
30	265	34	276	32	278	39	301	77	412	82	412	77	411	78	413	79	414	80
92	432	86	268	30	265	34	276	32	278	39	301	77	411	78
34	272	31	271	33	284	41	304	53	344	93	444	105
136	519	117	366	57	364	64	359	56	292	36	281	33
119	516	117	517	125	543	127	395	69	379	61
128	553	140	525	119	516	117	239	21	232	20	213	12	212	14	218	16
118	521	129	544	125	546	140	525	119	516	117	239	21	232	20	213	12	212	14	209	11
42	302	41	305	65	349	54	346	55	356	115	508	116	512	124	468	106	464	107	477	134
139	483	109	484	140	525	119	516	117	239	21	232	20	213	12	212	14	218	16	176	2
82	264	29
78	411	77	308	42	302	41	306	70	385	64	353	55	354	69	394	120	530	136
73	403	76	410	144	410	76	329	49	327	48	320	46	322	148	569	145	225	17	179	3	178	16
55	355	70	293	36	281	33
2	176	16	219	15	220	19	229	20	232	21	239	117	516	119	525	140	484	109	481	128	552	139	560	134
20	233	22	243	25	254	26	256	56	359	64	385	70	306	41	304	53
121	534	131	557	132	558	142	339	52	338	62
11	197	9	189	7	190	83
157	585	156	576	150	441	89	424	84	425	90	437	88	438	92	438	88	439	166	597	161	362	56	359	64	378	61	379	69	396	141	542	124	468	106	465	118
62	334	51	336	66	375	60	351	55	352	61	363	57	247	23	241	22	214	12	211	13	208	11	210	16	221	17	225	145	569	148
110	485	112	495	130	533	121	534	131
125	527	120	394	69	393	115	509	123	402	72	377	60	367	58	368	62
154	581	153	578	151	577	152	580	155	584	158
62	338	52	330	50	332	71	398	114	498	113	499	122	532	121
118	523	139	489	110	478	109	479	111	456	99	450	96	315	45	313	46
139	523	118	465	106	467	122	535	131	557	132	558	142	339	52	338	62	368	58	341	53	304	41	291	36	294	159	589	166	439	88	437	90	425	84	191	7	189	9	196	10	204	24	251	56	360	70	350	54	347	58	368	62
34	287	37	295	38	298	162	599	166	594	160	591	163	200	9	194	8	194	9	197	11	210	16	176	2	169	1	172	149	570	145	567	146	565	144
34	276	32	278	39	299	42	307	44	312	94	345	53	344	93	383	63	382	62
165	588	159	294	36	259	28	261	40	283	33	284	41
22	243	25	249	24	252	161	586	159	587	162	587	159	294	36	259	28	261	40	283	33	282	39	299	42	308	77	411	78
62	334	51	333	58	341	53	310	44	307	42	299	39	278	32	276	34
61	363	57	247	23	241	22	214	12	207	11	210	16
62	334	51	336	66	375	60	351	55	353	64	359	56	251	24	204	10	195	8
11	210	16	221	17	223	18	227	45	313	46
55	353	64	359	56	251	24	204	10	195	8
11	197	9	194	8	195	10	206	164	601	165	598	162	298	38	267	30
56	359	64	353	55
6	187	9	182	5	175	2	169	1	172	149
141	357	55	351	60	376	68	389	67	337	51	334	62	371	59	374	104
62	338	52	339	142	558	132
46	313	45	227	18	226	19	222	16
92	436	87	435	91
121	532	122	537	137	514	116	508	115	356	55	346	54	350	70	293	36
82	420	81	418	80
2	175	5	185	27	199	9	187	6	186	7	190	83	422	90	437	88	438	92
74	405	144	410	76	407	75	408	143	564	147
97	234	20	213	12	202	10	206	164	595	161	586	159	587	162	587	159	294	36	259	28	261	40	283	33	282	39	299	42	308	77	411	78
110	478	109	484	140	525	119	516	117	239	21	232	20	213	12	212	14	218	16
30	265	34	272	31	258	28	259	36	292	56	359	64	353	55	354	69	395	127	543	125	545	136	551	128	552	139
131	534	121	533	130	495	112	497	135	488	110	478	109	479	111	456	99
101	373	59	371	62
62	334	51	336	66	375	60	351	55	352	61
2	175	5	182	9	196	10	205	25	245	23	247	57	363	61
121	532	122	467	106	466	120	531	141	396	69	379	61	378	64	359	56	292	36	290	40	274	31	272	34
12	213	20	235	99	456	111	491	135	497	112	494	121
148	569	145	225	17	179	3	173	2	175	5	182	9	196	10	204	24	244	23	247	57	364	64	385	70	350	54	347	58	333	51	334	62
55	346	54	340	53	344	93	442	95
34	276	32	278	39	299	42	307	44	310	53	341	58	333	51	337	67	331	50	330	52	339	142	558	132
144	404	73	328	49	327	48	323	47	324	96
8	194	9	197	11	210	16	221	17	223	18	226	19	231	97
101	460	104
83	190	7	186	6	187	9	182	5	175	2	169	1	167	0	168	143	408	75
134	560	139	483	109	484	140	525	119	516	117	239	21	232	20	213	12	212	14	218	16	176	2
112	472	107	464	106	466	120	527	125	517	117
62	338	52	330	50	332	71	397	72	402	123	538	137	559	133	470	106	464	107	477	134	487	110
33	271	31	258	28	259	36	294	159	586	161	595	164	206	10	203	22
142	507	114	498	113	499	122	467	106	465	118
61	363	57	247	23	241	22	203	10	195	8
97	234	20	233	22	243	25	255	164	595	161	586	159	587	162	298	38	288	34
165	588	159	361	56	359	64	353	55	354	69	396	141	515	116	511	123	500	113	501	131
2	177	17	223	18	227	45	313	46
132	502	113	503	137	514	116	515	141	531	120	527	125	517	117	239	21	236	22
118	465	106	467	122	537	137	538	123	402	72	392	68	389	67	337	51	334	62	371	59	374	104	460	101
134	477	107	474	121	534	131	557	132	558	142	339	52	338	62
52	338	62	371	59	374	104	443	93	442	95
61	378	64	359	56	292	36	259	28	258	31	272	34
104	374	59	371	62	338	52	330	50	332	71	391	68	392	72	401	115	508	116	515	141	531	120	527	125	517	117	239	21	232	20
34	272	31	271	33	284	41	303	44	312	94	445	95
20	233	22	242	24	251	56	360	70
49	328	73	404	144
117	248	23	245	25	249	24	252	161	586	159	587	162	587	159	294	36	281	33
62	338	52	330	50	332	71	397	72	401	115	508	116	515	141	531	120	530	136
99	450	96	315	45	313	46
139	483	109	484	140	525	119	516	117	239	21	232	20	213	12	212	14	218	16	176	2
165	598	162	587	159	294	36	259	28	261	40	283	33	284	41	303	44	312	94	445	95	447	105	461	101
92	438	88	437	90	422	83	190	7	186	6	187	9	199	27	181	4	174	2	176	16
34	276	32	278	39	299	42	307	44	312	94	345	53	344	93	383	63	382	62
44	311	79	413	78
62	338	52	330	50	332	71	398	114	498	113	499	122	532	121
16	216	13	211	12	202	10	204	24	251	56	360	70
101	373	59	371	62	368	58	347	54	346	55	352	61
62	338	52	330	50	332	71	398	114	498	113	501	131	534	121	474	107	477	134
78	411	77	412	82	264	29
55	352	61	363	57	247	23	237	21	232	20	234	97
139	483	109	484	140	525	119	516	117	239	21	232	20	213	12	212	14	218	16
95	442	93	344	53	304	41	284	33	283	40	261	28	259	36	294	159	589	166	439	88	421	83
125	543	127	395	69	354	55	353	64	359	56	292	36	259	28	258	31	273	37	295	38	267	30
78	413	79	417	94	445	95	447	105	461	101
34	287	37	295	38	298	162	599	166	594	160	591	163	200	9	194	8	194	9	197	11	183	5	175	2
83	190	7	189	9	194	8
132	502	113	499	122	467	106	465	118	521	129	554	136
62	371	59	374	104	460	101
139	483	109	482	136	545	125	517	117	248	23	244	24	252	161	597	166	439	88	438	92
62	338	52	330	50	332	71	397	72	401	115	393	69	394	120	530	136
141	549	127	518	117	239	21	232	20	213	12	212	14	218	16	221	17	225	145	569	148
148	569	145	225	17	179	3	178	16	210	11	197	9	194	8
16	210	11	197	9	194	8	194	9	200	163	591	160	594	166	599	162	298	38	288	34	276	32	278	39	300	43	309	82
22	242	24	252	161	586	159	587	162	587	159	294	36	259	28	261	40	283	33	282	39	299	42	308	77	411	78
62	334	51	336	66	375	60	351	55	352	61	363	57	247	23	241	22	214	12	211	13	208	11	210	16	176	2	169	1	172	149	570	145	567	146	565	144
138	562	140	561	136	545	125	527	120	531	141	515	116	508	115	401	72	392	68	376	60	367	58	368	62
62	338	52	330	50	332	71	391	68	392	72	402	123	538	137	559	133	470	106	464	107	477	134	487	110
104	374	59	371	62	338	52	330	50	332	71	398	114	498	113	501	131	534	121	474	107	477	134	487	110
148	569	145	570	149	172	1	170	3	173	2
144	565	146	571	147	574	149	172	1	167	0	167	1	169	2	175	5	182	9	187	6	186	7	190	83
30	265	34	272	31	258	28	259	36	292	56	358	57	366	117	517	125
6	187	9	182	5	175	2	169	1	167	0	168	143	408	75	407	76	410	144	405	74
80	414	79	413	78	411	77	308	42	302	41	306	70	355	55
101	460	104	384	63	382	62	338	52	330	50	332	71	397	72	402	123	538	137	537	122	467	106	465	118
34	276	32	278	39	299	42	307	44	312	94	345	53	344	93	383	63	382	62	338	52
99	450	96	315	45	313	46	320	48	320	46	322	148	322	46	320	48	327	49	328	73	404	144
62	338	52	330	50	332	71	397	72	401	115	393	69	394	120	530	136
144	404	73	328	49	327	48	323	47	324	96	450	99
136	554	129	521	118	465	106	467	122	499	113	502	132
139	523	118	465	106	470	133	559	137	538	123	402	72	392	68	389	67	337	51	334	62	371	59	374	104	460	101
32	275	33	284	41	306	70	385	64	364	57	366	117	517	125
132	558	142	339	52	330	50	331	67	337	51	333	58	341	53	304	41	284	33
121	474	107	477	134	560	139	483	109	484	140	525	119	516	117	239	21	232	20	213	12	212	14	218	16	176	2
52	330	50	332	71	397	72	401	115	393	69	394	120	527	125
157	583	153	582	156	576	150	441	89	440	91	435	87	436	92	438	88	439	166	597	161	252	24	244	23	248	117	516	119
101	460	104	384	63	335	51	337	67	331	50	331	67	389	68
62	371	59	374	104	463	105	447	95	445	94	417	79	413	78
22	243	25	249	24	252	161	586	159	587	162	587	159	294	36	259	28	258	31	271	33	285	42
83	190	7	189	9	194	8
121	532	122	467	106	466	120	527	125	517	117	248	23	244	24	252	161	596	165
118	521	129	544	125	517	117	248	23	245	25	249	24	252	161	597	166	439	88	438	92
34	272	31	258	28	259	36	293	70
164	253	24	244	23	248	117	517	125	545	136	554	129	521	118
124	512	116	508	115	356	55	346	54	340	53	304	41	284	33
78	411	77	412	82	309	43
95	442	93	344	53	340	54	346	55	354	69	394	120	530	136	482	109
36	259	28	261	40	283	33	282	39	301	77	411	78
139	483	109	482	136	545	125	543	127	395	69	354	55	353	64	359	56	292	36	281	33
165	601	164	206	10	195	8	194	9	197	11	210	16
132	557	131	534	121	474	107	477	134	560	139
154	429	85	428	91	435	87	436	92	432	86	268	30	265	34
34	287	37	295	38	298	162	599	166	594	160	591	163	200	9	194	8	194	9	197	11	210	16	176	2	169	1	172	149	574	147	571	146	565	144
92	438	88	439	166	597	161	362	56	360	70
62	334	51	336	66	375	60	351	55	353	64	359	56	251	24	253	164
22	243	25	249	24	252	161	586	159	587	162	587	159	294	36	259	28	261	40	283	33	284	41
136	554	129	521	118	465	106	467	122	535	131	557	132
44	303	41	304	53	341	58	368	62	338	52
62	371	59	374	104	384	63	342	53	310	44	311	79	413	78
22	214	12	211	13	208	11	210	16	221	17	225	145	569	148
55	346	54	349	65	305	41	303	44	307	42	308	77	411	78	411	77	412	82
11	208	13	215	14	217	15	220	19	229	20	232	21	240	138
52	338	62	334	51	333	58	341	53	310	44	307	42	299	39	278	32	276	34
74	405	144	410	76	407	75	408	143	168	0	167	1	170	3	178	16
34	276	32	278	39	300	43	309	82
22	236	21	239	117	519	136
137	514	116	515	141	549	127	518	117	239	21	232	20	213	12	212	14	218	16	176	2
75	407	76	410	144
118	465	106	468	124	512	116	508	115	356	55	346	54	340	53	344	93	442	95
44	303	41	306	70	385	64	353	55	354	69	395	127	543	125	545	136	554	129	521	118
62	334	51	333	58	341	53	343	65	386	70	360	56	361	159	588	165
118	465	106	467	122	537	137	538	123	402	72	377	60	367	58	368	62
132	502	113	499	122	467	106	465	118	521	129	550	128	481	109
109	482	136	519	117	248	23	245	25	255	164	601	165
82	412	77	411	78	413	79	417	94	445	95
20	232	21	237	23	247	57	364	64
34	287	37	295	38	298	162	599	166	594	160	591	163	200	9	194	8
136	530	120	531	141	515	116	508	115	356	55	346	54	347	58	368	62
95	442	93	344	53	340	54	346	55	356	115	508	116	512	124	468	106	465	118
101	460	104	463	105	444	93	344	53	310	44
55	346	54	349	65	305	41	302	42	308	77	411	78	413	79	414	80
144	565	146	571	147	574	149	172	1	170	3	178	16	210	11	208	13	211	12	214	22	241	23	247	57	363	61	352	55	351	60	376	68	389	67	337	51	334	62
68	392	72	401	115	508	116	515	141	549	127	518	117	239	21	232	20	213	12	212	14	218	16	176	2	169	1	172	149	574	147	571	146	406	74	405	144
78	411	77	301	39	278	32	276	34	287	37	295	38	298	162	587	159	586	161	595	164	255	25	243	22	233	20
34	272	31	271	33	284	41	304	53	344	93	444	105
34	276	32	278	39	299	42	307	44	312	94	345	53	344	93	383	63	382	62
16	210	11	197	9	194	8	194	9	200	163	591	160	594	166	599	162	587	159	294	36	259	28	261	40	283	33	282	39	301	77	411	78
165	593	160	591	163
131	501	113	503	137	514	116	515	141	531	120	527	125	517	117	239	21	232	20	213	12	212	14	218	16
99	235	20	233	22	243	25	255	164	595	161	586	159	587	162	587	159	294	36	259	28	261	40	283	33	282	39	301	77	411	78
97	453	99	457	138	562	140	561	136	519	117	366	57	363	61
125	527	120	394	69	393	115	509	123	402	72	377	60	367	58	368	62
101	460	104	463	105	444	93	344	53	343	65	386	70	360	56	362	161	595	164	253	24	242	22	214	12	198	9	182	5	175	2
92	438	88	439	166	597	161	252	24	244	23	248	117	516	119	524	138
55	352	61	363	57	247	23	237	21	232	20
33	281	36	293	70	350	54	346	55	356	115	508	116	512	124	468	106	464	107	472	112	495	130
2	175	5	182	9	194	8	194	9	200	163	591	160	594	166	599	162	587	159	294	36	281	33
34	272	31	274	40	290	36	292	56	359	64	378	61	379	69	395	127	543	125	545	136	551	128	552	139
95	442	93	344	53	340	54	346	55	356	115	508	116	512	124	468	106	465	118
78	411	77	308	42	302	41	306	70	385	64	353	55	354	69	395	127	543	125	545	136	561	140	562	138
16	216	13	211	12	214	22	241	23	247	57	363	61	352	55	351	60	376	68	376	60	367	58	368	62
92	432	86	433	162	598	165
34	286	35	262	29
62	338	52	330	50	332	71	397	72	401	115	508	116	515	141	531	120	530	136
118	521	129	554	136	561	140	525	119	516	117	239	21	232	20	213	12	198	9	194	8
109	479	111	492	138	457	99
33	281	36	292	56	358	57	366	117	519	136	551	128
134	471	106	468	124	512	116	508	115	356	55	346	54	349	65	305	41	284	33
155	580	152	577	151	578	153	582	156	576	150	441	89	440	91	435	87	436	92	438	88	439	166	603	165
36	292	56	362	161	597	166	439	88	421	83
29	264	82
148	569	145	225	17	179	3	178	16	219	15	220	19	229	20	232	21	239	117	518	127	549	141
132	502	113	399	72	401	115	380	61	363	57	247	23	241	22
16	210	11	197	9	194	8	194	9	200	163	591	160	594	166	599	162	298	38	288	34
29	262	35	286	34
22	214	12	211	13	208	11	210	16	221	17	225	145	569	148
81	415	79	413	78
165	601	164	206	10	195	8	194	9	197	11	210	16
144	404	73	328	49	327	48	320	46	322	148	322	46	320	48	323	47	326	98	449	96	451	100	458	111	479	109	478	110
8	195	10	206	164	253	24	244	23	248	117	516	119	516	117	519	136
136	561	140	562	138	457	99	453	97	316	45	313	46	322	148
42	302	41	306	70	355	55	357	141
158	584	155
55	354	69	394	120	466	106	464	107	477	134	487	110
112	485	110	478	109	479	111	456	99	453	97	231	19	222	16
62	338	52	339	142	558	132	557	131	534	121	474	107	477	134
16	221	17	225	145	321	46	320	48	327	49	328	73	404	144
33	271	31	258	28	259	36	294	159	586	161	595	164	255	25	243	22	233	20	235	99
8	195	10	206	164	601	165	598	162	298	38	288	34
33	282	39	301	77	411	78	411	77	412	82
105	444	93	344	53	340	54	346	55	352	61
6	186	7	193	163	591	160	594	166	599	162	587	159	294	36	259	28	261	40	283	33	284	41	303	44
33	275	32	276	34	286	35	262	29
99	456	111	479	109	478	110	489	139	523	118	465	106
16	219	15	220	19	229	20	232	21	239	117	516	119	525	140	561	136
132	502	113	499	122	467	106	465	118
165	588	159	361	56	359	64	353	55	354	69	396	141	542	124	468	106	465	118
118	465	106	468	124	512	116	508	115	356	55	355	70	293	36
55	346	54	349	65	305	41	302	42	308	77	411	78
44	303	41	306	70	360	56	362	161	595	164	253	24	242	22	214	12	198	9	182	5	175	2
53	342	63	372	59	373	101
132	502	113	503	137	514	116	515	141	531	120	527	125	517	117	516	119
61	352	55	351	60	367	58	368	62
62	334	51	333	58	341	53	304	41	284	33	271	31	272	34
78	411	77	308	42	302	41	306	70	385	64	353	55	354	69	395	127	543	125	517	117	516	119
2	169	1	167	0	168	143	408	75
2	175	5	182	9	194	8	194	9	200	163	591	160	594	166	599	162	298	38	288	34
128	553	140	562	138	457	99	453	97	316	45	313	46	320	48	320	46	322	148	322	46	320	48	327	49	328	73	404	144
101	373	59	371	62
155	580	152	577	151
20	232	21	237	23	247	57	363	61	352	55	351	60	376	68	376	60	367	58	368	62
92	432	86	268	30	265	34
44	303	41	306	70	385	64	353	55	354	69	394	120	530	136
16	219	15	220	19	229	20	232	21	239	117	516	119	525	140	484	109
20	232	21	239	117	517	125	527	120	531	141	515	116	508	115	401	72	392	68	389	67	337	51	334	62
16	216	13	211	12	214	22	241	23	247	57	363	61
165	603	166	439	88	438	92	436	87	435	91	440	89	441	150	576	156	582	153	583	157
121	534	131	557	132	558	142	339	52	330	50	331	67	337	51	333	58	341	53
33	275	32	280	43
34	272	31	274	40	290	36	293	70	350	54	348	60	377	72	399	113
147	574	149	172	1	169	2	175	5	182	9	187	6
157	583	153	582	156	576	150	441	89	440	91	435	87	436	92	432	86	268	30
56	292	36	281	33	284	41	303	44
113	399	72	377	60	348	54	340	53	304	41	284	33
110	478	109	479	111	456	99	450	96	315	45	313	46
81	420	82	420	81	415	79	413	78
70	350	54	348	60	377	72	399	113	499	122	532	121
37	260	28	261	40	283	33	285	42	302	41	304	53	341	58	368	62
62	334	51	336	66	375	60	351	55	352	61	363	57	247	23	241	22	214	12	207	11	210	16
34	272	31	274	40	290	36	292	56	358	57	366	117	517	125
157	579	151	577	152	580	155	584	158
44	303	41	306	70	385	64	353	55	354	69	395	127	543	125	545	136	561	140	562	138
85	426	86	432	92	438	88	439	166	597	161	595	164	255	25	243	22
22	243	25	249	24	252	161	586	159	587	162	587	159	294	36	259	28	261	40	283	33	282	39	299	42	308	77	411	78
144	404	73	328	49	327	48	320	46	322	148	322	46	320	48	323	47	326	98	449	96	451	100	458	111	479	109	478	110
109	481	128	550	129	521	118	465	106	467	122	499	113	502	132
125	527	120	394	69	393	115	509	123	402	72	377	60	367	58	368	62
62	334	51	336	66	375	60	351	55	353	64	359	56	251	24	253	164
34	276	32	278	39	300	43	309	82	420	81
11	201	10	206	164	601	165	598	162	298	38	267	30	267	38
2	175	5	182	9	194	8	194	9	200	163	591	160	593	165	598	162	587	159	294	36	259	28	258	31	271	33
46	313	45	316	97	453	99	456	111	479	109	478	110	489	139	523	118	465	106	468	124
34	272	31	274	40	290	36	292	56	358	57	366	117	519	136
118	521	129	554	136	545	125	517	117	248	23	245	25	249	24	252	161	597	166	439	88	438	92	436	87	435	91	440	89	441	150	576	156	582	153	583	157
118	521	129	554	136	561	140	525	119	516	117	239	21	232	20	213	12	212	14	218	16	176	2	169	1	172	149	574	147	564	143	408	75
148	569	145	225	17	179	3	178	16	210	11	208	13	211	12	214	22	241	23	247	57	363	61	352	55	351	60	367	58	368	62
110	485	112	495	130	533	121	534	131	557	132	558	142	339	52	338	62
34	272	31	274	40	290	36	293	70	350	54	346	55	356	115	508	116	513	133	536	122	532	121
92	438	88	439	166	603	165	601	164	206	10	203	22
62	338	52	330	50	332	71	398	114	498	113	501	131	534	121	474	107	477	134	560	139
134	477	107	464	106	468	124	512	116	508	115	356	55	346	54	349	65	305	41	303	44	311	79	413	78	413	79	414	80
92	438	88	439	166	597	161	252	24	244	23	248	117	517	125	545	136	551	128	481	109	478	110
136	519	117	518	127	395	69	354	55	353	64	385	70	306	41	302	42	308	77	411	78	411	77	412	82	420	81
136	554	129	521	118	465	106	467	122	535	131
92	432	86	433	162	598	165
101	373	59	371	62
138	562	140	561	136	545	125	543	127	395	69	354	55	353	64	359	56	292	36	259	28	258	31	272	34
41	304	53	344	93	444	105	461	101
132	502	113	503	137	514	116	515	141	531	120	527	125	517	117	239	21	232	20	213	12	212	14	218	16
22	241	23	247	57	363	61	352	55	346	54	340	53	344	93	442	95
81	420	82	420	81	415	79	413	78	411	77	301	39	278	32	276	34	287	37	295	38	298	162	598	165	601	164	206	10	203	22
92	432	86	268	30	265	34	276	32	278	39	299	42	307	44	312	94	345	53	344	93	383	63	382	62
62	334	51	333	58	341	53	343	65	386	70	360	56
62	338	52	330	50	332	71	397	72	401	115	393	69	394	120
132	502	113	503	137	514	116	515	141	531	120	527	125	517	117	248	23	245	25	255	164	601	165
62	334	51	336	66	375	60	351	55	352	61	363	57	247	23	241	22	214	12	198	9	182	5	175	2
62	334	51	336	66	375	60	351	55	352	61
62	334	51	333	58	341	53	304	41	291	36	259	28
16	216	13	211	12	202	10	204	24	251	56	359	64	353	55
109	484	140	562	138	457	99	453	97	316	45	313	46	320	48	320	46	322	148	322	46	320	48	327	49	328	73	404	144
33	284	41	306	70	385	64	364	57	366	117	517	125
109	479	111	492	138	457	99	453	97	316	45	313	46	320	48	320	46	322	148	566	144
138	457	99	453	97	316	45	313	46	322	148
42	302	41
2	175	5	183	11	207	12	214	22	241	23	247	57	363	61	352	55	351	60	376	68	389	67	337	51	334	62
142	507	114	498	113	503	137	514	116	515	141	531	120	527	125	517	117	239	21	232	20	213	12	212	14	218	16
38	267	30	265	34	276	32	278	39	301	77	411	78
75	408	143	168	0	167	1	169	2	175	5	182	9	187	6
92	438	88	439	166	597	161	257	26	246	23	248	117	517	125	545	136	551	128	552	139
62	334	51	336	66	375	60	351	55	352	61	363	57	247	23	241	22	214	12	211	13	208	11	210	16	221	17	225	145	569	148
75	408	143	564	147	574	149	172	1	170	3	178	16	219	15	220	19	229	20	232	21	239	117	517	125
83	190	7	189	9	196	10	205	25
125	546	140	562	138	457	99
101	460	104	463	105	447	95	445	94	417	79	413	78
78	411	77	412	82	420	81
34	276	32	278	39	299	42	307	44	312	94	345	53	344	93	383	63	382	62
33	281	36	292	56	359	64	353	55	354	69	395	127	518	117	519	136	482	109
95	445	94	312	44	307	42	299	39	278	32	276	34
34	276	32	278	39	299	42	307	44	310	53	341	58	333	51	337	67	331	50	332	71	391	68
61	363	57	247	23	241	22	214	12	211	13	208	11	210	16	221	17	225	145	569	148
29	262	35	286	34	276	32	278	39	299	42	302	41
70	360	56	251	24	204	10	202	12	198	9	182	5	175	2
55	353	64	359	56	362	161	597	166	439	88	438	92
33	281	36	292	56	358	57	365	69	394	120	466	106	465	118
134	477	107	464	106	468	124	512	116	508	115	356	55	346	54	349	65	305	41	302	42	308	77	411	78	413	79	414	80
80	414	79	413	78	411	77	301	39	278	32	276	34
22	236	21	232	20	234	97
61	352	55	351	60	367	58	368	62
141	549	127	518	117	239	21	232	20
16	176	2	169	1	172	149	574	147	571	146	565	144
92	438	88	437	90	422	83	190	7	186	6	187	9	199	27	181	4	174	2
29	262	35	286	34	272	31	258	28	259	36
118	465	106	467	122	535	131	557	132
2	176	16	219	15	220	19	229	20	232	21	239	117	516	119	525	140	561	136	554	129	521	118	465	106
8	194	9	200	163	591	160	594	166	599	162	587	159	294	36	259	28	261	40	283	33	282	39	299	42	308	77	411	78	411	77	412	82
82	412	77	411	78
165	603	166	439	88
62	338	52	330	50	332	71	397	72	399	113	503	137	541	124
118	523	139	483	109
82	420	81	415	79	413	78	413	79	311	44	303	41	305	65	349	54	346	55
165	598	162	298	38	288	34
97	234	20	233	22	243	25	255	164	595	161	586	159	587	162	298	38	288	34
82	412	77	301	39	282	33
132	558	142	339	52	338	62
62	334	51	336	66	375	60	351	55	352	61	363	57	247	23	241	22
16	210	11	197	9	194	8	194	9	200	163	423	83	422	90	437	88	438	92
74	406	146	571	147	574	149	172	1	170	3	178	16
55	355	70	293	36	290	40	274	31	272	34
109	483	139	523	118	465	106	467	122	499	113	502	132
99	235	20	233	22	243	25	255	164	595	161	586	159	587	162	587	159	294	36	259	28	261	40	283	33	284	41	303	44
80	414	79	413	78	411	77	301	39	278	32	276	34
165	603	166	439	88	438	92	436	87	435	91	440	89	441	150	576	156	582	153	583	157
20	213	12	202	10	195	8	194	9	200	163	193	7	191	84	424	89	441	150	576	156	582	153	583	157
139	523	118	465	106	468	124	512	116	508	115	356	55	346	54	340	53	310	44
16	210	11	197	9	194	8	194	9	200	163	591	160	594	166	599	162	298	38	288	34
118	465	106	468	124	512	116	508	115	356	55	346	54	350	70	293	36	290	40	274	31	272	34
155	584	158
62	334	51	336	66	375	60	351	55	352	61
165	598	162	587	159	294	36	259	28	261	40	283	33	285	42	302	41	304	53	341	58	368	62
62	334	51	336	66	375	60	351	55	352	61	363	57	247	23	241	22
157	585	156	576	150	441	89	424	84	191	7	186	6	187	9	199	27	181	4	174	2
121	534	131	505	114	507	142
62	334	51	336	66	375	60	351	55	352	61
30	268	86	432	92	438	88	437	90	422	83
155	584	158	584	155	580	152	577	151	578	153	581	154
165	598	162	298	38	267	30
62	338	52	330	50	332	71	397	72	402	123	538	137	537	122	467	106	465	118
144	404	73	328	49	327	48	320	46	322	148	322	46	320	48	320	46	313	45	316	97	234	20	233	22
112	472	107	474	121	534	131	557	132
33	281	36	293	70	350	54	346	55	356	115	508	116	512	124	468	106	464	107	477	134
82	412	77	411	78
6	187	9	196	10	203	22	236	21	239	117	517	125
44	303	41	291	36	292	56	358	57	366	117	517	125
118	465	106	468	124	512	116	508	115	356	55	346	54	340	53	344	93	444	105
11	197	9	200	163	591	160	594	166	599	162	298	38	288	34	276	32	278	39	300	43	309	82
118	521	129	554	136	545	125	517	117	248	23	245	25	249	24	252	161	596	165	593	160
16	210	11	197	9	194	8	194	9	200	163	423	83	422	90	437	88	438	92
157	583	153	582	156	576	150	441	89	440	91	435	87	436	92	438	88	439	166	603	165
101	460	104	384	63	342	53	340	54	346	55
144	404	73	328	49	327	48	320	46	322	148	569	145	228	18	226	19	222	16
110	485	112	495	130	533	121	534	131	557	132	558	142	339	52	338	62
62	371	59	373	101	446	95
121	532	122	467	106	466	120	394	69	354	55	355	70	293	36	259	28	258	31	272	34
136	519	117	248	23	245	25	249	24	252	161	586	159	587	162	298	38	288	34
33	282	39	301	77	411	78
11	210	16	176	2	169	1	172	149	570	145	567	146	565	144
139	483	109	482	136	545	125	517	117	248	23	244	24	252	161	597	166	439	88	438	92	436	87	435	91	440	89	441	150	576	156	582	153	583	157
34	276	32	278	39	299	42	307	44	312	94	345	53	344	93	383	63	382	62
136	561	140	562	138	457	99	453	97	316	45	313	46	322	148
62	334	51	333	58	341	53	304	41	284	33	271	31	272	34
97	448	96	315	45	313	46	322	148
2	175	5	183	11	207	12	214	22	241	23	247	57	363	61	352	55	351	60	376	68	376	60	367	58	368	62
83	422	90	437	88	438	92	432	86	268	30	265	34	276	32	278	39	300	43	309	82
95	442	93	344	53	340	54	346	55	354	69	395	127	543	125	545	136	482	109
34	272	31	258	28	259	36	292	56	358	57	363	61
83	190	7	186	6	187	9	199	27	181	4	174	2	176	16
46	313	45	316	97	234	20	232	21	237	23	247	57	364	64
134	471	106	468	124	512	116	508	115	356	55	346	54	340	53	304	41	284	33
55	346	54	340	53	344	93	444	105	461	101
121	474	107	477	134	560	139	483	109	484	140	525	119	516	117	239	21	232	20	213	12	212	14	209	11
83	190	7	189	9	196	10	203	22
55	355	70	293	36	290	40	274	31	272	34
110	478	109	479	111	456	99	453	97	316	45	313	46	322	148
62	338	52	330	50	332	71	397	72	401	115	508	116	515	141	531	120	530	136	482	109
6	188	163	591	160	593	165
8	195	10	206	164	601	165	598	162	298	38	288	34
165	588	159	294	36	259	28	261	40	283	33	282	39	301	77	411	78	413	79	414	80
64	385	70	306	41	303	44
125	543	127	395	69	354	55	353	64	359	56	292	36	259	28	258	31	273	37	295	38	267	30
61	363	57	247	23	237	21	232	20	235	99
61	363	57	247	23	241	22	214	12	207	11	210	16
33	271	31	258	28	259	36	294	159	586	161	595	164	255	25	243	22	233	20
158	584	155	580	152	577	151	578	153	581	154	429	85	428	91	435	87	436	92	432	86	268	30	265	34
121	534	131	557	132	558	142	339	52	330	50	331	67	337	51	333	58	341	53	344	93
78	411	77	301	39	282	33	281	36	292	56	359	64
62	338	52	330	50	332	71	397	72	401	115	508	116	515	141	531	120	530	136
155	580	152	577	151	579	157
139	523	118	465	106	467	122	535	131	557	132
141	357	55	353	64	359	56	256	26	257	161	597	166	439	88	438	92
141	357	55	353	64	359	56	361	159	588	165
34	287	37	295	38	298	162	599	166	594	160	591	163	200	9	197	11	210	16
61	379	69	394	120	466	106	464	107	474	121
165	593	160	591	163	193	7	186	6	187	9	199	27	181	4	174	2
106	468	124	512	116	508	115	356	55	346	54	349	65	305	41	302	42	308	77	411	78
109	483	139	523	118	521	129	544	125	517	117	239	21	232	20	213	12	198	9	189	7	191	84	191	7	189	9	196	10	204	24	251	56	360	70	350	54	347	58	368	62
139	523	118	465	106	468	124	512	116	508	115	356	55	346	54	349	65	305	41	284	33
62	334	51	336	66	375	60	351	55	352	61	363	57	247	23	241	22	214	12	198	9	182	5	175	2
148	322	46	320	48	323	47	326	98	449	96	451	100	458	111	479	109	478	110	488	135	488	110	488	135	497	112	495	130	556	131
165	598	162	587	159	294	36	259	28	261	40	283	33	282	39	301	77	411	78
144	404	73	403	76	329	49	327	48	320	46	322	148	322	46	320	48	320	46	313	45	316	97	453	99	457	138	562	140	561	136
144	404	73	328	49	327	48	320	46	322	148	322	46	320	48	323	47	326	98	449	96	451	100	458	111	479	109	478	110
118	465	106	468	124	512	116	508	115	356	55	346	54	340	53	344	93	442	95
2	175	5	183	11	207	12	214	22	241	23	247	57	363	61	352	55	351	60	376	68	376	60	367	58	368	62
16	219	15	220	19	229	20	232	21	239	117	516	119	516	117	519	136
95	442	93	344	53	340	54	346	55	354	69	395	127	543	125	545	136
33	284	41	304	53	341	58	368	62
101	373	59	371	62	338	52	339	142	507	114	505	131
2	175	5	182	9	194	8	194	9	200	163	591	160	594	166	599	162	298	38	288	34
138	240	21	232	20	213	12	202	10	206	164	601	165
163	423	83
33	275	32	276	34	265	30	268	86	432	92	438	88	437	90	422	83
147	574	149	172	1	169	2	175	5	182	9	187	6
33	271	31	258	28	259	36	294	159	586	161	595	164	206	10	195	8	194	9	197	11	210	16
155	580	152	577	151	578	153	581	154
62	338	52	330	50	332	71	398	114	498	113	499	122	532	121
62	338	52	330	50	332	71	397	72	402	123	538	137	537	122	467	106	465	118
46	313	45	227	18	226	19	222	16	210	11	197	9	194	8	194	9	200	163	423	83	422	90	437	88	438	92
165	598	162	587	159	294	36	259	28	261	40	283	33	282	39	301	77	412	82
92	438	88	437	90	422	83	190	7	186	6	187	9	182	5	175	2	169	1	167	0	167	1	172	149	570	145	569	148
31	271	33	284	41	304	53	341	58	368	62	338	52
33	284	41	304	53	341	58	368	62
22	241	23	247	57	363	61	352	55	346	54	340	53	344	93	442	95
62	334	51	333	58	341	53	304	41	284	33	282	39	278	32	276	34	265	30	268	86	432	92
163	200	9	194	8	195	10	203	22	236	21	239	117	517	125	545	136	551	128	481	109	478	110
157	583	153	582	156	576	150	441	89	440	91	435	87	436	92	432	86	268	30	267	38	295	37	273	31	271	33
62	338	52	330	50	332	71	398	114	498	113	501	131	534	121	474	107	477	134	560	139
101	373	59	371	62	338	52	330	50	332	71	397	72
158	584	155	580	152	577	151	578	153	581	154	429	85	428	91	435	87	436	92
144	405	74	406	146	571	147	574	149	172	1	170	3	173	2	175	5	182	9	196	10	204	24	244	23	247	57	364	64	385	70	350	54	348	60	367	58	333	51	334	62
138	562	140	561	136	545	125	527	120	531	141
163	200	9	198	12	213	20
163	591	160	590	161	362	56	358	57	363	61
34	286	35	262	29
80	414	79	413	78
22	241	23	247	57	363	61	352	55	351	60	376	68	376	60	367	58	368	62
139	483	109	482	136	545	125	543	127	395	69	379	61	378	64	359	56	292	36	259	28	258	31	272	34
11	209	14	217	15	220	19	229	20	232	21	239	117	517	125	527	120	531	141	515	116	514	137	503	113	498	114	507	142
62	338	52	330	50	332	71	391	68	392	72	401	115	508	116	515	141	531	120	527	125	545	136	561	140	562	138
52	330	50	332	71	397	72	401	115	508	116	515	141	531	120	527	125
6	187	9	194	8	194	9	197	11	210	16	221	17	223	18	226	19	229	20	235	99
136	530	120	394	69	354	55	346	54	347	58	368	62
157	583	153	582	156	576	150	441	89	440	91	435	87	436	92	438	88	439	166	597	161	252	24	244	23	248	117	519	136
34	276	32	278	39	299	42	307	44	312	94	345	53	344	93	383	63	382	62
16	176	2	169	1	172	149	574	147	571	146	406	74	405	144
109	482	136	519	117	518	127	395	69	354	55
134	471	106	467	122	537	137	538	123	402	72	392	68	389	67	337	51	334	62	371	59	374	104	460	101
132	558	142	339	52	330	50	331	67	337	51	333	58	341	53	310	44	311	79	413	78	413	79	414	80
128	550	129	529	120	528	127	395	69	354	55	355	70
32	275	33	284	41	305	65	349	54	346	55	356	115	508	116	512	124	468	106	465	118
22	243	25	249	24	252	161	596	165	603	166	439	88	438	92	436	87	435	91	428	85	429	154
2	175	5	185	27	199	9	187	6	186	7	193	163	591	160	593	165
2	175	5	182	9	196	10	204	24	244	23	247	57	364	64	385	70	350	54	347	58	333	51	334	62
74	405	144	410	76	407	75	408	143	168	0	167	1	169	2	175	5	182	9	187	6
165	593	160	591	163	193	7	186	6
2	175	5	182	9	196	10	205	25	254	26	256	56	359	64	385	70	350	54	340	53	344	93	442	95
16	221	17	223	18	227	45	313	46	320	48
165	603	166	439	88	438	92	436	87	435	91
80	418	81	420	82
75	408	143	168	0
121	534	131	557	132	558	142	339	52	338	62	371	59	374	104	460	101
6	187	9	196	10	204	24	251	56	359	64	353	55
34	265	30	268	86	432	92	438	88	437	90	425	84	424	89	441	150	576	156	582	153	583	157	579	151
121	532	122	536	133	513	116	508	115	356	55	346	54	349	65	305	41	284	33	275	32
162	433	86	432	92
62	338	52	330	50	332	71	398	114	498	113	501	131	534	121	474	107	477	134	560	139
132	502	113	399	72	401	115	380	61
62	371	59	374	104	463	105	447	95	445	94	417	79	413	78
160	591	163
80	414	79	413	78	411	77	308	42	302	41	306	70	385	64	353	55	354	69	395	127	518	117	519	136
118	521	129	554	136	561	140	525	119	516	117	239	21	232	20	213	12	212	14	218	16
131	501	113	399	72	377	60	351	55
6	187	9	182	5	175	2	169	1	172	149	574	147
22	203	10	196	9	187	6
144	405	74	406	146	571	147	574	149	172	1	167	0	167	1	169	2	175	5	182	9	187	6	186	7	193	163	591	160	593	165	598	162	298	38	288	34
62	334	51	336	66	375	60	351	55	352	61	363	57	247	23	241	22	214	12	211	13	208	11	210	16	176	2	169	1	172	149	574	147	571	146	406	74	405	144
110	478	109	479	111	456	99	453	97	316	45	313	46	320	48	320	46	322	148	566	144
62	338	52	330	50	332	71	398	114	498	113	501	131	534	121	474	107	477	134	560	139
64	353	55	346	54	340	53	344	93	444	105	461	101
101	373	59	371	62
101	460	104	463	105	444	93	344	53	343	65	386	70	360	56	362	161	595	164	206	10	201	11	210	16
34	287	37	295	38	298	162	599	166	600	163	200	9	194	8
138	524	119	516	117	517	125	517	117	366	57	364	64	359	56	292	36	290	40	274	31	272	34
34	276	32	278	39	301	77	411	78	413	79	413	78
136	530	120	394	69	354	55	346	54	340	53	344	93	442	95
33	283	40	261	28	259	36	294	159	586	161	595	164	255	25	243	22	233	20
144	565	146	571	147	574	149	172	1	170	3	178	16
95	442	93	344	53	340	54	346	55	354	69	395	127	543	125	545	136
44	303	41	284	33	283	40	261	28	259	36	294	159	588	165
2	175	5	185	27	199	9	187	6	186	7	193	163	591	160	594	166	599	162	587	159	294	36	259	28	261	40	283	33	282	39	299	42	308	77	411	78
61	378	64	385	70	350	54	340	53	344	93	444	105	461	101
91	435	87	436	92	432	86	433	162	598	165
92	432	86	268	30	265	34	276	32	278	39	299	42	307	44	312	94	345	53	341	58	368	62
62	338	52	330	50	332	71	391	68	392	72	401	115	508	116	515	141	531	120	527	125	517	117	516	119
148	569	145	225	17	179	3	178	16	210	11	208	13	211	12	214	22	241	23	247	57	363	61	352	55	351	60	376	68	376	60	367	58	368	62
44	303	41	291	36	292	56	358	57	366	117	517	125
62	338	52	330	50	332	71	391	68	392	72	401	115	508	116	515	141	531	120	527	125	545	136	482	109
6	187	9	182	5	175	2	169	1	172	149	574	147
78	411	77	301	39	278	32	276	34	287	37	295	38	298	162	598	165	601	164	206	10	201	11	210	16
16	210	11	197	9	194	8	194	9	200	163	591	160	594	166	599	162	587	159	294	36	259	28	261	40	283	33	282	39	299	42	308	77	411	78
101	460	104	384	63	382	62	338	52	330	50	330	52	339	142	558	132
109	479	111	492	138	524	119	516	117	239	21	232	20	213	12	212	14	218	16
157	579	151	577	152	580	155
34	272	31	274	40	290	36	293	70	350	54	346	55	356	115	508	116	512	124	468	106	464	107	477	134
139	483	109	484	140	562	138	457	99	453	97	316	45	313	46
62	334	51	333	58	341	53	304	41	284	33	275	32
148	322	46	313	45	316	97	453	99	457	138	562	140	553	128
97	453	99	457	138	562	140	546	125
141	549	127	518	117	239	21	232	20	213	12	212	14	218	16
34	287	37	295	38	298	162	599	166	594	160	591	163	200	9	197	11	210	16
148	322	46	320	48	320	46	313	45	317	98	449	96	451	100	458	111	491	135	488	110
16	221	17	223	18	226	19	231	97	453	99	456	111	479	109	478	110
62	338	52	339	142	558	132	557	131	535	122	467	106	465	118
101	373	59	371	62
22	241	23	247	57	363	61	352	55	351	60	367	58	368	62
62	338	52	330	50	330	52	339	142
144	404	73	328	49	327	48	320	46	322	148	322	46	320	48	320	46	313	45	316	97	234	20
149	172	1	167	0	167	1	169	2	175	5	182	9	187	6	187	9	196	10	203	22
139	523	118	465	106	467	122	535	131	557	132	558	142	339	52	338	62
121	532	122	499	113	399	72	377	60	348	54	340	53	310	44
78	411	77	301	39	278	32	276	34	287	37	295	38	298	162	598	165	601	164
75	408	143	168	0	167	1	169	2	175	5	182	9	187	6
92	438	88	437	90	422	83	190	7	186	6	187	9	199	27	181	4	174	2	176	16
144	404	73	328	49	327	48	320	46	322	148	322	46	320	48	323	47	326	98	449	96	451	100	458	111	479	109	478	110	489	139	523	118	465	106
83	421	88	439	166	597	161	252	24	244	23	248	117	517	125
33	282	39	301	77	411	78
34	276	32	278	39	299	42	307	44	312	94	345	53	344	93	383	63	382	62
136	561	140	562	138	457	99	453	97	316	45	313	46
99	456	111	479	109	478	110	487	134
34	265	30	268	86	433	162
152	577	151	578	153	583	157	585	156	576	150	441	89	424	84	425	90	422	83	423	163	200	9	194	8	195	10	203	22	241	23	247	57	363	61
80	414	79	413	78	411	77	308	42	302	41	306	70	355	55
139	523	118	465	106	467	122	535	131	557	132	558	142	339	52	338	62
109	481	128	551	136	545	125	527	120	531	141	515	116	508	115	401	72	377	60	367	58	368	62
95	442	93	344	53	343	65	386	70	360	56	362	161	595	164	206	10	201	11
11	201	10	204	24	249	25	254	26	256	56	359	64	385	70	350	54	340	53	344	93	442	95
20	232	21	239	117	517	125	544	129
155	580	152	577	151	577	152
6	186	7	190	83	422	90	437	88	438	92
89	440	91	435	87	436	92
131	535	122	467	106	465	118	521	129	554	136
101	446	95	442	93	344	53	343	65	386	70	360	56	362	161	595	164	255	25	205	10	202	12	198	9	182	5	175	2
163	591	160
121	474	107	477	134	560	139	483	109	484	140	525	119	516	117	239	21	232	20	213	12	212	14	218	16	176	2
34	265	30	268	86	432	92	436	87	435	91	440	89	441	150	576	156	582	153	583	157
82	309	43	280	32	276	34
33	271	31	272	34	265	30	268	86	432	92	436	87	435	91	440	89	441	150	576	156	582	153	583	157
78	413	79	414	80
28	261	40	283	33	285	42	302	41	304	53	341	58	368	62
95	442	93	344	53	340	54	346	55	356	115	508	116	512	124	468	106	465	118
99	456	111	479	109	478	110	488	135	497	112	495	130	533	121	534	131	557	132	558	142	339	52	338	62
136	530	120	531	141	515	116	508	115	356	55	346	54	349	65	305	41	303	44	311	79	413	78
62	334	51	336	66	375	60	351	55	352	61	363	57	247	23	241	22	214	12	207	11	210	16
110	478	109	482	136	545	125	543	127	395	69	354	55	355	70
34	272	31	274	40	290	36	293	70	350	54	346	55	356	115	508	116	512	124	468	106	465	118
132	558	142	339	52	330	50	331	67	337	51	333	58	341	53
163	188	6
109	479	111	458	100	451	96	449	98	317	45	313	46	320	48	320	46	322	148	566	144
33	271	31	258	28	259	36	294	159	586	161	595	164	255	25	243	22	233	20	235	99
33	285	42	302	41	304	53	341	58	368	62
136	519	117	248	23	245	25	249	24	252	161	597	166	439	88	438	92
165	598	162	587	159	294	36	259	28	261	40	283	33	285	42	302	41	304	53	341	58	368	62
62	334	51	333	58	341	53	304	41	284	33
151	579	157
61	380	115	401	72	399	113	502	132
78	413	79	311	44	310	53	342	63	382	62
20	234	97	316	45	313	46	320	48	320	46	322	148	322	46	320	48	327	49	329	76	410	144	405	74
101	460	104	463	105	444	93	344	53	343	65	386	70	360	56	362	161	595	164	206	10	201	11
33	281	36	293	70	350	54	346	55	356	115	508	116	512	124	468	106
144	405	74	406	146	571	147	574	149	172	1	170	3	178	16	219	15	220	19	229	20	232	21	239	117	518	127	549	141
16	210	11	197	9	194	8	195	10	206	164	601	165	588	159	294	36	281	33
62	334	51	336	66	375	60	351	55	352	61	363	57	247	23	241	22	203	10
165	593	160	591	163	200	9	194	8	194	9	197	11	210	16	221	17	223	18	227	45	313	46
62	338	52	339	142	558	132	557	131	556	130	533	121	474	107	477	134	487	110
101	460	104	384	63	342	53	340	54	346	55
43	280	32	275	33	284	41	305	65	349	54	346	55	356	115	508	116	512	124	468	106	464	107	477	134
62	338	52	330	50	332	71	398	114	498	113	501	131	534	121	533	130	495	112	497	135	488	110	478	109	479	111	456	99	453	97
16	221	17	223	18	226	19	231	97	453	99	456	111	479	109	478	110
34	287	37	295	38	298	162	599	166	594	160	591	163	200	9	194	8	194	9	197	11	210	16	176	2	169	1	172	149	570	145	567	146	406	74
16	219	15	220	19	229	20	232	21	239	117	516	119	525	140	546	125	544	129	521	118
96	315	45	230	19	222	16	176	2
121	532	122	467	106	466	120	394	69	365	57	247	23	241	22
62	338	52	330	50	332	71	397	72	402	123	538	137	537	122	467	106	465	118
148	322	46	320	48	323	47	326	98	449	96	451	100	458	111	479	109	478	110	488	135	488	110	488	135	497	112	495	130	556	131	557	132
144	404	73	328	49	327	48	323	47	325	97
69	365	57	247	23	237	21	232	20	229	19	230	45	313	46
46	313	45	316	97	453	99	456	111	479	109	478	110
101	460	104	384	63	342	53	340	54	346	55
6	187	9	196	10	203	22	236	21	239	117	519	136
148	322	46	320	48	323	47	326	98	449	96	451	100	458	111	479	109	478	110	489	139	523	118
62	334	51	336	66	375	60	351	55	353	64
22	243	25	249	24	252	161	597	166	439	88	438	92	436	87	435	91	440	89	441	150	576	156	582	153	583	157
82	412	77	411	78	413	79	417	94	445	95
75	408	143	168	0	167	1	169	2	175	5	182	9	187	6
55	355	70	293	36	281	33
62	338	52	330	50	332	71	397	72	402	123	538	137	559	133	470	106	465	118	521	129	554	136
16	216	13	211	12	214	22	241	23	247	57	363	61	352	55	351	60	376	68	376	60	367	58	368	62
55	346	54	340	53	344	93	444	105	461	101
62	334	51	336	66	375	60	351	55	352	61
121	532	122	536	133	513	116	508	115	356	55	346	54	349	65	305	41	302	42	308	77	411	78	413	79	414	80
144	404	73	403	76	329	49	327	48	320	46	322	148	322	46	320	48	323	47	326	98	449	96	451	100	458	111	479	109	478	110
157	583	153	582	156	576	150	441	89	440	91	435	87	436	92	438	88	439	166	603	165
158	584	155
11	197	9	194	8	194	9	200	163	423	83	422	90	425	84	424	89	441	150	576	156	582	153	583	157
154	429	85	428	91	435	87	436	92	438	88	439	166	603	165	601	164	206	10	203	22
34	265	30	268	86	432	92	436	87	435	91	440	89	441	150	576	156	582	153	578	151
144	404	73	328	49	327	48	320	46	322	148	322	46	320	48	320	46	313	45	227	18	226	19	222	16
101	460	104	384	63	342	53	340	54	346	55
131	535	122	467	106	465	118	521	129	544	125	546	140	562	138
99	235	20	233	22	243	25	255	164	595	161	586	159	587	162	587	159	294	36	259	28	261	40	283	33	285	42
128	553	140	562	138	457	99
99	457	138	562	140	546	125
97	453	99	457	138	562	140	561	136
75	408	143	168	0	167	1	170	3	178	16
16	176	2	169	1	167	0	168	143	408	75
20	232	21	239	117	517	125	527	120	531	141	515	116	508	115	401	72	392	68	376	60	367	58	368	62
144	404	73	328	49	327	48	320	46	322	148	322	46	320	48	320	46	313	45	316	97	453	99	457	138	562	140	561	136
33	285	42	302	41	304	53	341	58	368	62
62	338	52	330	50	332	71	398	114	498	113	501	131	534	121	474	107	477	134	560	139
62	338	52	339	142	558	132	557	131	556	130	533	121	474	107	477	134	487	110
118	465	106	467	122	535	131	557	132	558	142	339	52	338	62
16	210	11	197	9	194	8	195	10	206	164	601	165	598	162	587	159	294	36	281	33
62	338	52	330	50	332	71	397	72	401	115	393	69	394	120	527	125
55	352	61
61	352	55	346	54	340	53	344	93	444	105	461	101
55	352	61
61	352	55	351	60	367	58	368	62	338	52
55	352	61
69	354	55	353	64	385	70	306	41	302	42	308	77	411	78
61	352	55	346	54	340	53	344	93	444	105	461	101
61	352	55	346	54	340	53	344	93	442	95
55	352	61
55	352	61
62	338	52	330	50	332	71	397	72	401	115	508	116	515	141	531	120	529	129	550	128
6	187	9	194	8	194	9	197	11	210	16	221	17
78	413	79	417	94	345	53	344	93	383	63	382	62
144	404	73	328	49	327	48	320	46	322	148	322	46	320	48	323	47	326	98	449	96	451	100	458	111	479	109	478	110
33	282	39	301	77	411	78	413	79	414	80
128	551	136	545	125	543	127	395	69	354	55	353	64	385	70	306	41	303	44
144	405	74	406	146	571	147	574	149	172	1	170	3	173	2
89	440	91	435	87	436	92
148	569	145	570	149	172	1	167	0	167	1	169	2	175	5	182	9	187	6	186	7	190	83
160	593	165	598	162	587	159	294	36	281	33
62	338	52	330	50	332	71	398	114	498	113	501	131	534	121	474	107	477	134
34	287	37	295	38	298	162	599	166	594	160	591	163	200	9	197	11	210	16
12	198	9	187	6
26	246	23	247	57	363	61
55	352	61
55	352	61
55	352	61
70	355	55	352	61
55	352	61
78	411	77	308	42	302	41	306	70	355	55	352	61
110	478	109	482	136	545	125	517	117	248	23	244	24	249	25	255	164	601	165
142	339	52	338	62	371	59	374	104	463	105	447	95	445	94	417	79	413	78
34	265	30	268	86	432	92
61	363	57	358	56	292	36	259	28	258	31	272	34
55	346	54	340	53	342	63	384	104
55	353	64	359	56	251	24	204	10	195	8
34	286	35	262	29
62	334	51	336	66	370	58	347	54	350	70	360	56	256	26
33	271	31	258	28	259	36	294	159	586	161	595	164	253	24	242	22	214	12	198	9	182	5	175	2
62	334	51	333	58	341	53	304	41	284	33	283	40	261	28	260	37	295	38	298	162
149	172	1	170	3	178	16	219	15	220	19	229	20	232	21	239	117	516	119	525	140	546	125	544	129	521	118
55	355	70	293	36	259	28
138	457	99	453	97	316	45	313	46	322	148
8	194	9	200	163	591	160	594	166	599	162	587	159	294	36	259	28	261	40	283	33	282	39	299	42	308	77	411	78
118	465	106	470	133	559	137	538	123	402	72	392	68	389	67	337	51	334	62	371	59	374	104	460	101
101	373	59	371	62
34	276	32	278	39	300	43	309	82
55	354	69	394	120	530	136	482	109
131	501	113	503	137	514	116	515	141	531	120	527	125	517	117	239	21	232	20	213	12	212	14	218	16	176	2
80	414	79	413	78
110	487	134	522	118	465	106	468	124	512	116	508	115	356	55
53	310	44	311	79	413	78	411	77	412	82
83	421	88	439	166	599	162	587	159	294	36	259	28	261	40	283	33	285	42	307	44	312	94	445	95	442	93	443	104
92	432	86	268	30	265	34	276	32	278	39	299	42	307	44	312	94	345	53	344	93	383	63	382	62
133	470	106	466	120	527	125	517	117	248	23	244	24	252	161	596	165
62	338	52	330	50	332	71	398	114	498	113	501	131	534	121	474	107	477	134
28	259	36	294	159	588	165
44	303	41	306	70	385	64	353	55	354	69	394	120	530	136	482	109
92	438	88	439	166	597	161	362	56	358	57	363	61	381	141
33	271	31	258	28	259	36	294	159	586	161	595	164	206	10	195	8	194	9	197	11	210	16
128	551	136	545	125	517	117	248	23	244	24	252	161	597	166	439	88	421	83
2	176	16	219	15	220	19	229	20	232	21	239	117	516	119	525	140	484	109	483	139
138	457	99	450	96	315	45	313	46	322	148
139	523	118	465	106	470	133	559	137	538	123	402	72	392	68	389	67	337	51	334	62	371	59	374	104	460	101
136	530	120	531	141	515	116	508	115	401	72	392	68	389	67	337	51	334	62
34	287	37	295	38	298	162	599	166	594	160	591	163	200	9	194	8	194	9	197	11	183	5	175	2
30	265	34	272	31	274	40	290	36	293	70	350	54	346	55	356	115	508	116	513	133	536	122	532	121
34	272	31	274	40	290	36	292	56	359	64	353	55	354	69	394	120	530	136
46	313	45	316	97	453	99	456	111	479	109	478	110	487	134	522	118
62	334	51	336	66	375	60	351	55	352	61	363	57	247	23	241	22
142	339	52	330	50	331	67	337	51	336	66	375	60	351	55	346	54	340	53	304	41	284	33
106	467	122	535	131	557	132	558	142
141	357	55	353	64	359	56	251	24	204	10	195	8
106	465	118	523	139	489	110	478	109	479	111	456	99
62	371	59	374	104	460	101
144	404	73	328	49	327	48	320	46	322	148	322	46	320	48	323	47	326	98	449	96	451	100	458	111	479	109	478	110
157	583	153	582	156	576	150	441	89	440	91	435	87	436	92	438	88	439	166	597	161	362	56	358	57	363	61
106	465	118	521	129	554	136	561	140	525	119	516	117	239	21	232	20	213	12	212	14	218	16
33	282	39	301	77	411	78	413	79	414	80
44	303	41	284	33	283	40	261	28	259	36	294	159	589	166	439	88	421	83
110	478	109	482	136	545	125	543	127	395	69	379	61	378	64	359	56	292	36	281	33
55	353	64	359	56	361	159	588	165
163	591	160	593	165
165	601	164	255	25	243	22	233	20	234	97
62	334	51	333	58	341	53	310	44
158	584	155	580	152	577	151	578	153	581	154	429	85	428	91	435	87	436	92	438	88	439	166	603	165	601	164	206	10	203	22
165	603	166	439	88	438	92	436	87	435	91	440	89	441	150	576	156	582	153	583	157
125	517	117	248	23	245	25	255	164	601	165
95	442	93	383	63	335	51	337	67	331	50	330	52	339	142	507	114	505	131
16	210	11	197	9	194	8	194	9	200	163	591	160	594	166	599	162	298	38	288	34
61	379	69	394	120	466	106	465	118
92	438	88	439	166	597	161	257	26	246	23	248	117	519	136
157	583	153	582	156	576	150	441	89	440	91	435	87	436	92	438	88	439	166	597	161	252	24	250	26	246	23	248	117	517	125	545	136	551	128	552	139
79	413	78
62	334	51	333	58	341	53	304	41	302	42
30	265	34	272	31	258	28	259	36	292	56	358	57	366	117	519	136
55	346	54	347	58	368	62
16	210	11	197	9	194	8	194	9	187	6
157	583	153	582	156	576	150	441	89	440	91	435	87	436	92	432	86	268	30	265	34	276	32	278	39	299	42	307	44	312	94	345	53	344	93	383	63	382	62
144	404	73	328	49	327	48	320	46	322	148	322	46	320	48	320	46	313	45	316	97	453	99	457	138
163	193	7	190	83	422	90	437	88	438	92
139	483	109	482	136	545	125	543	127	395	69	354	55	353	64	359	56	292	36	259	28	258	31	272	34
144	404	73	328	49	327	48	323	47	325	97
92	436	87	435	91	440	89
109	483	139	523	118	465	106	470	133	559	137	538	123	402	72	377	60	367	58	368	62
32	275	33	285	42	302	41	306	70	385	64	378	61	379	69	395	127	543	125	544	129	550	128
118	465	106	468	124	512	116	508	115	356	55	346	54	350	70	293	36	290	40	274	31	272	34
22	241	23	247	57	363	61	352	55	351	60	376	68	376	60	367	58	368	62
136	519	117	239	21	236	22	203	10	195	8	194	9	199	27
62	338	52	330	50	332	71	398	114	498	113	501	131	534	121	474	107	477	134
70	385	64	378	61	379	69	395	127	543	125	544	129	550	128
20	232	21	239	117	517	125	527	120	531	141	515	116	508	115	356	55	346	54	347	58	368	62
34	276	32	278	39	299	42	307	44	312	94	345	53	344	93	383	63	382	62
101	460	104	463	105	444	93	344	53	340	54	346	55	352	61	363	57	247	23	241	22
6	186	7	193	163	591	160	593	165	588	159	294	36	281	33
62	334	51	336	66	375	60	351	55	352	61	363	57	247	23	241	22	214	12	207	11	210	16
95	442	93	344	53	340	54	346	55	354	69	394	120	529	129	550	128
118	465	106	467	122	535	131	557	132	558	142	339	52	338	62
165	603	166	439	88	438	92	436	87	435	91	440	89	441	150	576	156	582	153	578	151
8	195	10	206	164	253	24	244	23	247	57	363	61
78	411	77	308	42	302	41	306	70	385	64	353	55	354	69	394	120	530	136	482	109
16	219	15	220	19	229	20	232	21	240	138
75	408	143	168	0	167	1	169	2	175	5	182	9	187	6
62	334	51	333	58	341	53	310	44
136	530	120	394	69	379	61	378	64	359	56	292	36	259	28	258	31	272	34
78	411	77	301	39	278	32	276	34	265	30	268	86	432	92	436	87	435	91	440	89	441	150	576	156	582	153	583	157
77	301	39	278	32	276	34	287	37	295	38	298	162	598	165
20	232	21	237	23	247	57	363	61	352	55
17	221	16	210	11	208	13	211	12	202	10	204	24	251	56	359	64	353	55
62	338	52	330	50	332	71	397	72	401	115	508	116	515	141	531	120	529	129	550	128
166	603	165	598	162	587	159	294	36	281	33
101	373	59	372	63	382	62	338	52	330	50	332	71	398	114	498	113	501	131	534	121	474	107	477	134
144	404	73	328	49	327	48	320	46	322	148	322	46	320	48	320	46	313	45	316	97	453	99	457	138	562	140	546	125
144	404	73	328	49	327	48	323	47	324	96	450	99
101	460	104	384	63	382	62	338	52	330	50	332	71	391	68	392	72	401	115	508	116	515	141	531	120	527	125	517	117	239	21	232	20
20	213	12	202	10	206	164	601	165
144	405	74	406	146	567	145	570	149
30	265	34	272	31	258	28	259	36	292	56	358	57	365	69	394	120	530	136
31	258	28	259	36	293	70	355	55
20	213	12	202	10	206	164	595	161	597	166	439	88	438	92	436	87	435	91	440	89	441	150	576	156	582	153	583	157
165	598	162	587	159	294	36	259	28	261	40	283	33	285	42	302	41	304	53	342	63	382	62
109	482	136	519	117	518	127	395	69	354	55	353	64	385	70	306	41	303	44
132	502	113	503	137	514	116	515	141	531	120	527	125	517	117	239	21	232	20
97	453	99	457	138	562	140	484	109	483	139
44	311	79	413	78
129	529	120	394	69	354	55	346	54	340	53	310	44
97	231	19	222	16	210	11	197	9	194	8	194	9	200	163	423	83
149	172	1	170	3	178	16	219	15	220	19	229	20	232	21	239	117	516	119	525	140	484	109	483	139	523	118
136	561	140	562	138	457	99	453	97	316	45	313	46	322	148
22	214	12	211	13	208	11	210	16	176	2	169	1	172	149	574	147	571	146	406	74	405	144
33	285	42	308	77	411	78	413	79	414	80
62	338	52	330	50	332	71	398	114	498	113	501	131	534	121	474	107	477	134	560	139
61	378	64	385	70	306	41	303	44
2	176	16	219	15	220	19	229	20	232	21	239	117	517	125	527	120	531	141	515	116	514	137	503	113	502	132
64	359	56	251	24	204	10	202	12	198	9	182	5	175	2
144	404	73	328	49	327	48	320	46	313	45	227	18	226	19	222	16
104	374	59	371	62
139	483	109	482	136	545	125	543	127	395	69	379	61	378	64	359	56	292	36	290	40	274	31	272	34
83	190	7	189	9	196	10	203	22
144	404	73	328	49	327	48	320	46	322	148	322	46	320	48	320	46	313	45	316	97	453	99	457	138	562	140	546	125
155	580	152	577	151	579	157
34	276	32	278	39	301	77	411	78
55	354	69	394	120	530	136
62	338	52	330	50	332	71	397	72	402	123	538	137	559	133	470	106	465	118	521	129	554	136
11	201	10	206	164	601	165	598	162	298	38	288	34
78	411	77	301	39	278	32	276	34
164	595	161	586	159	587	162	587	159	294	36	259	28	261	40	283	33	282	39	301	77	411	78
53	340	54	346	55	352	61	363	57	247	23	241	22	233	20	234	97
164	595	161	586	159	587	162	587	159	294	36	259	28	261	40	283	33	284	41	303	44
56	251	24	242	22	233	20	229	19	230	45	313	46
22	236	21	239	117	517	125	527	120	531	141	515	116	514	137	503	113	502	132
9	194	8	194	9	200	163	423	83	422	90	437	88	438	92
125	527	120	394	69	393	115	509	123	402	72	377	60	367	58	368	62
92	432	86	268	30	265	34
110	485	112	495	130	533	121	534	131	557	132	558	142	339	52
132	558	142	339	52	330	50	331	67	337	51	333	58	341	53	310	44	311	79	413	78
34	286	35	262	29
110	478	109	479	111	456	99	453	97	316	45	313	46	322	148
82	412	77	411	78
118	521	129	554	136	545	125	517	117	248	23	245	25	249	24	252	161	597	166	439	88	421	83
83	422	90	437	88	438	92
46	320	48	320	46	322	148	322	46	320	48	327	49	329	76
136	554	129	521	118	465	106	467	122	535	131	557	132	558	142	339	52	338	62
92	436	87	435	91	428	85	429	154	581	153	578	151	577	152	580	155	584	158
62	371	59	374	104	460	101
164	253	24	251	56	360	70	350	54	340	53	344	93	442	95
110	478	109	481	128
16	210	11	201	10	203	22
97	231	19	222	16	176	2
34	272	31	274	40	290	36	293	70	350	54	348	60	377	72	399	113	501	131
6	187	9	196	10	203	22
62	334	51	336	66	375	60	351	55	352	61	363	57	247	23	241	22	214	12	207	11
20	233	22	243	25	255	164	595	161	586	159	587	162	298	38	288	34
163	423	83
27	199	9	189	7	190	83
25	245	23	247	57	363	61	381	141
34	287	37	295	38	298	162	598	165	593	160	591	163	200	9
118	465	106	468	124	512	116	508	115	356	55	346	54	340	53	304	41	284	33
118	465	106	467	122	535	131	557	132	558	142	339	52	338	62
62	334	51	336	66	375	60	351	55	352	61	363	57	247	23	241	22	214	12	198	9	182	5	175	2
6	188	163	200	9	194	8	195	10	204	24	251	56	359	64	353	55
119	516	117	518	127	395	69	354	55	346	54	340	53	344	93	442	95
128	553	140	562	138	457	99	453	97	316	45	313	46	322	148
62	334	51	336	66	375	60	351	55	352	61	363	57	247	23	241	22
43	280	32	276	34
22	241	23	247	57	363	61	352	55	351	60	375	66	387	67	331	50	330	52	339	142
118	465	106	467	122	535	131	557	132	558	142	339	52	338	62
109	484	140	561	136	545	125	543	127	395	69	354	55	353	64	385	70	306	41	303	44
82	412	77	411	78
125	543	127	395	69	354	55	353	64	385	70	306	41	303	44
129	529	120	528	127	395	69	354	55	353	64	385	70	306	41	302	42	308	77	411	78
144	405	74	406	146	567	145	570	149
22	241	23	247	57	363	61	352	55	351	60	376	68	376	60	367	58	368	62
2	176	16	219	15	220	19	229	20	232	21	239	117	516	119	525	140	484	109
6	187	9	196	10	205	25
82	309	43	280	32	276	34
142	339	52	338	62	334	51	336	66	375	60	351	55
134	560	139	483	109	484	140	525	119	516	117	239	21	232	20	213	12	212	14	209	11
165	596	161	257	26	246	23	248	117	519	136
165	603	166	439	88	437	90
34	276	32	280	43	309	82
92	438	88	437	90	422	83
97	453	99	457	138	562	140	484	109	483	139
139	523	118	465	106	467	122	535	131	557	132	558	142	339	52	338	62
128	553	140	525	119	516	117	239	21	232	20	213	12	212	14	218	16
92	432	86	433	162	598	165	588	159	361	56	359	64
16	219	15	220	19	229	20	232	21	239	117	518	127	549	141
92	432	86	433	162	598	165	601	164	206	10	203	22
110	485	112	495	130	533	121	534	131	557	132	558	142	339	52	338	62
125	517	117	248	23	245	25	249	24	252	161	597	166	439	88	438	92
165	598	162	433	86	430	87	435	91	440	89	424	84	424	89	440	91	435	87
157	579	151	577	152	580	155
33	285	42	307	44	312	94	445	95	447	105	461	101
105	463	104
158	584	155	580	152	577	151	578	153	581	154	429	85	428	91	435	87	436	92
104	463	105
34	287	37	295	38	298	162	599	166	594	160	591	163	200	9	194	8	194	9	197	11	183	5	175	2
81	420	82	420	81	415	79	413	78
16	216	13	211	12	214	22	241	23	247	57	363	61	352	55	351	60	376	68	376	60	367	58	368	62
119	524	138	457	99	453	97	316	45	313	46	320	48	320	46	322	148	322	46	320	48	327	49	328	73	404	144
99	456	111	479	109	478	110	489	139	523	118	465	106	470	133	559	137	538	123	402	72	392	68	376	60	367	58	368	62
110	478	109	482	136	545	125	543	127	395	69	379	61	378	64	359	56	292	36	290	40	274	31	270	32	280	43
62	338	52	330	50	332	71	397	72	402	123	538	137	537	122	467	106	465	118
78	411	77	301	39	278	32	276	34	287	37	295	38	298	162	599	166	594	160	591	163	200	9	194	8	194	9	197	11	210	16
32	275	33	281	36	292	56	358	57	363	61
101	460	104	384	63	342	53	310	44	307	42	299	39	278	32	276	34
158	584	155	580	152	577	151	577	152	580	155
89	440	91	435	87	436	92
92	438	88	437	90	422	83
121	534	131	557	132	558	142	339	52	338	62
62	338	52	330	50	332	71	397	72	401	115	508	116	515	141	531	120	529	129	550	128
95	442	93	383	63	382	62	338	52
78	411	77	301	39	278	32	276	34	287	37	295	38	298	162	587	159	586	161	595	164	255	25	243	22	233	20	234	97
163	200	9	194	8	195	10	203	22	236	21
165	598	162	298	38	288	34	286	35	262	29
75	408	143	564	147	574	149	172	1	170	3	178	16
16	210	11	197	9	194	8
62	338	52	330	50	332	71	397	72	402	123	538	137	537	122	467	106	465	118
46	313	45	316	97	453	99	457	138	562	140	561	136
132	502	113	499	122	467	106	465	118
62	338	52	330	50	332	71	397	72	399	113	499	122	467	106	469	129	550	128
78	413	79	311	44	310	53	341	58	368	62
118	465	106	466	120	394	69	354	55	353	64	359	56	292	36	259	28	258	31	272	34
136	530	120	394	69	354	55	346	54	340	53	344	93	442	95
95	442	93	344	53	340	54	346	55	352	61
62	338	52	330	50	332	71	398	114	498	113	501	131	534	121	533	130	495	112	497	135	488	110	478	109	479	111	456	99
55	346	54	340	53	344	93	444	105	461	101
2	175	5	182	9	196	10	204	24	244	23	247	57	364	64	385	70	350	54	347	58	333	51	334	62
78	413	79	417	94	345	53	344	93	383	63	382	62
2	175	5	183	11	207	12	202	10	204	24	251	56	359	64	353	55	351	60	376	68	376	60	367	58	368	62
101	460	104	384	63	335	51	337	67	331	50	332	71	397	72	401	115	393	69	394	120	530	136	482	109
22	236	21	239	117	517	125	544	129	521	118
134	477	107	474	121	534	131	557	132	558	142	339	52	338	62
136	519	117	516	119	516	117	239	21	232	20	213	12	198	9	194	8
36	294	159	588	165
148	569	145	225	17	179	3	178	16	210	11
2	175	5	182	9	194	8	195	10	206	164	601	165	598	162	587	159	294	36	281	33
92	438	88	439	166	597	161	362	56	359	64	353	55	346	54	346	55
34	272	31	274	40	290	36	293	70	350	54	346	55	356	115	508	116	512	124	468	106	465	118
125	543	127	395	69	354	55	353	64	385	70	306	41	303	44
34	276	32	278	39	299	42	307	44	312	94	345	53	344	93	383	63	382	62
99	235	20	213	12	198	9	194	8
2	169	1	172	149	574	147	571	146	406	74	405	144
136	530	120	531	141	515	116	508	115	401	72	392	68	389	67	337	51	334	62
109	481	128	550	129	521	118	465	106	470	133	559	137	538	123	402	72	377	60	367	58	368	62
61	363	57	247	23	241	22	203	10	195	8	194	9	200	163
92	438	88	437	90	422	83	190	7	193	163
12	202	10	195	8	194	9	200	163	423	83
16	210	11	201	10	206	164	601	165	598	162	298	38	288	34
78	413	79
74	405	144	404	73	328	49	327	48	323	47	324	96
53	340	54	346	55	352	61	363	57	247	23	241	22	214	12	207	11	210	16
165	598	162	587	159	294	36	259	28	261	40	283	33	284	41	304	53	344	93	444	105	461	101
155	580	152	577	151	579	157
46	313	45	315	96	450	99
61	379	69	394	120	466	106	464	107	474	121
148	322	46	320	48	320	46	313	45	316	97	234	20	232	21	237	23	247	57	363	61
139	483	109	482	136	545	125	543	127	395	69	379	61	378	64	359	56	292	36	259	28	258	31	272	34
157	579	151	577	152	580	155	584	158
33	281	36	292	56	251	24	253	164	206	10	203	22
16	219	15	220	19	229	20	232	21	239	117	516	119	525	140	553	128
62	338	52	339	142	558	132	557	131	535	122	467	106	465	118	521	129	550	128	481	109
25	245	23	247	57	363	61	352	55	351	60	376	68	376	60	367	58	368	62
2	175	5	183	11	207	12	214	22	241	23	247	57	363	61	352	55	351	60	376	68	376	60	367	58	368	62
82	412	77	411	78	411	77	308	42	302	41	306	70	355	55	357	141
121	532	122	499	113	399	72	401	115
141	549	127	518	117	239	21	232	20	213	12	212	14	218	16	176	2
11	209	14	217	15	220	19	229	20	232	21	239	117	516	119	525	140	553	128	481	109	478	110
138	524	119	516	117	366	57	363	61
118	465	106	467	122	499	113	500	123	402	72	377	60	367	58	368	62
2	175	5	183	11	207	12	202	10	204	24	251	56	359	64	353	55	351	60	376	68	376	60	367	58	368	62
61	352	55	351	60	367	58	368	62
141	357	55	355	70	293	36	281	33
165	593	160	591	163	193	7	186	6	187	9	199	27	181	4	174	2
55	353	64	359	56	251	24	204	10	195	8
62	334	51	333	58	341	53	304	41	284	33
136	561	140	525	119	516	117	239	21	232	20	213	12	212	14	218	16
128	550	129	521	118	465	106	467	122	535	131
139	523	118	465	106	467	122	535	131	557	132	558	142	339	52	338	62
34	265	30	268	86	432	92	436	87	435	91	428	85	429	154	581	153	578	151	577	152	580	155	584	158
16	216	13	211	12	214	22	241	23	247	57	363	61	352	55	351	60	376	68	376	60	367	58	368	62
78	411	77	308	42	302	41	306	70	355	55	352	61
134	477	107	474	121	534	131	557	132
33	284	41	303	44	312	94	445	95	446	101
118	521	129	544	125	517	117	248	23	245	25	255	164	601	165
101	373	59	372	63	342	53	343	65	386	70	360	56	362	161	595	164	206	10	195	8	194	9	197	11	210	16
110	478	109	479	111	456	99	453	97	316	45	313	46
131	501	113	399	72	401	115	380	61
55	346	54	340	53	344	93	444	105	461	101
44	303	41	306	70	360	56	362	161	595	164	255	25	243	22	233	20	235	99
62	338	52	330	50	332	71	397	72	399	113	499	122	467	106	469	129	550	128
157	585	156	576	150	441	89	424	84	425	90	422	83	423	163	200	9	194	8
133	513	116	508	115	356	55	355	70	293	36	281	33
110	478	109	484	140	525	119	516	117	239	21	232	20	213	12	212	14	218	16
95	442	93	344	53	340	54	346	55	354	69	394	120	527	125
16	216	13	211	12	202	10	204	24	251	56	359	64	353	55
16	216	13	211	12	214	22	241	23	247	57	363	61	352	55	351	60	376	68	376	60	367	58	368	62
110	478	109	482	136	545	125	517	117	248	23	244	24	249	25	255	164	601	165
16	176	2	169	1	167	0	167	1	169	2	175	5	182	9	187	6	186	7	191	84	424	89	441	150	575	153	578	151	577	152	580	155	584	158
61	363	57	247	23	237	21	232	20
33	281	36	292	56	358	57	363	61
83	422	90	437	88	438	92	432	86	268	30	265	34
62	371	59	374	104	460	101
163	591	160	593	165	598	162
77	412	82	412	77	411	78	413	79	311	44	310	53	341	58	368	62
75	408	143	168	0	167	1	169	2	175	5	182	9	187	6	186	7	190	83
78	413	79	414	80
22	203	10	196	9	187	6	187	9	182	5	175	2	169	1	167	0	168	143	408	75
83	421	88	439	166	597	161	362	56	359	64	353	55	354	69	396	141	542	124	468	106	465	118
92	432	86	426	85
76	329	49	327	48	320	46	322	148	322	46
8	195	10	206	164	253	24	244	23	248	117	519	136
78	411	77	308	42	302	41	305	65	349	54	346	55	356	115	508	116	513	133	536	122	532	121
95	442	93	344	53	340	54	346	55	352	61	363	57	247	23	241	22	233	20
165	598	162	587	159	294	36	259	28	261	40	283	33	285	42	302	41	304	53	341	58	368	62
109	481	128	550	129	544	125	543	127	395	69	354	55	346	54	340	53	344	93	442	95
165	588	159	294	36	259	28	261	40	283	33	285	42	302	41	304	53	341	58	368	62
19	229	20	232	21	239	117	516	119	525	140	484	109	481	128	552	139	560	134	477	107	474	121
162	298	38	295	37	260	28	261	40	283	33	284	41	303	44	312	94	445	95
165	588	159	294	36	259	28	261	40	283	33	285	42	302	41	304	53	341	58	368	62
34	276	32	278	39	299	42	307	44	312	94	345	53	344	93	383	63	382	62
132	557	131	534	121	474	107	472	112
55	352	61	363	57	247	23	241	22	214	12	198	9	182	5	175	2
62	338	52	330	50	332	71	397	72	402	123	538	137	537	122	467	106	465	118
136	530	120	531	141	515	116	508	115	356	55	346	54	349	65	305	41	302	42	308	77	411	78
158	584	155	584	158	584	155
92	438	88	439	166	597	161	362	56	359	64	353	55
65	349	54	346	55
144	404	73	328	49	327	48	320	46	322	148	322	46	320	48	320	46	313	45	316	97	234	20	233	22
2	176	16	219	15	220	19	229	20	232	21	239	117	516	119	525	140	484	109	483	139
46	313	45	230	19	229	20
139	483	109	482	136	545	125	517	117	248	23	246	26
144	410	76
131	501	113	399	72	401	115
83	422	90	437	88	438	92	432	86	268	30	265	34
136	519	117	518	127	395	69	379	61	378	64	359	56	292	36	259	28	258	31	272	34
118	465	106	467	122	537	137	538	123	402	72	377	60	367	58	368	62
132	502	113	503	137	514	116	515	141	531	120	527	125	517	117	239	21	232	20	213	12	212	14	218	16
74	405	144	410	76	329	49	327	48	320	46
110	487	134	522	118	465	106	470	133	559	137	538	123	402	72	377	60	367	58	368	62
11	207	12	202	10	204	24	251	56	359	64	353	55
22	203	10	195	8	194	9	187	6
62	338	52	330	50	332	71	391	68	392	72	402	123	538	137	559	133	470	106	464	107	477	134	487	110
44	312	94	445	95
16	219	15	220	19	229	20	232	21	239	117	516	119	525	140	484	109	481	128	552	139	560	134
144	404	73	328	49	327	48	323	47	324	96	450	99
62	338	52	330	50	332	71	398	114	498	113	501	131	534	121	474	107	477	134	560	139
99	235	20	213	12	202	10	206	164	595	161	586	159	587	162	587	159	294	36	281	33
144	404	73	328	49	327	48	320	46	322	148	322	46	313	45	316	97	453	99	457	138
144	565	146	571	147	574	149	172	1	167	0	167	1	169	2	175	5	182	9	187	6	186	7	190	83	422	90	437	88	438	92
16	210	11	197	9	194	8	194	9	200	163	591	160	594	166	599	162	298	38	288	34
62	338	52	339	142	558	132	557	131	535	122	467	106	465	118	521	129	550	128	481	109
6	187	9	196	10	203	22	236	21	239	117	519	136
110	478	109	479	111	456	99	453	97	316	45	313	46	320	48	320	46	322	148	566	144
109	484	140	525	119	516	117	239	21	232	20	213	12	212	14	218	16
8	195	10	206	164	253	24	251	56	359	64	353	55
82	412	77	411	78	413	79	311	44	303	41	305	65	349	54	346	55	356	115	508	116	512	124	468	106	465	118
61	363	57	247	23	245	25	249	24	252	161	597	166	439	88	421	83
54	340	53	304	41	284	33
22	243	25	249	24	249	25	249	24	252	161	586	159	587	162	298	38	288	34	272	31	271	33
53	340	54	346	55	354	69	394	120	530	136
36	281	33
124	512	116	508	115	356	55	346	54	347	58	368	62
62	338	52	330	50	332	71	391	68	392	72	402	123	538	137	559	133	470	106	465	118	521	129	554	136
154	429	85	428	91	435	87	436	92	432	86	268	30	265	34
62	334	51	333	58	341	53	304	41	302	42	299	39	278	32	276	34
20	213	12	202	10	195	8	194	9	187	6
109	484	140	525	119	516	117	239	21	232	20	213	12	198	9	194	8
34	286	35	262	29
62	334	51	336	66	375	60	351	55	352	61	363	57	247	23	241	22	214	12	207	11	210	16
78	411	77	308	42	302	41	305	65	349	54	348	60	377	72
61	380	115	401	72	399	113	502	132
62	334	51	336	66	375	60	351	55	346	54	346	55	353	64
97	448	96	315	45	313	46	320	48	320	46	322	148	322	46	320	48	327	49	328	73
92	436	87	435	91
144	404	73	328	49	327	48	323	47	325	97	234	20	233	22
12	214	22	241	23	247	57	363	61	352	55	351	60	376	68	376	60	367	58	368	62
119	516	117	239	21	236	22	203	10	195	8	194	9	187	6
139	483	109	482	136	545	125	543	127	395	69	379	61
148	322	46	313	45	315	96
144	405	74	406	146	571	147	574	149	172	1	167	0	167	1	169	2	175	5	182	9	187	6	187	9	194	8
101	373	59	372	63	342	53	343	65	386	70	360	56	362	161	595	164	206	10	195	8
109	481	128	550	129	521	118	465	106	467	122	535	131	557	132	558	142	339	52	338	62
62	334	51	336	66	375	60	351	55	352	61	363	57	247	23	241	22	214	12	207	11	210	16
34	276	32	278	39	301	77	411	78
6	186	7	190	83	422	90
110	487	134	522	118	465	106	468	124	512	116	508	115	356	55	346	54	349	65	305	41	303	44	311	79	413	78	411	77	412	82
92	432	86	433	162	598	165	601	164	206	10	203	22
16	210	11	197	9	194	8	194	9	200	163	591	160	594	166	599	162	298	38	288	34
129	544	125	517	117	239	21	232	20
157	579	151
6	187	9	182	5	175	2	169	1	172	149	574	147	571	146	565	144
78	411	77	301	39	278	32	276	34
70	293	36	281	33
44	303	41	284	33	275	32	276	34	265	30	268	86	432	92	436	87	435	91	440	89	441	150	576	156	582	153	583	157
134	477	107	474	121	534	131	557	132	558	142	339	52	338	62
131	505	114	398	71	332	50	330	52	338	62
62	334	51	336	66	375	60	351	55	352	61	363	57	247	23	245	25	255	164
62	334	51	336	66	375	60	351	55	352	61	363	57	247	23	241	22	203	10	195	8
78	411	77	301	39	278	32	276	34	287	37	295	38	298	162	587	159	586	161	595	164	255	25	243	22	233	20
109	479	111	458	100	451	96	449	98	317	45	313	46	322	148
110	478	109	482	136	545	125	543	127	395	69	379	61	378	64	359	56	292	36	259	28	258	31
101	460	104	384	63	342	53	304	41	284	33	271	31	272	34
11	209	14	217	15	220	19	229	20	232	21	240	138
83	190	7	193	163
6	188	163	591	160	593	165	588	159	294	36	281	33	282	39	301	77	411	78
16	210	11	197	9	194	8	195	10	206	164	601	165
139	523	118	465	106	467	122	499	113	502	132
125	517	117	366	57	364	64	359	56	292	36	259	28	258	31	272	34
129	544	125	517	117	239	21	232	20	213	12	212	14	218	16
20	232	21	239	117	517	125	527	120	531	141	357	55	351	60	376	68
68	389	67	337	51	334	62	371	59	374	104	460	101
72	377	60	367	58	368	62
33	281	36	292	56	359	64	378	61	379	69	395	127	518	117	519	136	551	128
144	410	76	407	75
120	529	129	550	128	481	109	478	110
44	303	41	306	70	385	64	353	55	354	69	365	57	366	117	520	140
2	175	5	185	27	199	9	187	6	186	7	190	83	422	90	437	88	438	92	432	86	426	85	426	86	268	30	266	35	262	29
78	411	77	301	39	278	32	276	34	265	30	268	86	432	92
2	175	5	182	9	194	8	194	9	200	163	591	160	594	166	599	162	298	38	267	30
110	478	109	482	136	545	125	517	117	239	21	232	20	213	12
34	286	35	262	29
34	272	31	274	40	290	36	293	70	350	54	346	55	356	115	508	116	512	124	468	106	465	118
29	262	35	286	34	287	37	295	38	298	162	598	165
62	338	52	330	50	332	71	397	72	401	115	393	69	394	120	527	125
62	338	52	330	50	332	71	397	72	401	115	393	69	394	120	527	125
92	438	88	437	90	422	83	190	7	186	6	187	9	199	27	181	4	174	2
132	558	142	339	52	330	50	331	67	337	51	333	58	341	53	310	44	311	79	413	78
22	214	12	211	13	208	11	210	16	221	17	225	145	569	148
136	530	120	531	141	515	116	508	115	356	55	346	54	347	58	368	62
55	353	64	359	56	251	24	204	10	196	9	182	5	175	2
31	271	33	285	42	302	41	304	53	341	58	368	62
62	338	52	330	50	332	71	391	68	392	72	401	115	508	116	515	141	531	120	530	136	482	109
136	530	120	531	141	515	116	508	115	401	72	392	68	389	67	337	51	334	62
11	201	10	205	25	254	26	256	56	359	64	385	70	350	54	340	53	344	93	444	105	461	101
115	356	55	355	70	293	36	281	33
132	502	113	399	72	401	115	380	61	363	57	247	23	241	22
148	569	145	570	149	172	1	167	0	167	1	169	2	175	5	182	9	187	6	186	7	193	163	591	160	594	166	599	162	587	159	294	36	259	28	261	40	283	33	282	39	299	42	308	77	411	78
16	216	13	211	12	214	22	241	23	247	57	363	61	352	55	351	60	376	68	376	60	367	58	368	62
136	519	117	248	23	244	24	249	25	255	164	601	165
62	334	51	333	58	341	53	304	41	284	33
6	187	9	182	5	175	2	169	1	172	149	574	147
61	363	57	247	23	245	25	249	24	252	161	596	165	593	160	591	163	423	83
110	485	112	495	130	556	131	557	132	558	142	339	52	338	62
163	200	9	196	10	203	22
62	371	59	374	104	463	105	447	95	445	94	417	79	413	78
141	510	115	356	55	346	54	347	58	368	62
46	313	45	227	18	226	19	222	16	210	11	197	9	194	8
139	483	109	482	136	545	125	543	127	395	69	379	61	378	64	359	56	292	36	281	33
26	246	23	247	57	365	69	396	141
2	175	5	183	11	207	12	214	22	241	23	247	57	363	61	352	55	351	60	376	68	376	60	367	58	368	62
157	583	153	582	156	576	150	441	89	440	91	435	87	436	92	438	88	439	166	603	165
62	334	51	336	66	375	60	351	55	352	61	363	57	247	23	241	22	214	12	207	11	210	16
142	558	132	557	131	534	121	474	107	477	134	487	110
62	334	51	333	58	341	53	343	65	386	70	360	56
62	338	52	339	142	558	132	557	131	535	122	467	106	465	118
165	593	160	591	163	193	7	186	6
115	356	55	346	54	347	58	368	62
62	338	52	330	50	332	71	398	114	498	113	501	131	534	121	474	107	477	134	560	139
110	487	134	522	118	465	106	468	124	512	116	508	115	356	55	346	54	340	53
61	352	55	351	60	367	58	368	62
62	334	51	336	66	375	60	351	55	352	61	363	57	247	23	241	22	214	12	211	13	208	11	210	16	176	2	169	1	172	149	570	145	567	146	565	144
136	561	140	562	138	457	99	453	97	316	45	313	46
61	363	57	247	23	237	21	232	20	229	19	222	16	176	2
62	338	52	330	50	332	71	398	114	498	113	501	131	534	121	474	107	477	134	560	139
157	583	153	582	156	576	150	441	89	440	91	435	87	436	92	438	88	439	166	603	165	601	164	206	10	203	22
134	471	106	468	124	512	116	508	115	356	55	346	54	349	65	305	41	303	44
164	253	24	250	26	256	56	359	64	353	55	346	54	347	58	333	51	334	62
62	334	51	336	66	375	60	351	55	352	61	363	57	247	23	241	22	214	12	207	11
151	579	157	585	156	576	150	441	89	440	91	435	87	436	92
33	271	31	258	28	259	36	294	159	586	161	595	164	255	25	243	22	233	20	235	99
22	242	24	252	161	586	159	587	162	587	159	294	36	259	28	261	40	283	33	282	39	299	42	308	77	411	78
165	588	159	361	56	359	64	353	55	357	141
62	334	51	336	66	375	60	351	55	352	61	363	57	247	23	241	22	214	12	211	13	208	11	210	16	221	17	225	145	569	148
78	411	77	308	42	302	41	306	70	355	55
78	413	79	417	94	445	95	446	101
81	420	82	420	81	415	79	413	78
55	353	64	359	56	362	161	596	165	598	162	433	86	432	92
78	411	77	308	42	302	41	306	70	385	64	353	55	354	69	395	127	518	117	519	136	482	109
2	175	5	182	9	194	8	194	9	200	163	591	160	594	166	599	162	298	38	288	34
78	411	77	308	42	302	41	306	70	385	64	353	55	354	69	395	127	543	125	517	117	516	119
29	262	35	286	34	287	37	295	38	298	162	598	165
134	560	139	483	109	482	136	545	125	517	117	248	23	244	24	249	25	255	164	601	165
22	243	25	249	24	252	161	597	166	439	88	438	92	436	87	435	91	440	89	441	150	576	156	582	153	583	157
33	281	36	293	70	350	54	346	55	356	115	508	116	512	124	468	106	465	118
34	287	37	295	38	298	162	599	166	594	160	591	163	200	9	197	11	210	16
121	532	122	467	106	466	120	394	69	379	61
139	483	109	482	136	545	125	543	127	395	69	379	61	378	64	385	70	306	41	302	42
157	585	156	576	150	441	89	440	91	435	87	436	92	438	88	437	90	422	83	423	163	200	9	197	11
37	295	38	298	162	598	165	601	164	206	10	195	8	194	9	197	11	210	16
157	585	156	576	150	441	89	424	84	191	7	186	6	187	9	199	27	181	4	174	2	176	16
132	502	113	499	122	467	106	465	118
144	404	73	328	49	327	48	320	46	322	148	322	46	320	48	320	46	313	45	316	97	234	20
139	483	109	482	136	545	125	517	117	248	23	244	24	252	161	597	166	439	88	421	83
34	272	31	274	40	290	36	291	41	304	53	341	58	370	66
97	448	96	315	45	313	46	320	48	320	46	322	148	322	46	320	48	327	49	328	73	404	144
55	346	54	349	65	305	41	302	42	308	77	411	78	411	77	412	82
110	487	134	522	118	465	106	468	124	512	116	508	115	356	55	346	54	349	65	305	41	303	44	311	79	413	78	413	79	414	80
131	557	132	558	142	339	52	338	62
11	197	9	200	163	591	160	594	166	599	162	587	159	294	36	259	28	261	40	283	33	282	39	301	77	411	78
101	460	104	384	63	342	53	343	65	386	70	360	56	362	161	595	164	206	10	195	8	194	9	197	11	210	16	221	17	225	145	569	148
33	285	42	302	41	304	53	342	63	382	62
148	322	46	313	45	316	97	453	99	457	138	562	140	561	136
6	188	163
138	524	119	516	117	239	21	236	22	203	10	195	8	194	9	187	6
147	574	149	172	1	169	2	175	5	182	9	187	6
11	201	10	206	164	601	165	588	159	294	36	259	28
101	373	59	372	63	335	51	337	67	331	50	332	71	397	72	399	113	499	122	536	133
61	378	64	359	56	292	36	259	28	258	31	272	34
43	263	29
139	523	118	465	106	470	133	559	137	538	123	402	72	377	60	367	58	368	62
101	373	59	372	63	335	51	337	67	331	50	332	71	398	114	498	113	501	131	534	121	474	107	477	134	487	110
97	316	45	313	46
144	404	73	328	49	327	48	320	46	322	148	322	46	320	48	323	47	326	98	449	96	451	100	458	111	479	109	478	110	488	135	488	110	488	135	497	112	495	130	533	121
131	501	113	399	72	377	60	348	54	350	70	360	56	256	26
109	481	128	551	136	519	117	248	23	245	25	255	164
128	550	129	529	120	528	127	395	69	354	55	353	64	359	56	292	36	259	28	258	31	272	34
74	405	144	404	73	328	49	327	48	320	46
132	557	131	535	122	467	106	465	118	521	129	554	136
78	411	77	308	42	302	41	305	65	349	54	346	55	356	115	508	116	512	124	468	106
62	338	52	330	50	332	71	398	114	498	113	501	131	534	121	474	107	477	134
44	303	41	284	33	283	40	261	28	259	36	294	159	589	166	439	88	421	83
61	352	55	351	60	367	58	368	62
2	175	5	182	9	196	10	204	24	244	23	247	57	364	64	385	70	350	54	348	60	367	58	333	51	334	62
16	210	11	197	9	194	8	195	10	206	164	601	165	598	162	587	159	294	36	281	33
33	285	42	302	41	304	53	341	58	368	62
55	355	70	293	36	259	28	258	31	272	34
62	334	51	336	66	375	60	351	55	352	61
109	481	128	550	129	529	120	394	69	354	55	353	64	359	56	292	36	259	28	258	31	272	34
163	591	160	590	161	362	56	358	57	363	61	381	141
62	338	52	330	50	332	71	391	68	392	72	401	115	508	116	515	141	531	120	527	125	546	140
62	338	52	330	50	332	71	398	114	505	131	534	121	474	107	477	134	560	139
144	405	74	406	146	571	147	574	149	172	1	167	0	167	1	169	2	175	5	182	9	187	6	186	7	193	163	591	160	594	166	599	162	298	38	288	34
144	404	73	328	49	327	48	320	46	322	148	322	46	320	48	323	47	326	98	449	96	451	100	458	111	479	109	478	110	487	134
29	264	82	412	77	411	78
34	265	30	268	86	432	92	436	87	435	91	428	85	429	154	581	153	578	151	577	152	580	155
136	519	117	518	127	395	69	354	55	353	64	359	56	292	36	290	40	274	31	272	34	276	32	280	43
165	603	166	439	88	438	92
151	577	152
26	246	23	247	57	363	61	380	115	401	72	399	113	502	132
33	271	31	258	28	259	36	294	159	586	161	595	164	255	25	243	22	233	20	235	99
82	309	43	280	32	276	34
34	287	37	295	38	298	162	599	166	600	163	200	9	197	11
92	432	86	433	162	598	165
78	411	77	301	39	278	32	276	34	287	37	295	38	298	162	587	159	586	161	595	164
2	175	5	182	9	196	10	205	25	245	23	247	57	363	61
6	186	7	193	163	591	160	593	165	598	162	587	159	294	36	281	33
62	334	51	336	66	375	60	351	55	352	61
151	578	153	582	156	576	150	441	89	440	91	435	87	436	92
22	241	23	247	57	363	61	352	55	351	60	376	68	389	67	337	51	334	62
163	200	9	196	10	203	22
2	175	5	183	11	207	12	214	22	241	23	247	57	363	61	352	55	351	60	376	68	376	60	367	58	368	62
22	242	24	249	25	249	24	252	161	586	159	587	162	587	159	294	36	259	28	261	40	283	33	282	39	301	77	411	78
92	438	88	437	90	425	84	424	89	441	150	575	153	578	151	577	152	577	151	578	153	581	154
165	598	162	298	38	288	34	286	35	262	29
62	334	51	333	58	341	53	304	41	284	33	271	31	272	34
2	175	5	185	27	199	9	187	6	186	7	193	163	591	160	593	165
144	404	73	328	49	327	48	320	46	322	148	322	46	320	48	323	47	326	98	449	96	451	100	458	111	479	109
2	175	5	182	9	194	8	194	9	200	163	591	160	594	166	599	162	298	38	288	34
118	465	106	467	122	499	113	399	72	392	68
101	460	104	384	63	382	62	338	52	330	50	332	71	398	114	498	113	501	131	534	121	474	107	477	134	487	110
44	303	41	291	36	292	56	358	57	366	117	519	136
61	363	57	247	23	241	22	203	10	195	8	194	9	200	163
80	414	79	413	78	411	77	308	42	302	41	306	70	355	55
6	187	9	196	10	204	24	251	56	359	64	353	55
42	308	77	411	78	413	79	414	80
140	561	136	545	125	543	127	395	69	354	55	353	64	385	70	306	41	302	42	308	77	411	78
11	201	10	204	24	251	56
117	366	57	364	64	385	70	306	41	302	42	308	77	411	78
109	484	140	525	119	516	117	239	21	232	20	213	12	212	14	218	16	176	2
128	550	129	529	120	528	127	395	69	354	55	353	64	359	56	292	36	281	33
93	344	53	340	54	346	55	356	115	508	116	512	124	468	106	464	107	477	134	487	110
160	591	163	188	6
62	334	51	333	58	341	53	310	44	307	42	299	39	278	32	276	34	265	30	268	86	432	92	436	87	435	91	440	89	441	150	576	156	582	153	583	157
165	593	160	591	163	200	9	194	8	194	9	197	11	210	16	221	17	225	145	569	148
105	444	93	344	53	343	65	386	70	360	56	362	161	595	164	253	24	242	22	214	12	198	9	182	5	175	2
61	363	57	247	23	241	22	214	12	211	13	208	11	210	16	221	17	225	145	569	148
101	460	104	384	63	342	53	310	44
109	482	136	545	125	543	127	395	69	354	55	353	64	359	56	292	36	281	33
104	384	63	335	51	337	67	331	50	332	71	397	72	401	115	510	141
20	213	12	202	10	195	8	194	9	187	6
62	338	52	330	50	332	71	398	114	498	113	501	131	534	121	474	107	477	134	560	139
157	583	153	582	156	576	150	441	89	440	91	435	87	436	92	438	88	439	166	603	165	601	164	206	10	203	22
136	561	140	562	138	457	99	453	97	316	45	313	46
131	557	132	558	142	339	52	338	62
82	412	77	411	78	413	79	417	94	345	53	344	93	383	63	382	62
101	460	104	463	105	447	95	445	94	312	44	307	42	299	39	278	32	276	34
157	583	153	582	156	576	150	441	89	440	91	435	87	436	92	438	88	437	90	422	83
136	519	117	239	21	236	22	203	10	195	8
165	593	160	591	163	200	9	194	8	194	9	197	11	210	16	176	2	169	1	172	149	574	147	571	146	406	74	405	144
158	584	155	580	152	577	151	578	153	581	154	429	85	428	91	435	87	436	92	438	88	439	166	603	165
16	210	11	201	10	204	24	251	56	359	64	353	55
22	214	12	211	13	208	11	210	16	221	17	223	18	227	45	313	46
165	598	162	298	38	288	34
144	404	73	328	49	327	48	323	47	325	97	453	99	457	138
44	303	41	306	70	355	55	356	115
22	241	23	247	57	363	61	380	115	401	72	400	114	507	142
110	485	112	495	130	533	121	534	131	557	132	558	142	339	52	338	62
44	303	41	291	36	292	56	256	26
157	579	151	579	157	585	156	576	150	441	89	424	84	425	90	422	83	423	163	200	9	198	12	213	20
33	275	32	278	39	300	43	309	82
101	373	59	372	63	342	53	304	41	284	33	275	32
155	584	158
138	562	140	561	136	545	125	527	120	531	141	515	116	508	115	401	72	377	60	367	58	368	62
148	569	145	225	17	179	3	173	2	175	5	182	9	196	10	205	25	254	26	246	23	247	57	364	64	385	70	350	54	340	53	344	93	444	105	461	101
16	216	13	211	12	214	22	241	23	247	57	363	61	352	55	351	60	376	68	376	60	367	58	368	62
165	596	161	257	26	246	23	248	117	517	125	545	136	551	128	552	139
136	561	140	525	119	516	117	239	21	232	20	213	12	212	14	218	16
95	442	93	344	53	340	54	346	55	352	61	363	57	247	23	241	22
2	175	5	185	27	199	9	187	6	186	7	193	163	591	160	593	165
16	210	11	197	9	194	8	195	10	205	25	254	26	256	56	359	64	353	55	346	54	340	53
101	460	104	463	105	444	93	344	53	343	65	386	70	360	56	251	24	242	22	214	12	198	9	182	5	175	2
157	583	153	582	156	576	150	441	89	440	91	435	87	436	92	438	88	439	166	597	161	257	26	246	23	248	117	517	125	545	136	551	128	481	109	478	110
62	334	51	333	58	341	53	310	44	307	42	299	39	278	32	276	34	265	30	268	86	432	92	436	87	435	91	440	89	441	150	576	156	582	153	583	157
136	530	120	531	141	515	116	508	115	401	72	377	60	367	58	368	62
142	339	52	330	50	331	67	337	51	336	66	375	60	351	55	352	61	363	57	247	23	241	22
20	232	21	239	117	518	127	549	141
36	292	56	359	64	353	55	346	54	348	60	367	58	333	51	334	62
92	436	87	435	91	428	85	429	154	581	153	578	151	577	152	580	155	584	158
136	519	117	248	23	245	25	249	24	252	161	597	166	439	88	438	92
125	543	127	395	69	354	55	346	54	340	53	344	93	444	105
20	213	12	202	10	195	8	194	9	200	163
62	338	52	330	50	332	71	397	72	401	115	508	116	515	141	531	120	530	136	482	109
2	175	5	183	11	207	12	214	22	241	23	247	57	363	61	352	55	351	60	376	68	389	67	337	51	334	62
22	243	25	249	24	252	161	597	166	439	88	438	92
62	338	52	330	50	332	71	398	114	498	113	501	131	534	121	474	107	477	134	560	139
2	175	5	182	9	196	10	205	25	245	23	247	57	363	61
38	267	30	267	38	298	162	587	159	361	56	359	64	353	55	354	69	396	141	542	124	468	106	465	118
62	338	52	330	50	332	71	391	68	392	72	402	123	538	137	559	133	470	106	465	118	521	129	554	136
8	195	10	206	164	253	24	244	23	248	117	519	136
16	216	13	211	12	214	22	241	23	247	57	363	61	352	55	351	60	376	68	376	60	367	58	368	62
16	210	11	208	13	211	12	214	22	241	23	247	57	363	61	352	55	351	60	376	68	389	67	337	51	334	62
148	322	46	313	45	317	98	449	96	451	100	458	111	491	135	488	110
141	357	55	346	54	349	65	305	41	302	42	308	77	411	78	413	79	414	80
78	411	77	301	39	278	32	276	34	287	37	295	38	298	162	587	159	586	161	595	164	206	10	203	22
16	210	11	197	9	194	8	194	9	200	163	591	160	594	166	434	86	268	30	265	34	272	31
109	483	139	523	118	465	106	467	122	535	131	557	132	558	142	339	52	338	62
165	596	161	362	56	359	64	353	55	354	69	396	141
62	334	51	333	58	341	53	310	44	307	42	299	39	278	32	276	34
110	485	112	495	130	556	131	557	132	558	142	339	52	338	62
16	216	13	211	12	214	22	241	23	247	57	363	61	352	55	351	60	367	58	368	62
62	338	52	339	142	558	132	557	131	556	130	533	121	474	107	477	134	487	110
144	404	73	328	49	327	48	320	46	322	148	322	46	320	48	320	46	313	45	316	97	453	99	457	138	492	111	479	109
78	413	79	417	94	345	53	344	93	383	63	382	62
165	588	159	361	56	359	64	353	55
141	357	55	353	64	359	56	251	24	204	10	195	8
158	584	155	580	152	577	151	579	157
62	338	52	330	50	332	71	391	68	392	72	401	115	508	116	515	141	531	120	527	125	517	117	239	21	232	20
62	334	51	336	66	375	60	351	55	352	61	363	57	247	23	241	22	214	12	211	13	208	11	210	16	221	17	225	145	569	148
62	334	51	336	66	375	60	351	55	352	61	363	57	247	23	241	22	214	12	207	11	210	16
62	334	51	336	66	375	60	351	55	352	61
55	346	54	340	53	344	93	444	105	461	101
110	478	109	482	136	545	125	543	127	395	69	354	55	353	64	359	56	292	36	281	33
101	460	104	384	63	342	53	310	44	311	79	413	78
157	583	153	582	156	576	150	441	89	440	91	435	87	436	92	438	88	439	166	597	161	257	26	246	23	248	117	519	136
68	376	60	367	58	368	62
99	235	20	233	22	243	25	255	164	595	161	586	159	587	162	298	38	288	34
62	338	52	330	50	332	71	391	68	392	72	402	123	538	137	559	133	470	106	465	118	523	139	489	110	478	109	479	111	456	99
110	487	134	522	118	465	106	470	133	559	137	538	123	402	72	392	68	376	60	367	58	368	62
62	338	52	330	50	332	71	397	72	402	123	538	137	537	122	467	106	465	118
110	487	134	522	118	465	106	470	133	559	137	538	123	402	72	392	68	389	67	337	51	334	62	371	59	374	104	460	101
125	527	120	466	106	467	122	499	113	502	132
11	209	14	217	15	220	19	229	20	232	21	239	117	516	119	516	117	517	125	544	129	521	118
34	272	31	258	28	259	36	292	56	358	57	363	61
16	216	13	211	12	214	22	241	23	247	57	363	61	352	55	351	60	376	68	376	60	367	58	368	62
118	465	106	467	122	535	131	557	132	558	142	339	52	338	62
121	532	122	536	133	513	116	515	141	396	69	354	55	353	64	359	56	292	36	259	28	258	31	273	37	295	38	267	30
144	404	73	328	49	327	48	323	47	325	97
99	235	20	233	22
118	465	106	467	122	499	113	502	132
99	457	138	562	140	484	109	483	139
138	524	119	516	117	517	125	527	120	531	141	515	116	508	115	401	72	392	68	376	60	367	58	368	62
119	516	117	517	125	527	120	531	141	515	116	508	115	401	72	377	60	367	58	368	62
125	527	120	466	106	467	122	499	113	502	132
11	210	16	221	17	225	145	569	148
17	221	16	219	15	220	19	229	20	232	21	239	117	517	125	544	129	521	118
62	338	52	330	50	332	71	397	72	401	115	508	116	515	141	531	120	530	136
99	456	111	479	109	478	110	488	135	497	112	495	130	533	121
16	219	15	220	19	229	20	232	21	239	117	517	125	527	120	531	141	515	116	508	115	401	72	392	68
142	507	114	498	113	499	122	467	106	465	118	521	129	554	136
101	373	59	372	63	342	53	340	54	346	55	352	61	363	57	247	23	241	22
34	276	32	278	39	299	42	307	44	312	94	345	53	344	93	383	63	382	62
110	478	109	482	136	545	125	517	117	239	21	236	22	203	10	195	8	194	9	200	163
144	404	73	328	49	327	48	323	47	325	97
110	485	112	495	130	533	121	534	131
134	477	107	474	121	534	131	557	132	558	142	339	52	338	62
78	411	77	301	39	278	32	276	34	287	37	295	38	298	162	587	159	586	161	595	164	206	10	203	22
33	271	31	258	28	259	36	294	159	586	161	595	164	255	25	243	22	233	20	235	99
55	352	61	363	57	247	23	241	22	214	12	211	13	208	11	210	16	221	17	225	145	569	148
48	320	46	313	45	227	18	226	19	222	16
87	435	91	440	89	424	84	424	89	440	91	435	87	436	92	438	88	437	90	422	83	190	7	186	6	187	9	199	27	181	4	174	2	176	16
62	338	52	330	50	332	71	397	72	402	123	538	137	537	122	467	106	465	118
158	584	155
62	334	51	336	66	375	60	351	55	352	61	363	57	247	23	241	22	214	12	211	13	208	11	183	5	175	2
83	423	163	200	9	194	8	194	9	197	11	210	16	221	17
157	583	153	582	156	576	150	441	89	440	91	435	87	436	92	432	86	268	30	265	34	276	32	278	39	299	42	307	44	312	94	345	53	344	93	383	63	382	62
118	465	106	467	122	537	137	538	123	402	72	377	60	367	58	368	62
101	373	59	372	63	342	53	343	65	386	70	360	56	362	161	595	164	206	10	195	8
33	281	36	292	56	359	64	353	55	354	69	395	127	543	125	545	136	554	129	521	118
62	371	59	374	104	463	105	447	95	445	94	417	79	413	78	413	79	414	80
62	338	52	339	142	558	132	557	131	556	130	533	121	474	107	477	134	487	110
11	201	10	205	25	254	26	256	56	359	64	385	70	350	54	340	53	344	93	442	95
2	175	5	182	9	194	8	194	9	200	163	591	160	594	166	599	162	298	38	288	34	276	32
101	373	59	371	62	338	52	330	50	332	71	397	72	401	115	508	116	515	141	531	120	527	125	517	117	239	21	232	20
128	551	136	545	125	543	127	395	69	379	61	378	64	385	70	306	41	302	42	308	77	411	78
144	405	74	406	146	571	147	574	149	172	1	167	0	167	1	169	2	175	5	182	9	187	6	186	7	193	163	591	160	593	165
55	352	61	363	57	247	23	237	21	232	20	235	99
165	596	161	257	26	246	23	248	117	517	125	545	136	551	128	552	139
62	334	51	333	58	341	53	344	93
142	507	114	505	131	534	121	533	130	495	112	497	135	488	110	478	109	479	111	456	99
62	338	52	330	50	332	71	391	68	392	72	402	123	538	137	559	133	470	106	465	118	523	139	489	110	478	109	479	111	456	99	453	97	316	45	313	46
16	216	13	211	12	202	10	204	24	251	56	359	64	353	55	351	60	375	66
6	187	9	196	10	203	22	241	23	247	57	363	61
62	338	52	339	142	558	132	557	131	535	122	467	106
165	596	161	595	164	255	25	243	22	233	20
16	216	13	211	12	202	10	204	24	251	56	359	64	353	55
78	413	79
163	193	7	190	83	422	90	437	88	438	92
149	172	1	170	3	178	16
134	487	110	478	109	479	111	456	99
19	229	20	232	21	239	117	517	125	527	120	531	141	515	116	508	115	401	72	392	68	376	60	367	58	368	62
62	338	52	330	50	332	71	398	114	498	113	499	122	532	121
11	201	10	206	164	601	165	598	162	298	38	288	34
62	338	52	330	50	332	71	398	114	498	113	499	122	475	107	472	112	495	130
62	338	52	330	50	332	71	397	72	401	115	393	69	394	120	530	136	482	109
6	187	9	196	10	203	22
55	353	64	359	56	361	159	588	165
55	353	64	359	56	251	24	204	10	195	8
139	523	118	465	106	467	122	535	131	557	132	558	142	339	52	338	62
34	265	30	268	86	432	92	436	87	435	91	440	89	441	150	576	156	582	153	583	157
101	446	95	445	94	312	44
44	303	41	306	70	360	56	362	161	595	164	255	25	243	22	233	20
118	523	139	489	110	478	109	479	111	456	99	453	97	316	45	313	46	320	48	320	46	322	148	322	46	320	48	327	49	328	73	404	144
165	588	159	294	36	293	70
82	420	81	418	80
16	221	17	225	145	569	148	322	46	320	48	327	49	328	73	404	144
165	588	159	361	56	358	57	366	117	519	136
62	371	59	374	104	463	105	447	95	445	94	417	79	413	78
2	176	16	219	15	220	19	229	20	232	21	239	117	516	119	525	140	553	128	481	109	478	110
62	338	52	330	50	332	71	398	114	498	113	501	131	534	121	474	107	477	134	487	110
128	551	136	519	117	248	23	245	25	249	24	252	161	597	166	439	88	438	92
165	603	166	439	88	438	92	436	87	435	91	428	85	429	154	581	153	578	151	577	152	580	155	584	158
121	532	122	537	137	514	116	508	115	356	55	346	54	349	65	305	41	302	42	308	77	411	78
118	521	129	544	125	546	140	525	119	516	117	239	21	232	20	213	12	212	14	218	16
136	530	120	531	141	515	116	508	115	356	55	346	54	347	58	368	62
140	484	109	483	139	523	118	465	106	467	122	535	131	505	114	507	142
2	169	1	167	0	168	143	563	146	406	74	405	144
16	210	11	197	9	194	8	194	9	200	163	591	160	594	166	599	162	587	159	294	36	259	28	261	40	283	33	284	41	303	44
118	521	129	554	136	545	125	517	117	248	23	245	25	249	24	252	161	597	166	439	88	438	92	436	87	435	91	440	89	441	150	576	156	582	153	583	157
61	363	57	247	23	245	25	249	24	252	161	597	166	439	88	438	92	436	87	435	91	440	89	441	150	576	156	582	153	583	157
55	354	69	395	127	518	117	519	136	482	109
118	522	134	487	110	478	109	479	111	456	99	453	97
44	311	79	413	78
44	307	42
62	334	51	333	58	341	53	304	41	284	33	282	39	278	32	276	34
118	521	129	554	136	545	125	543	127	395	69	354	55	353	64	359	56	292	36	281	33
125	527	120	394	69	354	55	346	54	347	58	368	62
55	352	61
125	517	117	366	57	363	61
125	517	117	366	57	363	61
113	499	122	467	106	466	120	527	125	546	140	562	138	457	99
16	176	2	169	1	172	149	570	145	569	148
101	460	104	384	63	342	53	310	44	303	41	284	33	283	40	261	28	259	36	294	159	588	165
144	404	73	328	49	327	48	320	46	322	148	322	46	320	48	320	46	313	45	316	97	453	99	457	138	562	140	561	136
144	404	73	328	49	327	48	320	46	322	148	322	46	320	48	320	46	313	45	316	97	453	99	457	138	562	140	561	136
2	176	16	219	15	220	19	229	20	232	21	239	117	517	125	527	120	531	141	515	116	514	137	503	113	502	132
95	442	93	344	53	304	41	284	33	283	40	261	28	259	36	294	159	588	165
33	284	41	304	53	341	58	368	62
33	281	36	293	70	350	54	348	60	377	72	399	113	501	131
78	411	77	412	82
46	313	45	316	97	234	20	232	21	237	23	247	57	363	61
16	219	15	220	19	229	20	232	21	239	117	516	119	525	140	546	125	544	129	521	118
16	210	11	197	9	200	163	591	160	594	166	599	162	298	38	288	34
2	176	16	219	15	220	19	229	20	232	21	239	117	517	125	527	120
78	411	77	301	39	282	33	281	36	292	56	358	57	366	117	519	136	482	109
62	334	51	333	58	341	53	304	41	284	33
2	175	5	185	27	199	9	187	6	186	7	193	163	591	160	594	166	599	162	298	38	288	34	276	32	278	39	300	43	309	82
10	204	24	251	56	359	64	353	55	351	60	376	68	376	60	367	58	368	62
118	521	129	554	136	561	140	525	119	516	117	239	21	232	20	213	12	212	14	218	16	176	2	169	1	169	2	175	5	182	9	187	6
157	579	151	577	152	577	151	577	152	580	155
78	413	79	311	44
31	273	37	295	38	298	162	599	166	594	160	591	163	200	9	197	11	210	16
2	175	5	182	9	194	8	194	9	200	163	591	160	594	166	599	162	298	38	288	34
101	373	59	371	62	338	52	330	50	332	71	397	72	401	115	508	116	515	141	531	120	527	125	544	129	550	128
110	478	109	479	111	456	99	453	97	316	45	313	46	320	48	320	46	322	148	322	46	320	48	327	49
62	338	52	330	50	332	71	397	72	402	123	538	137	537	122	467	106	465	118
139	523	118	465	106	470	133	559	137	538	123	402	72	392	68	389	67	337	51	334	62	371	59	374	104	460	101
130	495	112	496	134	560	139	483	109	484	140	525	119	516	117	239	21	232	20
139	523	118	465	106	470	133	559	137	538	123	402	72	377	60	367	58	368	62
6	186	7	190	83	422	90	437	88	438	92
136	530	120	531	141	515	116	508	115	401	72	392	68	376	60	367	58	368	62
63	342	53	340	54	346	55
132	502	113	399	72	377	60	351	55
33	283	40	261	28	259	36	294	159	586	161	595	164	255	25	205	10	202	12	198	9	182	5	175	2
1	169	2	175	5	182	9	187	6
109	482	136	519	117	518	127	395	69	354	55
46	322	148	322	46	320	48	327	49	328	73	403	76
157	579	151	577	152	580	155	584	158
34	272	31	274	40	290	36	292	56	359	64	353	55	354	69	395	127	518	117	519	136	482	109
96	451	100	458	111	479	109	478	110	488	135	488	110	488	135	497	112	495	130	533	121
8	195	10	206	164	206	10	205	25	254	26	256	56	359	64	385	70	350	54	340	53
16	210	11	201	10	206	164	601	165
158	584	155	580	152	577	151	578	153	581	154	429	85	428	91	435	87	436	92
118	465	106	467	122	499	113	502	132
70	293	36	259	28	258	31	272	34
165	596	161	257	26	250	24	244	23	248	117	517	125	545	136	551	128	481	109	478	110
34	276	32	278	39	299	42	307	44	312	94	345	53	344	93	383	63	382	62
62	338	52	339	142	558	132	557	131	534	121	474	107	477	134	487	110
118	465	106	468	124	512	116	508	115	356	55	346	54	350	70	293	36	290	40	274	31	272	34
62	338	52	339	142	558	132	557	131	535	122	467	106	465	118
20	232	21	237	23	247	57	363	61
34	276	32	280	43	309	82
62	338	52	330	50	332	71	397	72	402	123	538	137	537	122	467	106	465	118
33	285	42	302	41	304	53	342	63	382	62
141	357	55	353	64	359	56	251	24	204	10	195	8
95	442	93	344	53	304	41	284	33	271	31	272	34
152	577	151	577	152	580	155
78	411	77	412	82	420	81
55	355	70	293	36	290	40	274	31	272	34
99	456	111	479	109	478	110	487	134	522	118
166	600	163	200	9	197	11	210	16
165	598	162	587	159	294	36	259	28	261	40	283	33	284	41	303	44
62	334	51	336	66	375	60	351	55	352	61
6	187	9	182	5	175	2	169	1	167	0	167	1	172	149	570	145	569	148
46	313	45	316	97	453	99	456	111	479	109	478	110
163	591	160	593	165
118	465	106	467	122	537	137	538	123	402	72	377	60	367	58	368	62
77	301	39	282	33
101	460	104	384	63	335	51	337	67	331	50	332	71	391	68	392	72	401	115	508	116	515	141	531	120	527	125	545	136	482	109
2	176	16	219	15	220	19	229	20	232	21	239	117	516	119	525	140	484	109	481	128	552	139	560	134	477	107	474	121
62	338	52	330	50	330	52	339	142	558	132
95	442	93	383	63	335	51	337	67	331	50	332	71	397	72
152	577	151
163	200	9	194	8	195	10	203	22	241	23	248	117	517	125	545	136	551	128	481	109	478	110
121	532	122	467	106	466	120	394	69	354	55	355	70
11	209	14	217	15	220	19	229	20	232	21	239	117	516	119	516	117	517	125	544	129	521	118
62	338	52	330	50	332	71	397	72	399	113	499	122	467	106	469	129
83	421	88	439	166	597	161	257	26	246	23	248	117	519	136	551	128
42	302	41	305	65	349	54	346	55	356	115	508	116	512	124	468	106
34	287	37	295	38	298	162	599	166	594	160	591	163	200	9	194	8	194	9	197	11	183	5	175	2
33	283	40	261	28	259	36	294	159	586	161	595	164	206	10	202	12
136	519	117	239	21	236	22	203	10	195	8	194	9	187	6
34	287	37	295	38	298	162	599	166	594	160	591	163	200	9	194	8	194	9	197	11	210	16	176	2	169	1	172	149	574	147	571	146	565	144
26	246	23	248	117	519	136	551	128	552	139
44	307	42
34	287	37	295	38	298	162	587	159	586	161	595	164	255	25	243	22	233	20	235	99
61	363	57	247	23	241	22	203	10	195	8
62	371	59	373	101
165	588	159	361	56	358	57	366	117	517	125
46	313	45	316	97	453	99	456	111	479	109	478	110
33	285	42	302	41	304	53	341	58	368	62
128	550	129	529	120	531	141	515	116	508	115	401	72	377	60	367	58	368	62
62	338	52	330	50	332	71	397	72	401	115	393	69	394	120	530	136
83	422	90	437	88	438	92
75	408	143	564	147
155	584	158	584	155	584	158
148	322	46	320	48	320	46	313	45	316	97	453	99	457	138	562	140	484	109	483	139
136	561	140	562	138	457	99	453	97	316	45	313	46
158	584	155	580	152	577	151	579	157
62	334	51	336	66	375	60	351	55	352	61	363	57	247	23	241	22	214	12	207	11	210	16
139	483	109	482	136	545	125	543	127	395	69	379	61
8	195	10	206	164	253	24	250	26
118	465	106	467	122	537	137	538	123	402	72	377	60	367	58	368	62
87	427	85	426	86	432	92
62	338	52	330	50	330	52	339	142	558	132
101	373	59	372	63	342	53	304	41	284	33	271	31	272	34
110	478	109	482	136	545	125	543	127	395	69	379	61	378	64	359	56	292	36	281	33
62	338	52	330	50	332	71	391	68	392	72	402	123	538	137	559	133	470	106	464	107	477	134	560	139
62	338	52	339	142	507	114	505	131
101	373	59	371	62
62	371	59	374	104	463	105	447	95	445	94	417	79	413	78
78	411	77	308	42	302	41	306	70	385	64	378	61	379	69	395	127	543	125	545	136	554	129	521	118
55	346	54	349	65	305	41	302	42	308	77	411	78	411	77	412	82
95	442	93	344	53	340	54	346	55	354	69	394	120	530	136	482	109
20	232	21	237	23	247	57	363	61	352	55
148	322	46	313	45	316	97
118	523	139	489	110	478	109	479	111	456	99	453	97	316	45	313	46	320	48	320	46	322	148	322	46	320	48	327	49	328	73	404	144
16	210	11	197	9	194	8	194	9	200	163	591	160	594	166	599	162	587	159	294	36	259	28	261	40	283	33	284	41	303	44
8	194	9	182	5	175	2	169	1	172	149	570	145	567	146	565	144
117	366	57	363	61	352	55	351	60	367	58	368	62
20	213	12	202	10	206	164	595	161	586	159	587	162	587	159	294	36	259	28	261	40	283	33	282	39	301	77	411	78
16	210	11	197	9	194	8	194	9	200	163	591	160	594	166	599	162	298	38	288	34
92	432	86	268	30	265	34	276	32	278	39	300	43	309	82
82	309	43	300	39	278	32	276	34	265	30	268	86	432	92
136	554	129	521	118	465	106	467	122	499	113	502	132
33	271	31	258	28	259	36	294	159	586	161	595	164	206	10	195	8	194	9	197	11	210	16
121	532	122	467	106	466	120	394	69	365	57	247	23	241	22
6	187	9	182	5	175	2	169	1	172	149	574	147
62	338	52	330	50	332	71	391	68	392	72	402	123	538	137	559	133	470	106	465	118	521	129	554	136
132	502	113	399	72	401	115	380	61	363	57	247	23	241	22
136	561	140	562	138	457	99	453	97	316	45	313	46	320	48	320	46	322	148	322	46	320	48	327	49	328	73	404	144
97	448	96	324	47	323	48	327	49	328	73	404	144
33	281	36	294	159	586	161	595	164	255	25	243	22	233	20	234	97
20	229	19	224	17	225	145	569	148
33	281	36	292	56	359	64	378	61	379	69	395	127	543	125	545	136	554	129	521	118
62	334	51	336	66	375	60	351	55	352	61	363	57	247	23	241	22	214	12	207	11	210	16
33	275	32	276	34	265	30	268	86	432	92
20	232	21	239	117	517	125	527	120	531	141	515	116	508	115	356	55	346	54	347	58	368	62
157	585	156	576	150	441	89	440	91	435	87	436	92	432	86	268	30	265	34
81	420	82	420	81	415	79	413	78	413	79	311	44
132	557	131	534	121	474	107	477	134	560	139
16	210	11	201	10	206	164	601	165	588	159	294	36	281	33
92	432	86	433	162	598	165
76	329	49	327	48	320	46	322	148	322	46
158	584	155
157	583	153	582	156	576	150	441	89	440	91	435	87	436	92	438	88	439	166	597	161	362	56	359	64	378	61	379	69	396	141	542	124	468	106	465	118
144	565	146	571	147	574	149	172	1	170	3	178	16	210	11	208	13	211	12	214	22	241	23	247	57	363	61	352	55	351	60	376	68	376	60	367	58	368	62
155	580	152	577	151
61	352	55	351	60	367	58	368	62
62	334	51	336	66	375	60	351	55	352	61	363	57	247	23	241	22
16	221	17	225	145	569	148	566	144
34	287	37	295	38	298	162	599	166	594	160	591	163	200	9	194	8	194	9	197	11	208	13	208	11	183	5	175	2
109	482	136	545	125	543	127	395	69	354	55	353	64	359	56	292	36	259	28	258	31	272	34
139	483	109	484	140	562	138	457	99	450	96
144	405	74	406	146	571	147	574	149	172	1	167	0	167	1	169	2	175	5	182	9	187	6	186	7	193	163	591	160	594	166	599	162	298	38	288	34
44	303	41	306	70	360	56	362	161	595	164	255	25	243	22	233	20
138	457	99	450	96	315	45	313	46
78	411	77	308	42	302	41	306	70	355	55	352	61
121	474	107	477	134	560	139	483	109	484	140	525	119	516	117	239	21	232	20
20	233	22	243	25	255	164	595	161	586	159	587	162	587	159	294	36	259	28	261	40	283	33	284	41	303	44
29	264	82	412	77	411	78
8	194	9	200	163	423	83	422	90	425	84	424	89	441	150	576	156	582	153	583	157
34	265	30	268	86	432	92	436	87	435	91	440	89	441	150	576	156	582	153	578	151	577	152	580	155
62	334	51	336	66	375	60	351	55	352	61	363	57	247	23	241	22	214	12	211	13	208	11	210	16	176	2	169	1	172	149	574	147	571	146	406	74	405	144
82	412	77	411	78	413	79	417	94	345	53	344	93	383	63	382	62
144	404	73	403	76	329	49	327	48	320	46	322	148	322	46	320	48	320	46	313	45	316	97	234	20	233	22
56	359	64	353	55	346	54	346	55	351	60	367	58	368	62
110	485	112	495	130	533	121	534	131	505	114	507	142
144	405	74	406	146	571	147	574	149	172	1	170	3	178	16	210	11	208	13	211	12	214	22	241	23	247	57	363	61	352	55	351	60	376	68	376	60	367	58	368	62
2	175	5	183	11	207	12	214	22	241	23	247	57	363	61	352	55	351	60	376	68	376	60	367	58	368	62
157	579	151	579	157	585	156	576	150	441	89	424	84	425	90	437	88	438	92	438	88	439	166	597	161	252	24	250	26	246	23	248	117	517	125	545	136	551	128	552	139
8	195	10	206	164	206	10	205	25	254	26	250	24	244	23	247	57	364	64	385	70	350	54	340	53	344	93	444	105	461	101
144	565	146	567	145	225	17	179	3	173	2
33	281	36	293	70	350	54	346	55	356	115	508	116	512	124	468	106	465	118
2	175	5	182	9	194	8	195	10	206	164	601	165	598	162	587	159	294	36	281	33
139	483	109	484	140	525	119	516	117	239	21	232	20
16	210	11	197	9	194	8	194	9	200	163	591	160	594	166	599	162	587	159	294	36	259	28	261	40	283	33	284	41	303	44
34	265	30	268	86	432	92
62	334	51	336	66	375	60	351	55	352	61	363	57	247	23	241	22	203	10	195	8
78	413	79	311	44	310	53	341	58	368	62
20	232	21	239	117	517	125	527	120	531	141	515	116	508	115	401	72	392	68	376	60	367	58	368	62
62	334	51	336	66	375	60	351	55	352	61	363	57	247	23	241	22	214	12	207	11
8	194	9	200	163	423	83	422	90	437	88	438	92
34	287	37	295	38	298	162	599	166	594	160	591	163	200	9	194	8	194	9	197	11	183	5	175	2
78	411	77	301	39	278	32	276	34	287	37	295	38	298	162	587	159	586	161	595	164	255	25	243	22	233	20
8	195	10	206	164	253	24	244	23	248	117	516	119	525	140
33	281	36	292	56	359	64	378	61	379	69	395	127	543	125	545	136	551	128	552	139
165	601	164	206	10	195	8	194	9	197	11	210	16
132	502	113	399	72	377	60	348	54	350	70	360	56
61	352	55	355	70	293	36
16	219	15	220	19	229	20	232	21	239	117	517	125	527	120
33	284	41	304	53	341	58	368	62
83	422	90	437	88	438	92
154	581	153	578	151	577	152	577	151	579	157
11	197	9	200	163
62	334	51	333	58	341	53	310	44	307	42	285	33	271	31	272	34
61	363	57	247	23	241	22	214	12	211	13	208	11	210	16	176	2	169	1	172	149	574	147	571	146	406	74	405	144
95	442	93	344	53	304	41	284	33	283	40	261	28	259	36	294	159	588	165
33	285	42	302	41	304	53	341	58	333	51	337	67	331	50	330	52	339	142	558	132
62	338	52	330	50	332	71	391	68	392	72	401	115	508	116	515	141	531	120	527	125	545	136	561	140	484	109
131	557	132	558	142	339	52	338	62	371	59	374	104	460	101
118	465	106	467	122	537	137	538	123	402	72	392	68	376	60	367	58	368	62
16	210	11	201	10	204	24	251	56	359	64	353	55	346	54
2	175	5	183	11	207	12	214	22	241	23	247	57	363	61	352	55	351	60	376	68	376	60	367	58	368	62
34	287	37	295	38	298	162	587	159	586	161	595	164	206	10	203	22
33	285	42	302	41	304	53	341	58	368	62
20	234	97	316	45	313	46	320	48	320	46	322	148	566	144
16	176	2	169	1	172	149	574	147	571	146	563	143	409	76
83	190	7	189	9	194	8
144	410	76	407	75
53	340	54	350	70	360	56	251	24	204	10	202	12	207	11	210	16
2	169	1	172	149	574	147	571	146	406	74	405	144
62	338	52	330	50	332	71	398	114	498	113	501	131	534	121	474	107	477	134	560	139
46	313	45	316	97	453	99	457	138	562	140	546	125
165	603	166	439	88	438	92
134	560	139	483	109	484	140
2	176	16	219	15	220	19	229	20	232	21	239	117	516	119	525	140	484	109	481	128	552	139	560	134
16	221	17	223	18	227	45	313	46
8	195	10	206	164	206	10	203	22	241	23	248	117	516	119
118	521	129	544	125	546	140	525	119	516	117	239	21	232	20	213	12	212	14	218	16
109	482	136	519	117	518	127	395	69	354	55	353	64	385	70	306	41	302	42	308	77	411	78
109	482	136	545	125	543	127	395	69	354	55	353	64	359	56	292	36	281	33
142	507	114	505	131	534	121	474	107	477	134	487	110
99	235	20	232	21	237	23	247	57	363	61
128	553	140	562	138	457	99	453	97	316	45	313	46	320	48	320	46	322	148	322	46	320	48	327	49	328	73	404	144
101	460	104	384	63	342	53	304	41	284	33
101	460	104
62	334	51	333	58	341	53	304	41	284	33
62	338	52	330	50	332	71	391	68	392	72	401	115	508	116	515	141	531	120	527	125	517	117	516	119	524	138
60	348	54	340	53	342	63	372	59	373	101
142	339	52	338	62	334	51	333	58	341	53
2	176	16	219	15	220	19	229	20	232	21	239	117	516	119	525	140	484	109	481	128	552	139	560	134
34	272	31	274	40	290	36	292	56	358	57	366	117	519	136	482	109
34	272	31	274	40	290	36	292	56	359	64	378	61	379	69	395	127	518	117	519	136	482	109
70	293	36	294	159	588	165
29	262	35	286	34
74	406	146	571	147	574	149	172	1	170	3	178	16	210	11
136	519	117	366	57	364	64	385	70	306	41	302	42	308	77	411	78	413	79	414	80
158	584	155
92	438	88	439	166	597	161	362	56	359	64
22	241	23	247	57	363	61	352	55	351	60	367	58	368	62
34	287	37	295	38	298	162	587	159	586	161	595	164	255	25	243	22	233	20	234	97
62	371	59	374	104	463	105	447	95	445	94	417	79	413	78
62	338	52	330	50	332	71	391	68	392	72	402	123	538	137	559	133	470	106	465	118	521	129	554	136
78	413	79	417	94	345	53	344	93	383	63	382	62	338	52	330	50	330	52	339	142	558	132
62	338	52	330	50	332	71	398	114	498	113	501	131	534	121	474	107	477	134	560	139
109	484	140	562	138	457	99	450	96	315	45	313	46
138	562	140	561	136	545	125	527	120	531	141	515	116	508	115	401	72	392	68	376	60	367	58	368	62
92	438	88	439	166	597	161	362	56	359	64	353	55	354	69	394	120	466	106	464	107	474	121
20	213	12	202	10	206	164	601	165
134	471	106	468	124	512	116	508	115	356	55	346	54	340	53	310	44
20	213	12	202	10	206	164	595	161	586	159	587	162	587	159	294	36	281	33
144	410	76	409	143	168	0	167	1	169	2	175	5	182	9	187	6
132	557	131
34	287	37	295	38	298	162	587	159	586	161	595	164	255	25	243	22	233	20	235	99
162	433	86	431	88	421	83
139	483	109	482	136	545	125	517	117	239	21	236	22
82	309	43	300	39	278	32	276	34	287	37	295	38	298	162	599	166	594	160	591	163	193	7	186	6	187	9	199	27	181	4	174	2
34	286	35	262	29
62	371	59	374	104	460	101
20	213	12	202	10	206	164	595	161	586	159	587	162	298	38	288	34	276	32
139	483	109	482	136	545	125	517	117	248	23	245	25	255	164	601	165
33	284	41	304	53	341	58	368	62
64	359	56	251	24	204	10	201	11	210	16
138	457	99	453	97	316	45	313	46	322	148
83	421	88	439	166	599	162	587	159	294	36	259	28	261	40	283	33	284	41	303	44
20	232	21	239	117	517	125	527	120	531	141	515	116	508	115	356	55	346	54	347	58	368	62
92	432	86	268	30	265	34
6	187	9	182	5	175	2	169	1	172	149
62	334	51	333	58	341	53	304	41	284	33
16	219	15	220	19	229	20	232	21	239	117	516	119	525	140	546	125	544	129	521	118
110	478	109	479	111	456	99	453	97	316	45	313	46	320	48	320	46	322	148	322	46	320	48	327	49	329	76	409	143	564	147
62	334	51	336	66	375	60	351	55	352	61	363	57	247	23	241	22	214	12	198	9	182	5	175	2
62	338	52	330	50	332	71	397	72	401	115	508	116	515	141	531	120	527	125	546	140
20	233	22	243	25	255	164	595	161	597	166	439	88	438	92
62	338	52	330	50	332	71	398	114	498	113	501	131	534	121	474	107	477	134	560	139
61	352	55	351	60	367	58	368	62
78	411	77	308	42	302	41	306	70	385	64	378	61	379	69	395	127	543	125	545	136	551	128	481	109	478	110
62	338	52	339	142	558	132	557	131	556	130	533	121	474	107	477	134	487	110
32	275	33	284	41	305	65	349	54	346	55	356	115	508	116	512	124	468	106	464	107	477	134	487	110
62	334	51	336	66	375	60	351	55	352	61	363	57	247	23	241	22
97	453	99	456	111	479	109	478	110	488	135	488	110	488	135	497	112	495	130	533	121	534	131	557	132
2	175	5	182	9	194	8	194	9	200	163	591	160	594	166	599	162	298	38	288	34
34	287	37	295	38	298	162	599	166	594	160	591	163	200	9	194	8	194	9	197	11	210	16	221	17	225	145	569	148
82	412	77	411	78
165	603	166	439	88	438	92	436	87	435	91	440	89	441	150	576	156	582	153	583	157	579	151
54	350	70	360	56	251	24	204	10	202	12	207	11	210	16
33	285	42	302	41	304	53	341	58	333	51	337	67	331	50	330	52	339	142	558	132
78	411	77	308	42	302	41	306	70	385	64	353	55	354	69	395	127	543	125	545	136	554	129	521	118
118	521	129	554	136	545	125	517	117	248	23	245	25	249	24	251	56	361	159
95	442	93	344	53	340	54	346	55	354	69	365	57	366	117	516	119
62	338	52	330	50	332	71	397	72	402	123	538	137	537	122	467	106	465	118
90	422	83	421	88	439	166	603	165
110	487	134	522	118	465	106	470	133	559	137	538	123	402	72	392	68	389	67	337	51	334	62	371	59	374	104	460	101
92	438	88	439	166	597	161	257	26	246	23	248	117	519	136
148	322	46	313	45	316	97	234	20
155	584	158
62	334	51	336	66	375	60	351	55	352	61	363	57	247	23	241	22
62	334	51	336	66	375	60	351	55	352	61	363	57	247	23	241	22	214	12	211	13	208	11	210	16	176	2	169	1	172	149	574	147	571	146	406	74	405	144
33	281	36	292	56	358	57	366	117	519	136
97	448	96	315	45	313	46	320	48	320	46	322	148	322	46	320	48	327	49	328	73	404	144
62	334	51	333	58	341	53	343	65	386	70	360	56	361	159	588	165
62	334	51	336	66	375	60	351	55	352	61	363	57	247	23	241	22	214	12	207	11	210	16
16	210	11	197	9	194	8	194	9	200	163	591	160	594	166	599	162	298	38	288	34
55	355	70	306	41	302	42	308	77	411	78
83	421	88	439	166	597	161	362	56	359	64	353	55	354	69	396	141	542	124	468	106	465	118
62	338	52	330	50	332	71	397	72	399	113	499	122	467	106	469	129	550	128
110	478	109	479	111	456	99	453	97	316	45	313	46	320	48	320	46	322	148	322	46	320	48	327	49	328	73	404	144
2	175	5	182	9	196	10	204	24	244	23	247	57	364	64	385	70	350	54	348	60	367	58	333	51	334	62
121	532	122	467	106	466	120	394	69	365	57	247	23	241	22
92	432	86	268	30	265	34	272	31	271	33
78	411	77	301	39	278	32	276	34	287	37	295	38	298	162	599	166	594	160	591	163	200	9	197	11
11	201	10	205	25	249	24	244	23	247	57	364	64	385	70	350	54	348	60	367	58	333	51	334	62
134	471	106	468	124	512	116	508	115	356	55	346	54	349	65	305	41	284	33	275	32	280	43
142	507	114	498	113	499	122	467	106	465	118	521	129	544	125	546	140
134	477	107	464	106	467	122	537	137	538	123	402	72	392	68	389	67	337	51	334	62	371	59	374	104	460	101
22	243	25	249	24	252	161	597	166	439	88	438	92	436	87	435	91	440	89	441	150	576	156	582	153	583	157
83	190	7	193	163
109	482	136	545	125	543	127	395	69	354	55
119	516	117	517	125	527	120	531	141	515	116	508	115	401	72	392	68	376	60	367	58	368	62
61	363	57	247	23	245	25	249	24	252	161	597	166	439	88	438	92
33	275	32	278	39	300	43	309	82
110	487	134	522	118	465	106	470	133	559	137	538	123	402	72	392	68	376	60	367	58	368	62
32	270	31	258	28
33	281	36	294	159	586	161	595	164	255	25	243	22	233	20
62	334	51	333	58	341	53	304	41	284	33	271	31	272	34
22	241	23	247	57	363	61	352	55	346	54	340	53	344	93	444	105	461	101
101	373	59	371	62	338	52	339	142
119	516	117	517	125	543	127	395	69	354	55	353	64	359	56	292	36	281	33
46	313	45	227	18	226	19	222	16
34	272	31	274	40	290	36	292	56	359	64	378	61	379	69	395	127	543	125	545	136	551	128	552	139
131	501	113	500	123	511	116	508	115	356	55	346	54	350	70	293	36	290	40	274	31	272	34
165	601	164	206	10	201	11	210	16
119	516	117	366	57	363	61	380	115	401	72	399	113	502	132
80	414	79	413	78	411	77	301	39	282	33
20	233	22	243	25	255	164	595	161	586	159	587	162	298	38	288	34
33	284	41	304	53	341	58	368	62
46	313	45	316	97	453	99	456	111	479	109	478	110
44	303	41	304	53	341	58	368	62
110	487	134	522	118	465	106	470	133	513	116	511	123	504	114
92	438	88	437	90	422	83	190	7	186	6	187	9	182	5	175	2	169	1	167	0	167	1	172	149	574	147	571	146	565	144
33	281	36	292	56	359	64	353	55	354	69	395	127	543	125	545	136	551	128	481	109	478	110
16	216	13	211	12	214	22	241	23	247	57	363	61
82	309	43	300	39	278	32	276	34	287	37	295	38	298	162	598	165
34	286	35	262	29
33	284	41	304	53	341	58	368	62	338	52
157	583	153	582	156	576	150	441	89	440	91	435	87	436	92	432	86	268	30	267	38	295	37	273	31
118	521	129	554	136	561	140	525	119	516	117	239	21	232	20	213	12	212	14	218	16
95	445	94	417	79	413	78
2	176	16	219	15	220	19	229	20	232	21	239	117	517	125	527	120	531	141	515	116	511	123	500	113	501	131
91	435	87	436	92	438	88	439	166	603	165
62	338	52	330	50	332	71	397	72	402	123	538	137	559	133	470	106	465	118
78	411	77	301	39	278	32	276	34	287	37	295	38	298	162	599	166	594	160	591	163	200	9	194	8	194	9	197	11	210	16
62	338	52	330	50	332	71	398	114	498	113	499	122	475	107	472	112	495	130
62	338	52	330	50	332	71	391	68	392	72	402	123	538	137	559	133	470	106	465	118	521	129	554	136
55	354	69	394	120	530	136	482	109
62	338	52	330	50	332	71	397	72	401	115	510	141
118	465	106	467	122	535	131	557	132	558	142	339	52	338	62
144	404	73	328	49	327	48	320	46	322	148	322	46	320	48	323	47	326	98	449	96	451	100	458	111	479	109	478	110
62	338	52	330	50	332	71	391	68	392	72	401	115	508	116	515	141	531	120	527	125	517	117	239	21	232	20
157	583	153	582	156	576	150	441	89	440	91	435	87	436	92	432	86	268	30	267	38	295	37	273	31	271	33
62	334	51	333	58	341	53	304	41	284	33
55	346	54	340	53	344	93	444	105	461	101
20	234	97	316	45	313	46	322	148	566	144
92	438	88	439	166	597	161	257	26	246	23	248	117	517	125
34	287	37	295	38	298	162	598	165	593	160	591	163	200	9	194	8	194	9	197	11	210	16
61	363	57	247	23	241	22	214	12	207	11	210	16
8	194	9	200	163	591	160	594	166	599	162	587	159	294	36	259	28	261	40	283	33	282	39	299	42	308	77	411	78
141	357	55	351	60	375	66	387	67	337	51	334	62	371	59	374	104
165	588	159	294	36	259	28	261	40	283	33	285	42	302	41	304	53	341	58	368	62
99	235	20	213	12	212	14	218	16	176	2
62	334	51	336	66	375	60	351	55	352	61	363	57	247	23	241	22	214	12	207	11	210	16
165	601	164	206	10	195	8	194	9	197	11	210	16
106	467	122	537	137	538	123	402	72	377	60	367	58	368	62
62	338	52	330	50	332	71	397	72	401	115	508	116	515	141	531	120	530	136	482	109
55	346	54	349	65	305	41	302	42	308	77	411	78
16	210	11	197	9	194	8	195	10	206	164	601	165
62	371	59	373	101
2	175	5	185	27	199	9	187	6	186	7	193	163	591	160	594	166	599	162	587	159	294	36	259	28	261	40	283	33	282	39	299	42	308	77	411	78
46	313	45	227	18	226	19	222	16
34	265	30	268	86	432	92	436	87	435	91	440	89	441	150	576	156	582	153	583	157
33	281	36	292	56	358	57	366	117	517	125	545	136	551	128	481	109	478	110
157	583	153	582	156	576	150	441	89	440	91	435	87	436	92	438	88	439	166	597	161	257	26	246	23	248	117	517	125
46	313	45	316	97	453	99	457	138	562	140	561	136
78	411	77	412	82	420	81
62	338	52	330	50	332	71	391	68	392	72	401	115	508	116	515	141	531	120	527	125	545	136	561	140	562	138
46	313	45	227	18	226	19	222	16	210	11	197	9	194	8	195	10	206	164	601	165
62	338	52	330	50	332	71	398	114	498	113	501	131	534	121	533	130	495	112	497	135	488	110	478	109	479	111	456	99
46	320	48	320	46	322	148	322	46	320	48	327	49	328	73	404	144	405	74
125	517	117	366	57	358	56	292	36	291	41	302	42	308	77	411	78
16	210	11	197	9	194	8	194	9	200	163	591	160	594	166	599	162	298	38	288	34	272	31	271	33
62	338	52	330	50	332	71	398	114	498	113	501	131	534	121	474	107	477	134	487	110
144	405	74	406	146	571	147	568	145	225	17	179	3	173	2
34	276	32	278	39	299	42	307	44	312	94	345	53	344	93	383	63	382	62
101	460	104	374	59	371	62
110	487	134	522	118	465	106	468	124	512	116	508	115	356	55	346	54	349	65	305	41	303	44	311	79	413	78	411	77	412	82
10	203	22	236	21	239	117	517	125	545	136	551	128	481	109	478	110
164	253	24	244	23	247	57	363	61
139	523	118	465	106	467	122	535	131	557	132	558	142	339	52	338	62
41	284	33	282	39	278	32	276	34	265	30	268	86	432	92
134	477	107	474	121	534	131	557	132	558	142	339	52	338	62
16	216	13	211	12	202	10	204	24	251	56	359	64	353	55
132	502	113	399	72	401	115	380	61
157	579	151	577	152	580	155	584	158
34	276	32	278	39	301	77	411	78
92	438	88	439	166	597	161	252	24	250	26	246	23	248	117	517	125	545	136	551	128	481	109	478	110
139	483	109	482	136	545	125	543	127	395	69	354	55	353	64	359	56	292	36	259	28	258	31	272	34
101	460	104	384	63	342	53	343	65	386	70	385	64
43	300	39	278	32	276	34	272	31	274	40	290	36	292	56	359	64	378	61	379	69	395	127	543	125	545	136	551	128	481	109	478	110
139	523	118	465	106	467	122	535	131
110	485	112	495	130	556	131	557	132	558	142	339	52	338	62	368	58	341	53	304	41	291	36	294	159	589	166	439	88	437	90	425	84	191	7	189	9	196	10	204	24	251	56	360	70	350	54	347	58	368	62
144	404	73	328	49	327	48	323	47	324	96	450	99
144	404	73	328	49	327	48	320	46	322	148	322	46	320	48	320	46	313	45	316	97	234	20	233	22
16	176	2	169	1	172	149	574	147	571	146	406	74	405	144
162	598	165	593	160	591	163
22	241	23	247	57	363	61	352	55	346	54	340	53	344	93	444	105	461	101
125	517	117	248	23	245	25	255	164	601	165
139	523	118	465	106	468	124	512	116	508	115	356	55	346	54	349	65	305	41	303	44
99	235	20	233	22	243	25	255	164	595	161	586	159	587	162	587	159	294	36	281	33
34	276	32	278	39	299	42	307	44	312	94	345	53	344	93	383	63	382	62
62	371	59	373	101
140	561	136	545	125	527	120	531	141	515	116	508	115	401	72	392	68	376	60	367	58	368	62
118	521	129	544	125	517	117	239	21	236	22
46	313	45	315	96	450	99
118	465	106	467	122	535	131	557	132	558	142	339	52	338	62
97	453	99	457	138	562	140	546	125
154	429	85	428	91	435	87	436	92	432	86	268	30	265	34
33	281	36	293	70	350	54	346	55	356	115	508	116	512	124	468	106	464	107	477	134
62	334	51	333	58	341	53	304	41	284	33	271	31	272	34
78	411	77	301	39	278	32	276	34	265	30	268	86	432	92
55	352	61	363	57	247	23	241	22	214	12	207	11
92	432	86	433	162	598	165	601	164	206	10	203	22
78	411	77	301	39	278	32	276	34	287	37	295	38	298	162	587	159	586	161	595	164	206	10	203	22
132	502	113	399	72	401	115	380	61
33	281	36	292	56	359	64	378	61	379	69	395	127	543	125	545	136	551	128	552	139
157	583	153	582	156	576	150	441	89	440	91	435	87	436	92
78	413	79	311	44	310	53	341	58	368	62
110	487	134	522	118	465	106	470	133	559	137	538	123	402	72	392	68	376	60	367	58	368	62
33	284	41	305	65
139	523	118	465	106	467	122	499	113	502	132
11	197	9	187	6
22	233	20	235	99	456	111	491	135	497	112	494	121	534	131
34	276	32	278	39	299	42	307	44	312	94	345	53	344	93	383	63	382	62
11	210	16	176	2	169	1	172	149	574	147
139	523	118	465	106	470	133	559	137	538	123	402	72	377	60	367	58	368	62
82	309	43	280	32	276	34
34	276	32	278	39	301	77	412	82	412	77
2	175	5	182	9	194	8	194	9	200	163	591	160	594	166	599	162	587	159	294	36	281	33
62	334	51	333	58	341	53	304	41	284	33	271	31	272	34	265	30
78	411	77	301	39	278	32	276	34	287	37	295	38	298	162	599	166	594	160	591	163	200	9	194	8	194	9	197	11	210	16
101	460	104	384	63	382	62	338	52	330	50	332	71	398	114	498	113	501	131	534	121	474	107	477	134	560	139
32	270	31	273	37	295	38	298	162	587	159	586	161	595	164	255	25	243	22	233	20
62	334	51	333	58	341	53	304	41	284	33
33	281	36	292	56
106	467	122	535	131	557	132	558	142	339	52	338	62
62	334	51	333	58	341	53	343	65	386	70	360	56	361	159	588	165
62	334	51	336	66	375	60	351	55	352	61	363	57	247	23	241	22	214	12	198	9	182	5	175	2
20	232	21	239	117	517	125	527	120	531	141	515	116	514	137	503	113	502	132
136	530	120	531	141	515	116	508	115	356	55	346	54	349	65	305	41	303	44	311	79	413	78
34	272	31	274	40	290	36	293	70	350	54	346	55	356	115	508	116	513	133	536	122	532	121
20	232	21	239	117	516	119	525	140	484	109	483	139
142	507	114	505	131	534	121	474	107	477	134	487	110
154	429	85	428	91	435	87	436	92	438	88	439	166	597	161	595	164	206	10	203	22
62	334	51	333	58	341	53	310	44	307	42	299	39	278	32	276	34	265	30	268	86	432	92	436	87	435	91	440	89	441	150	576	156	582	153	583	157
16	219	15	220	19	229	20	232	21	239	117	517	125	527	120	531	141	515	116	514	137	503	113	502	132
55	352	61	363	57	247	23	237	21	232	20
79	311	44	303	41	284	33
0	168	143	408	75
55	353	64	359	56	251	24	204	10	195	8	194	9	187	6
101	460	104	374	59	371	62
118	465	106	468	124	512	116	508	115	356	55	346	54	350	70	293	36	290	40	274	31	272	34
70	355	55	352	61
106	467	122	535	131	557	132	558	142	339	52	338	62
16	216	13	211	12	202	10	204	24	251	56	359	64	353	55
144	404	73	328	49	327	48	320	46	313	45	230	19
62	338	52	330	50	332	71	397	72	401	115	508	116	515	141	531	120	530	136	482	109
2	177	17	223	18	227	45	315	96
121	532	122	499	113	399	72	377	60	348	54	340	53	310	44
62	338	52	330	50	332	71	397	72	401	115	510	141
2	175	5	182	9	194	8	194	9	200	163	591	160	594	166	599	162	587	159	294	36	259	28	258	31	271	33
73	403	76	410	144	404	73	328	49	327	48	320	46
148	322	46	320	48	320	46	313	45	316	97	234	20	232	21	237	23	247	57	363	61	352	55
62	338	52	339	142	558	132	557	131	535	122	467	106
62	334	51	333	58	341	53	304	41	284	33
62	334	51	333	58	341	53	304	41	284	33	275	32	280	43
46	313	45	230	19	229	20	232	21	237	23	247	57	363	61	352	55
11	197	9	187	6
91	440	89	441	150	441	89	424	84	425	90	422	83
158	584	155	580	152	577	151	579	157
165	598	162	587	159	294	36	259	28	261	40	283	33	285	42	302	41	304	53	341	58	368	62
20	234	97	316	45	313	46	320	48	320	46	322	148	322	46	320	48	327	49	328	73	404	144
29	262	35	286	34
34	265	30	268	86	432	92	436	87	435	91	440	89	441	150	576	156	582	153	578	151	577	152	577	151	577	152	580	155
62	334	51	333	58	341	53	304	41
16	210	11	197	9	194	8	194	9	200	163	423	83	422	90	437	88	438	92
70	385	64	378	61	363	57	247	23	241	22
149	570	145	318	45	315	96	450	99
34	286	35	262	29
134	560	139	483	109	484	140	525	119	516	117	239	21	232	20	213	12	212	14	218	16
136	519	117	518	127	395	69	379	61	378	64	385	70	306	41	303	44
92	438	88	439	166	597	161	362	56	358	57	363	61
32	270	31	273	37	295	38	298	162	599	166	600	163	200	9	194	8	194	9	197	11	183	5	175	2
78	413	79	311	44	310	53	342	63	382	62	338	52	339	142
62	338	52	330	50	330	52	339	142	558	132
164	206	10	196	9
62	338	52	330	50	332	71	398	114	505	131
55	353	64	359	56	251	24	204	10	195	8	194	9	200	163	188	6
92	438	88	437	90	422	83	423	163	200	9	194	8	194	9
121	532	122	536	133	513	116	508	115	356	55	346	54	349	65	305	41	302	42	308	77	411	78
136	530	120	394	69	354	55	353	64	385	70	306	41	303	44
92	438	88	437	90	422	83	423	163
34	272	31	271	33	284	41	303	44	312	94	445	95
110	478	109	484	140	525	119	516	117	239	21	232	20	213	12	198	9	194	8
141	357	55	346	54	349	65	305	41	302	42	308	77	411	78	411	77	412	82
110	478	109	482	136	545	125	517	117	248	23	241	22	203	10	195	8	194	9	200	163	188	6
62	338	52	339	142	558	132
163	200	9	194	8	195	10	203	22	236	21	239	117	519	136
82	412	77	411	78
16	210	11	201	10	206	164	601	165
44	303	41	306	70	385	64	353	55	354	69	395	127	543	125	545	136	554	129	521	118
62	334	51	336	66	375	60	351	55	352	61	363	57	247	23	241	22	214	12	211	13	208	11	210	16	176	2	169	1	172	149	570	145	567	146	565	144
99	456	111	479	109	478	110	489	139	523	118	465	106	470	133	559	137	538	123	402	72	377	60	367	58	368	62
55	355	70	306	41	302	42	308	77	411	78	411	77	412	82
2	175	5	185	27	199	9	187	6	186	7	190	83
82	412	77	411	78	411	77	308	42	302	41	306	70	355	55
21	236	22	243	25	249	24	252	161	586	159	587	162	587	159	294	36	259	28	261	40	283	33	284	41	303	44
165	596	161	257	26	246	23	248	117	517	125	545	136	551	128	481	109	478	110
99	238	21	239	117	517	125	527	120	526	124	541	137
92	432	86	268	30	265	34
34	287	37	295	38	298	162	599	166	600	163	200	9	197	11
53	340	54	346	55	356	115	508	116	512	124	468	106	464	107	477	134	487	110
2	175	5	185	27	199	9	187	6	186	7	193	163	591	160	593	165
61	378	64	385	70	306	41	303	44
6	187	9	197	11
55	352	61	363	57	247	23	241	22	214	12	207	11	210	16
139	523	118	465	106	467	122	535	131	557	132	558	142	339	52	338	62
163	591	160	594	166	599	162	587	159	294	36	259	28	261	40	283	33	285	42	302	41	304	53	341	58	368	62
62	338	52	339	142	507	114	505	131	534	121
83	422	90	437	88	438	92	436	87	435	91	440	89
78	411	77
132	502	113	503	137	514	116	515	141	531	120	527	125	517	117	239	21	232	20
163	200	9	194	8	195	10	203	22	241	23	248	117
99	235	20	232	21	237	23	247	57	363	61
157	583	153	582	156	576	150	441	89	440	91	435	87	436	92	438	88	439	166	597	161	252	24	250	26	246	23	248	117	517	125	545	136	551	128	552	139
16	221	17	225	145	569	148	566	144
138	562	140	546	125	544	129	521	118	465	106	467	122	535	131
92	438	88	439	166	603	165	588	159	294	36
34	272	31	274	40	290	36	293	70	355	55	357	141
34	272	31	274	40	290	36	293	70	355	55
62	371	59	374	104	460	101
34	287	37	295	38	298	162	587	159	586	161	595	164	255	25	243	22	233	20
141	396	69	365	57	247	23	241	22	203	10	195	8	194	9	200	163
75	408	143	564	147	574	149
99	456	111	479	109	478	110	488	135	497	112	495	130	533	121
165	598	162	587	159	294	36	259	28	261	40	283	33	282	39	299	42	308	77	411	78
136	519	117	518	127	395	69	354	55	353	64	359	56	292	36	281	33
6	187	9	194	8	195	10	205	25	254	26	256	56	359	64	385	70	350	54	340	53	344	93	444	105	461	101
148	322	46	320	48	320	46	313	45	316	97	453	99	457	138	562	140	561	136
109	484	140	562	138	457	99	453	97	316	45	313	46	320	48	320	46	322	148	322	46	320	48	327	49	328	73	404	144
139	523	118	465	106	467	122	535	131	557	132
132	558	142	339	52	338	62	371	59	374	104	460	101
131	535	122	467	106	465	118	521	129	554	136
22	243	25	249	24	252	161	596	165	603	166	439	88	438	92	436	87	435	91	428	85	429	154	581	153	578	151	577	152	580	155	584	158
99	235	20	233	22	243	25	255	164	595	161	586	159	587	162	587	159	294	36	281	33
16	210	11	197	9	194	8	194	9	200	163	591	160	594	166	599	162	587	159	294	36	259	28	261	40	283	33	282	39	299	42	308	77	411	78
110	478	109	479	111	456	99	453	97	316	45	313	46	320	48	320	46	322	148	566	144
142	339	52	338	62	371	59	374	104	443	93	442	95
16	210	11	197	9	194	8	194	9	200	163	591	160	594	166	599	162	587	159	294	36	259	28	261	40	283	33	282	39	299	42	308	77	411	78
109	481	128	550	129	521	118	465	106	467	122	535	131	557	132	558	142	339	52	338	62
139	523	118	465	106	467	122	535	131	557	132	558	142	339	52	338	62
62	338	52	330	50	332	71	398	114	498	113	501	131	534	121	474	107	477	134	560	139	483	109
83	190	7	189	9	199	27
148	322	46	320	48	323	47	326	98	449	96	451	100	458	111	479	109
94	312	44	303	41	284	33	271	31	272	34
118	521	129	529	120	394	69	365	57
33	281	36	293	70	355	55	357	141
92	432	86	268	30	265	34	276	32	278	39	300	43	309	82
136	519	117	366	57	364	64	385	70	306	41	302	42	308	77	411	78	413	79	414	80
139	483	109	484	140	562	138	457	99	453	97	316	45	313	46	320	48	320	46	322	148	566	144
92	438	88	437	90	422	83	190	7	186	6	187	9	199	27	181	4	174	2	176	16
136	530	120	531	141	515	116	508	115	401	72	392	68	376	60	367	58	368	62
78	413	79	417	94	345	53	344	93	383	63	382	62
105	444	93	344	53	340	54	346	55	354	69	394	120	527	125
11	209	14	217	15	220	19	229	20	232	21	239	117	516	119	516	117	519	136
92	438	88	439	166	597	161	362	56	358	57	363	61
41	303	44
99	457	138	562	140	484	109	483	139
157	585	156	576	150	441	89	424	84	425	90	437	88	438	92	432	86	268	30	267	38	295	37	273	31	271	33
95	446	101
110	478	109	484	140	562	138
62	338	52	339	142	558	132	557	131	534	121	474	107	477	134	487	110
140	562	138	457	99	453	97	316	45	313	46	320	48	320	46	322	148	322	46	320	48	327	49	328	73	404	144
34	287	37	295	38	298	162	599	166	594	160	591	163	200	9	194	8	194	9	197	11	210	16
138	562	140	561	136	545	125	543	127	395	69	379	61	378	64	359	56	292	36	281	33
68	376	60	367	58	368	62	371	59	373	101
110	487	134	522	118
55	353	64	359	56	251	24	204	10	196	9	182	5	175	2
139	523	118	465	106	470	133	559	137	538	123	402	72	392	68	376	60	367	58	368	62
62	338	52	330	50	332	71	391	68	392	72	401	115	508	116	515	141	531	120	527	125	517	117	239	21	232	20
157	583	153	582	156	576	150	441	89	440	91	435	87	436	92	438	88	439	166	603	165	601	164	206	10	203	22
6	187	9	196	10	203	22
62	338	52	330	50	332	71	398	114	498	113	501	131	534	121	474	107	477	134	560	139
142	339	52	330	50	330	52	338	62
16	176	2	169	1	167	0	167	1	169	2	175	5	182	9	187	6	186	7	191	84	424	89	441	150	576	156	582	153	583	157
78	413	79	417	94	345	53	344	93	383	63	382	62	338	52	339	142	558	132
83	422	90	437	88	438	92
62	334	51	336	66	370	58	347	54	350	70	360	56	251	24	242	22	214	12	211	13	216	16	176	2
2	169	1	167	0	168	143	408	75
118	465	106	468	124	512	116	508	115	356	55	346	54	350	70	293	36	290	40	274	31	272	34
118	521	129	554	136	545	125	517	117	248	23	244	24	249	25	249	24	252	161	586	159	587	162	298	38	267	30	267	38
16	216	13	211	12	202	10	204	24	251	56	359	64	353	55	346	54	340	53
101	460	104	384	63	382	62	338	52	330	50	332	71	391	68	392	72	402	123	538	137	537	122	467	106	465	118
99	457	138	562	140	484	109	483	139
34	287	37	295	38	298	162	599	166	594	160	591	163	193	7	186	6
101	460	104	374	59	371	62
16	210	11	197	9	189	7	190	83
78	411	77	308	42	302	41	306	70	355	55	357	141
55	355	70	293	36	259	28	258	31	272	34
34	272	31	274	40	290	36	293	70	350	54	348	60	377	72	399	113	501	131
101	373	59	371	62
95	442	93	344	53	343	65	386	70	360	56	362	161	595	164	206	10	195	8	194	9	197	11	210	16
82	309	43	300	39	278	32	276	34	287	37	295	38	298	162	599	166	594	160	591	163	200	9	197	11	210	16
157	579	151	577	152	580	155	584	158
6	188	163	591	160	593	165	598	162	587	159	294	36	281	33
34	287	37	295	38	298	162	599	166	594	160	591	163	193	7	186	6
165	588	159	361	56	359	64	353	55	356	115
61	380	115	401	72	399	113	502	132
16	210	11	197	9	194	8	195	10	206	164	601	165
144	404	73	328	49	327	48	320	46	322	148	322	46	320	48	323	47	326	98	449	96	451	100	458	111	479	109	478	110
62	338	52	330	50	332	71	391	68	392	72	401	115	508	116	515	141	531	120	527	125	517	117	516	119	524	138
131	557	132	558	142	339	52	338	62
28	258	31	272	34
165	588	159	361	56	358	57	366	117	519	136
80	414	79	413	78
136	530	120	394	69	354	55	346	54	340	53	344	93
62	334	51	336	66	375	60	351	55	352	61	363	57	247	23	241	22	214	12	198	9	182	5	175	2
151	579	157
110	487	134	522	118	465	106	468	124	512	116	508	115	356	55
165	588	159	361	56	359	64	353	55	354	69	393	115	508	116	513	133
62	338	52	330	50	332	71	391	68	392	72	402	123	538	137	559	133	470	106	465	118	521	129	554	136
139	523	118	465	106	467	122	535	131	557	132	558	142	339	52	338	62
33	271	31	258	28	259	36	294	159	586	161	595	164	255	25	243	22	233	20
46	313	45	230	19	229	20	233	22
33	271	31	272	34	286	35	262	29
163	200	9	198	12
62	371	59	373	101
101	460	104	384	63	335	51	337	67	331	50	332	71	398	114	498	113	501	131	534	121	474	107	477	134	560	139
99	235	20	233	22
157	583	153	582	156	576	150	441	89	440	91	435	87	436	92	432	86	268	30	267	38	295	37	273	31	271	33
2	175	5	182	9	194	8	194	9	200	163	591	160	594	166	599	162	298	38	288	34
141	357	55	355	70	293	36	259	28	258	31	272	34
136	561	140	562	138	457	99	453	97	316	45	313	46	320	48	320	46	322	148	322	46	320	48	327	49	328	73	404	144
121	534	131	505	114	398	71	332	50	330	52	338	62
55	354	69	394	120
148	569	145	570	149	172	1	167	0	167	1	169	2	175	5	182	9	187	6	186	7	193	163	591	160	594	166	599	162	587	159	294	36	281	33
22	241	23	247	57	363	61	352	55	351	60	367	58	368	62	338	52
4	174	2	176	16	221	17	223	18	227	45	313	46
68	376	60	367	58	368	62
141	510	115	401	72	392	68	389	67	337	51	334	62	371	59	374	104
62	334	51	333	58	341	53	304	41	284	33
136	519	117	518	127	395	69	379	61	378	64	359	56	292	36	259	28	258	31	273	37	295	38	267	30
110	487	134	522	118	465	106	468	124	542	141
144	410	76	409	143	563	146	571	147	574	149	172	1	170	3	173	2	175	5	182	9	196	10	204	24	244	23	247	57	364	64	385	70	350	54	340	53	344	93	444	105	461	101
46	313	45	230	19	222	16	210	11	201	10
105	444	93	344	53	340	54	346	55	354	69	394	120	530	136
34	272	31	271	33	284	41	304	53	344	93	444	105
92	438	88	439	166	603	165	603	166	597	161	362	56	358	57	363	61	381	141
118	521	129	544	125	546	140	525	119	516	117	239	21	232	20	213	12	212	14	218	16
92	438	88	439	166	597	161	252	24	244	23	248	117	517	125	545	136	551	128	481	109	478	110
83	422	90	192	7	189	9	199	27	181	4	174	2	176	16
132	558	142	339	52	338	62
22	203	10	195	8	194	9	200	163
97	231	19	222	16	176	2
62	338	52	330	50	332	71	397	72	402	123	538	137	537	122	467	106	465	118
64	353	55	346	54	347	58	333	51	334	62
132	502	113	399	72	401	115	380	61
22	242	24	252	161	586	159	587	162	587	159	294	36	259	28	261	40	283	33	285	42	307	44	311	79	413	78
20	233	22	243	25	255	164	595	161	597	166	439	88	438	92	436	87	435	91	440	89	441	150	576	156	582	153	583	157
2	176	16	219	15	220	19	229	20	232	21	239	117	517	125	527	120	531	141	515	116	514	137	503	113	501	131
165	588	159	361	56	359	64	353	55	354	69	396	141	542	124	468	106	465	118
55	353	64	359	56	362	161	597	166	439	88	438	92	436	87	435	91	440	89	441	150	576	156	582	153	583	157
134	471	106	468	124	512	116	508	115	356	55	346	54	349	65	305	41	302	42	308	77	411	78
157	583	153	582	156	576	150	441	89	440	91	435	87	436	92	438	88	439	166	597	161	362	56	359	64	353	55
46	313	45	230	19	229	20
136	530	120	531	141	515	116	508	115	401	72
144	404	73	328	49	327	48	320	46	322	148	322	46	320	48	320	46	313	45	316	97	453	99	457	138	492	111	479	109
75	408	143	564	147	574	149	172	1	170	3	178	16
22	242	24	251	56	292	36	291	41	303	44	312	94	445	95
49	328	73	404	144
62	334	51	336	66	375	60	351	55	352	61	363	57	247	23	241	22	214	12	207	11	210	16
33	285	42	307	44	312	94	445	95	447	105	461	101
62	334	51	333	58	341	53	310	44	307	42	299	39	278	32	276	34	265	30	268	86	432	92
121	534	131	557	132	558	142	339	52	338	62
148	569	145	225	17	179	3	173	2	175	5	182	9	196	10	204	24	250	26	256	56	359	64	353	55	346	54	340	53
2	175	5	183	11	207	12	214	22	241	23	247	57	363	61	352	55	351	60	376	68	389	67	337	51	334	62
34	272	31	274	40	290	36	293	70	350	54	346	55	356	115	508	116	512	124	468	106	465	118
62	338	52	330	50	332	71	391	68	392	72	401	115	508	116	515	141	531	120	527	125	517	117	516	119
80	414	79	413	78	411	77	301	39	278	32	276	34	265	30
62	338	52	330	50	332	71	398	114	498	113	501	131	534	121	474	107	477	134	487	110
118	465	106	467	122	535	131	557	132	558	142	339	52	338	62
160	591	163	423	83
139	523	118	465	106	470	133	559	137	538	123	402	72	377	60	367	58	368	62
118	465	106	467	122	535	131	557	132	558	142	339	52	338	62
158	584	155	580	152	577	151	579	157
6	187	9	194	8	195	10	203	22	241	23	248	117	517	125	545	136	551	128	481	109	478	110
92	432	86	268	30	265	34	276	32	278	39	299	42	307	44	312	94	345	53	344	93	383	63	382	62
62	338	52	339	142	558	132	557	131	556	130	533	121	474	107	477	134	487	110
139	523	118	465	106	470	133	559	137	538	123	402	72	377	60	367	58	368	62
132	502	113	499	122	467	106	465	118
62	338	52	339	142	558	132	557	131	534	121	474	107	477	134
101	460	104	384	63	335	51	337	67	331	50	332	71	397	72	401	115	510	141
136	519	117	518	127	395	69	379	61	352	55	346	54	340	53	344	93	444	105
62	334	51	333	58	341	53	310	44	307	42	299	39	278	32	276	34	265	30	268	86	432	92	436	87	435	91	440	89	441	150	576	156	582	153	583	157
110	478	109	479	111	456	99	453	97	316	45	313	46
99	450	96	315	45	313	46	320	48	320	46	322	148	322	46	320	48	327	49	329	76	410	144	404	73
62	334	51	333	58	341	53	304	41	284	33	282	39	278	32	276	34	265	30	268	86	432	92
22	236	21	239	117	519	136	551	128	552	139
62	338	52	330	50	332	71	397	72	401	115	510	141
2	175	5	182	9	194	8	194	9	200	163	591	160	594	166	599	162	298	38	267	30
165	588	159	294	36	293	70	355	55
155	580	152	577	151	577	152	580	155	584	158
132	557	131	534	121	474	107	477	134	560	139	483	109	479	111	492	138
134	477	107	464	106	468	124	512	116	508	115	356	55	346	54	340	53	310	44
78	411	77	301	39	278	32	276	34	265	30	268	86	432	92	438	88	437	90	422	83
125	543	127	395	69	354	55	346	54	340	53
141	357	55	353	64	359	56	256	26	257	161	597	166	439	88	421	83
62	334	51	333	58	341	53	304	41	284	33	271	31	272	34
82	412	77	411	78
101	373	59	372	63	335	51	337	67	331	50	332	71	398	114	498	113	499	122	532	121
62	371	59	374	104	463	105	447	95	445	94	417	79	413	78
61	363	57	247	23	237	21	232	20
121	532	122	467	106	466	120	394	69	354	55	353	64	359	56	292	36	290	40	274	31	272	34
118	521	129	554	136	545	125	517	117	248	23	244	24	253	164
33	283	40	261	28	259	36	294	159	588	165
131	501	113	399	72	377	60	348	54	350	70	293	36	290	40	274	31	272	34
118	465	106	468	124	512	116	508	115	356	55	346	54	340	53	310	44
163	200	9	199	27	181	4	174	2
165	588	159	294	36	259	28
92	432	86	433	162	598	165	601	164	206	10	203	22
106	466	120	394	69	365	57	247	23	241	22
44	303	41	291	36	292	56	358	57	366	117	519	136	551	128
44	303	41	305	65	349	54	346	55	356	115	508	116	512	124	468	106	464	107	477	134	487	110
99	450	96	324	47	323	48	327	49
136	530	120	394	69	354	55	346	54	347	58	368	62
109	482	136	519	117	518	127	395	69	354	55	353	64	359	56	292	36	259	28	258	31	272	34
16	216	13	211	12	214	22	241	23	247	57	363	61	352	55	351	60	376	68	376	60	367	58	368	62
141	357	55	355	70	293	36	281	33
92	438	88	431	86	297	38	295	37	273	31	271	33
33	271	31	258	28	259	36	294	159	586	161	595	164	206	10	201	11	210	16
2	176	16	219	15	220	19	229	20	232	21	239	117	516	119	525	140	484	109	483	139
144	404	73	328	49	327	48	320	46	322	148	322	46	320	48	320	46	313	45	227	18	226	19	222	16
110	478	109	482	136	530	120
139	523	118	465	106	468	124	512	116	508	115	356	55
62	371	59	374	104	460	101
148	569	145	570	149	172	1	170	3	173	2
136	561	140	525	119	516	117	239	21	232	20	213	12	212	14	218	16	176	2
62	338	52	330	50	330	52	339	142
92	438	88	437	90	422	83
131	557	132	558	142	339	52	338	62
34	286	35	262	29
99	456	111	479	109	478	110	487	134	522	118
62	371	59	374	104	460	101
141	531	120	530	136	561	140	562	138	457	99
34	276	32	278	39	299	42	307	44	312	94	345	53	344	93	383	63	382	62
83	422	90	437	88	438	92
77	411	78	411	77	412	82
22	214	12	211	13	208	11	210	16	221	17	223	18	227	45	313	46
33	284	41	303	44	311	79
22	241	23	247	57	363	61	352	55	351	60	367	58	368	62
62	334	51	336	66	375	60	351	55	352	61	363	57	247	23	244	24	253	164
2	175	5	185	27	199	9	187	6	186	7	190	83	422	90	437	88	438	92
62	334	51	336	66	375	60	351	55	352	61	363	57	366	117
62	334	51	336	66	375	60	351	55	352	61
80	414	79	413	78	413	79	417	94	345	53	344	93	383	63	382	62
162	298	38	295	37	260	28	261	40	283	33	285	42	302	41	304	53	341	58	368	62
53	340	54	346	55	352	61	363	57	247	23	241	22	214	12	207	11	210	16
62	334	51	336	66	375	60	351	55	352	61	363	57	247	23	241	22	214	12	198	9	182	5	175	2
110	478	109	482	136	545	125	517	117	248	23	245	25	249	24	252	161	597	166	439	88	438	92
109	482	136	519	117	518	127	395	69	354	55	353	64	385	70	306	41	303	44
2	176	16	219	15	220	19	229	20	232	21	239	117	518	127	549	141
141	549	127	518	117	239	21	232	20
157	583	153	582	156	576	150	441	89	440	91	435	87	436	92	432	86	268	30	265	34	276	32	278	39	299	42	307	44	312	94	345	53	344	93	383	63	382	62
110	478	109	479	111	456	99	453	97	316	45	313	46	322	148
29	262	35	286	34
46	313	45	315	96	450	99
16	210	11	201	10	206	164	601	165
82	412	77	411	78	413	79	417	94	345	53	344	93	383	63	382	62
143	168	0	167	1
20	233	22	243	25	255	164	595	161	586	159	587	162	298	38	288	34
28	258	31	271	33	284	41	304	53	341	58	368	62
99	450	96	315	45	313	46
74	405	144	410	76	407	75	408	143	168	0	167	1	169	2	175	5	182	9	187	6
62	338	52	330	50	330	52	339	142	558	132
128	550	129	544	125	527	120	531	141	515	116	508	115	401	72	377	60	367	58	368	62
34	272	31	274	40	290	36	293	70
55	351	60	377	72	399	113	502	132
33	271	31	272	34	286	35	262	29
62	338	52	330	50	332	71	398	114	498	113	501	131	534	121	474	107	477	134	560	139
134	477	107	464	106	468	124	512	116	508	115	356	55
29	262	35	277	32	270	31	271	33
149	172	1	169	2	175	5	182	9	187	6
33	271	31	258	28	259	36	294	159	586	161	595	164	206	10	201	11	210	16
118	521	129	554	136	561	140	525	119	516	117	239	21	232	20	213	12	212	14	218	16
6	187	9	199	27	181	4	174	2	176	16
81	420	82	420	81	415	79	413	78
33	283	40	261	28	259	36	294	159	586	161	595	164	206	10	195	8	194	9	197	11	210	16	176	2	169	1	172	149	574	147	571	146	406	74	405	144
8	194	9	187	6	187	9	182	5	175	2	169	1	167	0	168	143	408	75
163	591	160	593	165
34	272	31	258	28	259	36	292	56	358	57	363	61
46	313	45	316	97	453	99	457	138	524	119
96	451	100	458	111	479	109	478	110	489	139	523	118	465	106	470	133	559	137	538	123	402	72	377	60	367	58	368	62
139	523	118	465	106	467	122	535	131	557	132	558	142	339	52	338	62
78	413	79	311	44	310	53	342	63	382	62	338	52	330	50	330	52	339	142	507	114	505	131
8	195	10	206	164	206	10	203	22	241	23	247	57	363	61	352	55	351	60	376	68	376	60	367	58	368	62
132	502	113	503	137	514	116	515	141	531	120	527	125	517	117	239	21	232	20	213	12	212	14	218	16
11	201	10	206	164	601	165
2	177	17	223	18	227	45	313	46
61	352	55	355	70	293	36	290	40	274	31	272	34	286	35	262	29
55	356	115	508	116	512	124	468	106	464	107	477	134	487	110
6	187	9	199	27	181	4	174	2	176	16
49	328	73	404	144
80	414	79	413	78	411	77	308	42	302	41	305	65	349	54	346	55	356	115	508	116	512	124	468	106	465	118
148	569	145	570	149	172	1	167	0	167	1	169	2	175	5	182	9	187	6	186	7	193	163	591	160	593	165
147	564	143	408	75
55	354	69	394	120	529	129	550	128
118	522	134	487	110	478	109	479	111	456	99	453	97	316	45	313	46
62	334	51	336	66	375	60	351	55	353	64
46	313	45	227	18	226	19	222	16	210	11	197	9	194	8	195	10	206	164	601	165
16	210	11	197	9	194	8	195	10	206	164	601	165	598	162	587	159	294	36	281	33
99	235	20	232	21	237	23	247	57	363	61
34	272	31	274	40	290	36	292	56	359	64	378	61	379	69	395	127	543	125	545	136	551	128	552	139
121	532	122	467	106	466	120	394	69	354	55	355	70
96	448	97	453	99	457	138	562	140	484	109	483	139
46	322	148	322	46	320	48	327	49	328	73	404	144	404	73
144	405	74	406	146	571	147	574	149	172	1	170	3	178	16	210	11
62	338	52	339	142	558	132
62	371	59	374	104	460	101
110	478	109	482	136	545	125	543	127	395	69	354	55	353	64	359	56	292	36	290	40	274	31	272	34
97	234	20	213	12	202	10	206	164	601	165
91	435	87	436	92	438	88	439	166	603	165
11	210	16	221	17	225	145	569	148
62	334	51	336	66	375	60	351	55	352	61
33	285	42	302	41	304	53	341	58	368	62
2	175	5	182	9	194	8	194	9	200	163	591	160	594	166	599	162	587	159	294	36	281	33
34	272	31	274	40	290	36	292	56	359	64	353	55	354	69	395	127	518	117	519	136	482	109
70	350	54	348	60	377	72	399	113	499	122	532	121
16	216	13	211	12	202	10	204	24	250	26
44	303	41	304	53	341	58	368	62
83	421	88	439	166	597	161	362	56	359	64	353	55	357	141
155	580	152	577	151	577	152	580	155	580	152	577	151	578	153	581	154
78	413	79	417	94	445	95	446	101
132	502	113	503	137	514	116	515	141	531	120	527	125	517	117	239	21	232	20
78	413	79	311	44	310	53	344	93
93	344	53	310	44	311	79	413	78
22	243	25	249	24	252	161	586	159	587	162	298	38	288	34	272	31	271	33
16	210	11	197	9
165	596	161	362	56	359	64	353	55	354	69	396	141	542	124	468	106	471	134
62	371	59	373	101
44	303	41	305	65	349	54	346	55	356	115	508	116	512	124	468	106	464	107	477	134
36	292	56	358	57	363	61
22	203	10	195	8	194	9	189	7	190	83
101	460	104	384	63	342	53	343	65	386	70	360	56	362	161	595	164	206	10	201	11
64	359	56	251	24	242	22	233	20	234	97	448	96
78	411	77	308	42	302	41	306	70	355	55	352	61
34	272	31	274	40	290	36	293	70	350	54	346	55	356	115	508	116	512	124	468	106	465	118
78	411	77
132	558	142	339	52	330	50	331	67	337	51	333	58	341	53	310	44	311	79	413	78
104	384	63	342	53	340	54	346	55	352	61
138	562	140	561	136	554	129	521	118	465	106	467	122	532	121
155	580	152	577	151	579	157
138	457	99	453	97	316	45	313	46	320	48	320	46	322	148	322	46	320	48	327	49	328	73	404	144
148	322	46	320	48	320	46	313	45	316	97	234	20	232	21	237	23	247	57	363	61
118	465	106	468	124	512	116	508	115	356	55	346	54	340	53	304	41	284	33
34	272	31	274	40	290	36	292	56	359	64	353	55	354	69	395	127	518	117	519	136
99	457	138	562	140	561	136	545	125	527	120	531	141
136	554	129	521	118	465	106	467	122	535	131	557	132	558	142	339	52	338	62
62	338	52	330	50	332	71	397	72	401	115	508	116	515	141	531	120	527	125	544	129	550	128
30	265	34	276	32	278	39	299	42	307	44	310	53	344	93	444	105	461	101
165	593	160	591	163	200	9	194	8	194	9	197	11	210	16	221	17	223	18	227	45	313	46
62	338	52	330	50	332	71	398	114	498	113	501	131	534	121	474	107	477	134	560	139	483	109
2	176	16	219	15	220	19	229	20	232	21	239	117	516	119	525	140	484	109
131	557	132	558	142	339	52	338	62	371	59	374	104	460	101
147	574	149	172	1	169	2	175	5	182	9	187	6
118	465	106	468	124	512	116	508	115	356	55	346	54	350	70	293	36	281	33
33	281	36	292	56	358	57	363	61
61	363	57	247	23	241	22	203	10	195	8	194	9	200	163
99	450	96	315	45	313	46
34	287	37	295	38	298	162	599	166	594	160	591	163	200	9	194	8	194	9	197	11	210	16
62	338	52	330	50	332	71	397	72	402	123	538	137	559	133	470	106	465	118	521	129	554	136
125	543	127	395	69	354	55	346	54	340	53	344	93	442	95
8	195	10	206	164	601	165	598	162	587	159	294	36	259	28	261	40	283	33	282	39	301	77	411	78
92	432	86	268	30	265	34	276	32	278	39	299	42	307	44	312	94	345	53	344	93	383	63	382	62
62	334	51	336	66	375	60	351	55	353	64
97	234	20	213	12	202	10	206	164	595	161	586	159	587	162	298	38	288	34
11	210	16	221	17	223	18	227	45	313	46
16	216	13	211	12	202	10	204	24	251	56	359	64	353	55
157	585	156	576	150	441	89	424	84	191	7	186	6	187	9	199	27	181	4	174	2	176	16
80	414	79	413	78
8	194	9	200	163	423	83	422	90	425	84	424	89	441	150	576	156	582	153	583	157
33	281	36	292	56	359	64	378	61	379	69	395	127	543	125	545	136	554	129	521	118
33	282	39	301	77	411	78	413	79	414	80
148	569	145	570	149	172	1	167	0	167	1	169	2	175	5	182	9	187	6	186	7	190	83
134	477	107	474	121	534	131	557	132	558	142	339	52	338	62
136	554	129	521	118	465	106	470	133	559	137	538	123	402	72	377	60	367	58	368	62
165	598	162	587	159	294	36	259	28	261	40	283	33	284	41	303	44
20	234	97	316	45	313	46	320	48	320	46	322	148	566	144
2	175	5	182	9	196	10	204	24	244	23	247	57	364	64	385	70	350	54	348	60	367	58	333	51	334	62
95	442	93	344	53	304	41	284	33	283	40	261	28	260	37	295	38	298	162
34	272	31	274	40	290	36	292	56	359	64	378	61	379	69	395	127	543	125	545	136	554	129	521	118
158	584	155	580	152	577	151	578	153	581	154
101	460	104	384	63	342	53	304	41	284	33
132	502	113	399	72	401	115	380	61
101	460	104	384	63	382	62	338	52	330	50	332	71	398	114	498	113	501	131	534	121	474	107	477	134	487	110
11	201	10	205	25	249	24	249	25	254	26	256	56	359	64	385	70	350	54	340	53	344	93	444	105	461	101
139	483	109	484	140	525	119	516	117	239	21	232	20	213	12	212	14	218	16
78	413	79	311	44	307	42
148	322	46	313	45	316	97	234	20
78	411	77	301	39	278	32	276	34	287	37	295	38	298	162	599	166	594	160	591	163	200	9	194	8	194	9	197	11	210	16
95	446	101
165	601	164	206	10	195	8	194	9	197	11	210	16
55	352	61	363	57	247	23	241	22	214	12	207	11	210	16
115	380	61	363	57	366	117	520	140	562	138	457	99	453	97	316	45	313	46
42	302	41	306	70	385	64	353	55	354	69	395	127	543	125	545	136	551	128	552	139
141	357	55	353	64	359	56	256	26	257	161	596	165	598	162	433	86	432	92
141	531	120	466	106	464	107	477	134	560	139
78	411	77	308	42	302	41	306	70	355	55	352	61
109	484	140	562	138	457	99	453	97	316	45	313	46	320	48	320	46	322	148	322	46	320	48	327	49	328	73	404	144
134	477	107	464	106	468	124
101	373	59	372	63	342	53	343	65	386	70	360	56	362	161	595	164	206	10	201	11
97	234	20	232	21	237	23	247	57	363	61	352	55
62	334	51	333	58	341	53	310	44
118	523	139	489	110	478	109	479	111	456	99	453	97	316	45	313	46	320	48	320	46	322	148	322	46	320	48	327	49	328	73	404	144
132	502	113	503	137	514	116	515	141	531	120	527	125	517	117	516	119
34	276	32	278	39	301	77	412	82	412	77	411	78	413	79	414	80
22	243	25	249	24	252	161	597	166	439	88	438	92	436	87	435	91	440	89	441	150	576	156	582	153	583	157
33	284	41	304	53	344	93	444	105	461	101
158	584	155	580	152	577	151	579	157
53	340	54	346	55	354	69	395	127	543	125	517	117	516	119
29	262	35	277	32	270	31	271	33
16	219	15	220	19	229	20	232	21	239	117	516	119	516	117	517	125	544	129	521	118
33	271	31	258	28	259	36	294	159	586	161	595	164	206	10	201	11
139	523	118	465	106	470	133	559	137	538	123	402	72	377	60	367	58	368	62
78	411	77	308	42	302	41	291	36	292	56	358	57	366	117	517	125
118	521	129	554	136	545	125	543	127	395	69	354	55	353	64	385	70	306	41	302	42	308	77	411	78
55	351	60	377	72	399	113	501	131
62	334	51	336	66	375	60	351	55	352	61	363	57	247	23	241	22	214	12	207	11	210	16
163	200	9	194	8	195	10	204	24	244	23	247	57	364	64
62	334	51	336	66	375	60	351	55	352	61	363	57	247	23	241	22	214	12	198	9	182	5	175	2
33	271	31	258	28	259	36	294	159	586	161	595	164	255	25	243	22	233	20	235	99
62	338	52	330	50	332	71	398	114	498	113	501	131	534	121	474	107	477	134	560	139
132	558	142	339	52	338	62
118	465	106	467	122	537	137	538	123	402	72	392	68	389	67	337	51	334	62	371	59	374	104	460	101
105	447	95	445	94	417	79	413	78	411	77	412	82
92	438	88	439	166	597	161	257	26	246	23	248	117	517	125
136	554	129	521	118	465	106	467	122	535	131	505	114	507	142
55	352	61	363	57	247	23	241	22	214	12	207	11	210	16
110	485	112	495	130	533	121	534	131	557	132	558	142	339	52	338	62
16	216	13	211	12	214	22	241	23	247	57	363	61	352	55	346	54	340	53
78	413	79	417	94	345	53	344	93	383	63	382	62
75	408	143	168	0	167	1	169	2	175	5	182	9	187	6
16	210	11	197	9	194	8	194	9	200	163	591	160	594	166	599	162	587	159	294	36	259	28	261	40	283	33	282	39	299	42	308	77	411	78	413	79	414	80
101	460	104	384	63	382	62	338	52	330	50	332	71	398	114	498	113	501	131	534	121	474	107	477	134	487	110
62	334	51	333	58	341	53	304	41	284	33
132	502	113	503	137	514	116	515	141	531	120	527	125	517	117	239	21	236	22	203	10	195	8
16	210	11	197	9	194	8	195	10	206	164	601	165
96	448	97	453	99	457	138	562	140	561	136
118	465	106	467	122	535	131	557	132
16	219	15	220	19	229	20	232	21	239	117	516	119	525	140	561	136	554	129	521	118	465	106
76	410	144
2	176	16	219	15	220	19	229	20	232	21	239	117	518	127	549	141
132	502	113	503	137	514	116	515	141	531	120	527	125	517	117	239	21	232	20	213	12	212	14	218	16	176	2
62	334	51	333	58	341	53	343	65	386	70	360	56	361	159	588	165
22	236	21	232	20	234	97
61	363	57	247	23	237	21	232	20	235	99
33	281	36	292	56	358	57	366	117	519	136	482	109
2	176	16	219	15	220	19	229	20	232	21	239	117	516	119	525	140	553	128	552	139
148	322	46	320	48	320	46	313	45	316	97	453	99	457	138	562	140	561	136
16	176	2	169	1	167	0
16	210	11	197	9	189	7	190	83
16	176	2	169	1	172	149	574	147	571	146	563	143	409	76
133	513	116	511	123	402	72	377	60	367	58	368	62
16	216	13	211	12	202	10	204	24	251	56	359	64	353	55
139	483	109	484	140	525	119	516	117	239	21	232	20	213	12	212	14	209	11
12	202	10	205	25	254	26	246	23	247	57	364	64	385	70	350	54	340	53	344	93	444	105	461	101
62	338	52	330	50	332	71	391	68	392	72	401	115	508	116	515	141	531	120	527	125	517	117	516	119
53	342	63	372	59	373	101
75	408	143	564	147	574	149	172	1	170	3	173	2
110	478	109	482	136	545	125	517	117	248	23	241	22	203	10	195	8	194	9	199	27	181	4
2	176	16	219	15	220	19	229	20	232	21	239	117	517	125	527	120	531	141	515	116	514	137	503	113	502	132
165	598	162	587	159	294	36	259	28	261	40	283	33	285	42	302	41	304	53	341	58	368	62
154	581	153	578	151	577	152	577	151	579	157
16	219	15	220	19	229	20	232	21	239	117	517	125	527	120	531	141	515	116	508	115	401	72	392	68
16	219	15	220	19	229	20	232	21	239	117	516	119	525	140	561	136	554	129	521	118	465	106
61	363	57	247	23	245	25	249	24	252	161	597	166	439	88	421	83	422	90	422	83
20	213	12	202	10	206	164	595	161	586	159	587	162	587	159	294	36	281	33
34	272	31	274	40	290	36	292	56	358	57	363	61
62	338	52	330	50	332	71	398	114	498	113	501	131	534	121	474	107	477	134	560	139
141	357	55	346	54	340	53	344	93	442	95
101	460	104	384	63	342	53	340	54	346	55
22	236	21	239	117	517	125	545	136	554	129	521	118
16	219	15	220	19	229	20	232	21	239	117	517	125	527	120	531	141	515	116	514	137	503	113	502	132
144	565	146	571	147	574	149	172	1	170	3	173	2	175	5	182	9	196	10	204	24	250	26	246	23	247	57	364	64	385	70	350	54	347	58	333	51	334	62
61	379	69	394	120	466	106	464	107	474	121
46	313	45	316	97	453	99	456	111	479	109	478	110	489	139	523	118	465	106	470	133	559	137	538	123	402	72	377	60	367	58	368	62
158	584	155	580	152	577	151	578	153	581	154	429	85	428	91	435	87	436	92	438	88	439	166	603	165
2	176	16	219	15	220	19	229	20	232	21	239	117	516	119	525	140	484	109	481	128	552	139	560	134	477	107	474	121
62	338	52	330	50	332	71	391	68	392	72	401	115	508	116	515	141	531	120	527	125	517	117	239	21	232	20
86	426	85	426	86	432	92
132	502	113	503	137	514	116	515	141	531	120	527	125	517	117	239	21	232	20	213	12	212	14	218	16
56	362	161	586	159	587	162	298	38	288	34
22	214	12	211	13	208	11	210	16	221	17	225	145	569	148
33	284	41	304	53	341	58	368	62
62	334	51	333	58	341	53	343	65	386	70	360	56	362	161	597	166	439	88	421	83
92	438	88	439	166	597	161	362	56	292	36
118	521	129	554	136	561	140	525	119	516	117	239	21	232	20
83	190	7	186	6
144	404	73	328	49	327	48	323	47	324	96
132	558	142	339	52	330	50	331	67	337	51	333	58	341	53	310	44
163	200	9	197	11	210	16
16	210	11	197	9	200	163
33	281	36	292	56	359	64	353	55	354	69	395	127	543	125	545	136	554	129	521	118
157	579	151	577	152	577	151	577	152	580	155
16	221	17	223	18	226	19	231	97	453	99	457	138
119	516	117	239	21	236	22	203	10	195	8	194	9	187	6
6	187	9	196	10	203	22	236	21	239	117	516	119	524	138
110	487	134	522	118	465	106	470	133	559	137	538	123	402	72	392	68	389	67	337	51	334	62	371	59	373	101
62	371	59	373	101
16	210	11	201	10	206	164	601	165
118	465	106	467	122	535	131	557	132	558	142	339	52	338	62
101	373	59	372	63	335	51	337	67	331	50	332	71	398	114	498	113	499	122	475	107	472	112	495	130
141	357	55	355	70	293	36	259	28	258	31	272	34
157	583	153	582	156	576	150	441	89	440	91	435	87	436	92	432	86	268	30	265	34
10	203	22	241	23	247	57	363	61
157	579	151	579	157	585	156	576	150	441	89	424	84	191	7	186	6	187	9	199	27	181	4	174	2	176	16
16	176	2	169	1	167	0	167	1	169	2	175	5	182	9	187	6	186	7	191	84	424	89	441	150	576	156	582	153	583	157
101	460	104	463	105	447	95	445	94	312	44	307	42	299	39	278	32	276	34
78	413	79	417	94	345	53	344	93	383	63	382	62
61	363	57	366	117	519	136	551	128	552	139
30	268	86	432	92
129	544	125	517	117	239	21	232	20	213	12	212	14	218	16
138	457	99	450	96	315	45	313	46	322	148
139	523	118	465	106	467	122	535	131	557	132	558	142	339	52	338	62
136	554	129	521	118	465	106	470	133	559	137	538	123	402	72	377	60	367	58	368	62
93	344	53	340	54	346	55	354	69	394	120	530	136
62	334	51	336	66	375	60	351	55	352	61	363	57	247	23	241	22	214	12	207	11	210	16
62	371	59	374	104	460	101
29	262	35	266	30	268	86	426	85	426	86	432	92	438	88	439	166	603	165
80	414	79	413	78	413	79	311	44	310	53	341	58	368	62
46	313	45	316	97	234	20	232	21	237	23	247	57	363	61
62	338	52	330	50	332	71	397	72	401	115	508	116	515	141	531	120	527	125	517	117	239	21	232	20
34	272	31	274	40	290	36	292	56	359	64	378	61	379	69	395	127	543	125	545	136	551	128	481	109	478	110
20	213	12	202	10	206	164	601	165
82	412	77	308	42	299	39	282	33	281	36	292	56
62	338	52	330	50	332	71	398	114	498	113	499	122	532	121
141	510	115	356	55	346	54	347	58	368	62
55	353	64	359	56	251	24	204	10	195	8
6	186	7	191	84	424	89	441	150	576	156	582	153	583	157
34	272	31	274	40	290	36	292	56	359	64	378	61	379	69	395	127	543	125	545	136	551	128	481	109	478	110
95	445	94	417	79	413	78	413	79	414	80
62	338	52	339	142	558	132	557	131	556	130	533	121	474	107	477	134	487	110
62	338	52	330	50	332	71	391	68	392	72	402	123	538	137	559	133	470	106	465	118	523	139	489	110	478	109	479	111	456	99	453	97	316	45	313	46
157	583	153	582	156	576	150	441	89	440	91	435	87	436	92	432	86	268	30	265	34
11	209	14	217	15	220	19	229	20	232	21	239	117	516	119	516	117	519	136
78	413	79	311	44	310	53	340	54	348	60	377	72	399	113	501	131
34	287	37	295	38	298	162	599	166	594	160	591	163	200	9	197	11	210	16
62	334	51	333	58	341	53	304	41	284	33	271	31	272	34	265	30
95	442	93	344	53	340	54	346	55	352	61	363	57	247	23	241	22
118	521	129	544	125	517	117	248	23	245	25	249	24	252	161	597	166	439	88	438	92
157	579	151	577	152	577	151	578	153	581	154
55	355	70	293	36	290	40	274	31	272	34
110	485	112	495	130	533	121	534	131
148	322	46	320	48	323	47	326	98	449	96	451	100	458	111	491	135	497	112
128	550	129	544	125	543	127	395	69	379	61	378	64	359	56	292	36	281	33
163	200	9	197	11	210	16
8	194	9	187	6	187	9	182	5	175	2	169	1	167	0	167	1	172	149	574	147	571	146	406	74	405	144
165	593	160	591	163
62	334	51	333	58	341	53	304	41	284	33	271	31	272	34
101	373	59	371	62
55	346	54	340	53	344	93	444	105	461	101
113	500	123	402	72	377	60	367	58	368	62
92	438	88	437	90	422	83	190	7	186	6	187	9	199	27	181	4	174	2
16	210	11	197	9	194	8	195	10	206	164	601	165	598	162	298	38	288	34
157	585	156	576	150	441	89	424	84	191	7	186	6	187	9	199	27	181	4	174	2
139	483	109	482	136	545	125	543	127	395	69	354	55	353	64	359	56	292	36	281	33
20	213	12	202	10	206	164	601	165
109	481	128	551	136	554	129	521	118	521	129	544	125	517	117	239	21	232	20	213	12	198	9	189	7	191	84	191	7	189	9	196	10	204	24	251	56	360	70	350	54	347	58	368	62
16	176	2	169	1	172	149	570	145	567	146	565	144
78	411	77	308	42	302	41	306	70	385	64	364	57	366	117	519	136
118	465	106	468	124	512	116	508	115	356	55	346	54	350	70	293	36	290	40	274	31	272	34
110	487	134	522	118	465	106	470	133	559	137	538	123	402	72	377	60	367	58	368	62
139	483	109	484	140	562	138	457	99
33	284	41	303	44	311	79	413	78
62	334	51	336	66	375	60	351	55	352	61	363	57	247	23	241	22
110	478	109	484	140	525	119	516	117	239	21	232	20	213	12	212	14	209	11
61	378	64	359	56	292	36	281	33
99	235	20	213	12	202	10	206	164	601	165
8	195	10	206	164	253	24	251	56	359	64	353	55
120	394	69	393	115	509	123	402	72	392	68	389	67	337	51	334	62	371	59	374	104	460	101
2	169	1	172	149	574	147	571	146	563	143	409	76	410	144	404	73
61	363	57	247	23	241	22	214	12	211	13	208	11	210	16	221	17	225	145	569	148
41	303	44	312	94	445	95	447	105	461	101
1	172	149	574	147
144	404	73	328	49	327	48	320	46	322	148	322	46	320	48	320	46	313	45	316	97	453	99	457	138	492	111	479	109
34	272	31	274	40	290	36	292	56	359	64	364	57	366	117	519	136
62	338	52	330	50	332	71	397	72	401	115	393	69	394	120	527	125
16	219	15	220	19	229	20	232	21	239	117	516	119	525	140	546	125	544	129	521	118
16	216	13	211	12	214	22	241	23	247	57	363	61
61	363	57	247	23	241	22	203	10	195	8
33	271	31	258	28	259	36	294	159	589	166	439	88	421	83	422	90	422	83
55	346	54	349	65	305	41	302	42	308	77	411	78
92	438	88	439	166	597	161	362	56	359	64	378	61	379	69	396	141	542	124	468	106	465	118
62	338	52	330	50	332	71	391	68	392	72	401	115	508	116	515	141	531	120	527	125	517	117	516	119
16	216	13	211	12	214	22	241	23	247	57	363	61
11	209	14	217	15	220	19	229	20	232	21	239	117	516	119	525	140	484	109	483	139
34	272	31	274	40	290	36	293	70	350	54	346	55	356	115	508	116	513	133	536	122	475	107	472	112	495	130
136	530	120	531	141	515	116	508	115	356	55	346	54	347	58	368	62
78	413	79	415	81
157	583	153	582	156	576	150	441	89	440	91	435	87	436	92	432	86	268	30	265	34	276	32	278	39	299	42	307	44	312	94	345	53	344	93	383	63	382	62
16	176	2	169	1	172	149	570	145	567	146	565	144
92	436	87	435	91	428	85	429	154
155	580	152	577	151	579	157
34	287	37	295	38	298	162	599	166	594	160	591	163	200	9	197	11	210	16
82	420	81	418	80
165	593	160	591	163
157	583	153	582	156	576	150	441	89	440	91	435	87	436	92	438	88	439	166	597	161	252	24	250	26	246	23	248	117	517	125	545	136	551	128	552	139
62	334	51	336	66	375	60	351	55	353	64	359	56	256	26
60	348	54	350	70	293	36	281	33
92	438	88	439	166	597	161	252	24	250	26
62	338	52	330	50	332	71	397	72	402	123	538	137	537	122	467	106	465	118
70	360	56	251	24	204	10	195	8
110	478	109	484	140	525	119	516	117	239	21	232	20	213	12	212	14	218	16
2	176	16	219	15	220	19	229	20	232	21	239	117	516	119	525	140	546	125	544	129	521	118
118	465	106	470	133	559	137	538	123	402	72	377	60	367	58	368	62
56	251	24	204	10	201	11	210	16
121	532	122	536	133	513	116	508	115	356	55	346	54	349	65	305	41	302	42	308	77	411	78
62	334	51	336	66	370	58	347	54	350	70
16	176	2	169	1	167	0	167	1	169	2	175	5	182	9	187	6	186	7	191	84	424	89	441	150	576	156	582	153	583	157
20	232	21	239	117	518	127	549	141	515	116	508	115	356	55	346	54	347	58	368	62
16	221	17	225	145	568	147
92	438	88	439	166	597	161	362	56	358	57	363	61
78	411	77	301	39	278	32	276	34	287	37	295	38	298	162	599	166	594	160	591	163
20	233	22	243	25	255	164	595	161	586	159	587	162	587	159	294	36	259	28	261	40	283	33	282	39	301	77	411	78
16	219	15	220	19	229	20	232	21	239	117	516	119	525	140	484	109
52	330	50	332	71	397	72	402	123	538	137	559	133	470	106	465	118	521	129	550	128	481	109
62	334	51	333	58	341	53	304	41	284	33	271	31
144	404	73	328	49	327	48	320	46	322	148	322	46	320	48	320	46	313	45	316	97	234	20
8	195	10	206	164	206	10	202	12	213	20	235	99	456	111	491	135	497	112	494	121
118	465	106	470	133	559	137	538	123	402	72	392	68	389	67	337	51	334	62	371	59	374	104	460	101
62	334	51	336	66	375	60	351	55	352	61	363	57	247	23	241	22	214	12	211	13	216	16	176	2
20	213	12	202	10	206	164	595	161	586	159	587	162	298	38	288	34
20	233	22	243	25	254	26	256	56	359	64	385	70	350	54	340	53	344	93	442	95
131	534	121	474	107	477	134	560	139
157	585	156	576	150	441	89	424	84	425	90	437	88	438	92	438	88	439	166	597	161	362	56	359	64	353	55	354	69	396	141	542	124	468	106	465	118
64	359	56	251	24	242	22	233	20
92	432	86	268	30	265	34
62	371	59	374	104	460	101
144	404	73	328	49	327	48	320	46	321	145	225	17	179	3	173	2
26	256	56	360	70	350	54	340	53
16	219	15	220	19	229	20	232	21	239	117	518	127	549	141
22	233	20	235	99
42	308	77	411	78	413	79	414	80
118	465	106	468	124	512	116	508	115	356	55	346	54	350	70	293	36	290	40	274	31	272	34
34	272	31	274	40	290	36	293	70	350	54	348	60	376	68
6	187	9	196	10	203	22
62	338	52	330	50	332	71	397	72	399	113	499	122	467	106	469	129	550	128
148	322	46	320	48	327	49	329	76
62	338	52	330	50	332	71	397	72	402	123	538	137	537	122	467	106	465	118
157	583	153	582	156	576	150	441	89	440	91	435	87	436	92	438	88	439	166	597	161	362	56	358	57	363	61
16	210	11	207	12	202	10	204	24	251	56	292	36
101	460	104	384	63	382	62	338	52	330	50	332	71	398	114	498	113	499	122	532	121
46	313	45	227	18	226	19	222	16	176	2
6	187	9	182	5	175	2	169	1	172	149	574	147
34	287	37	295	38	298	162	587	159	586	161	595	164	255	25	243	22	233	20
157	579	151	577	152	580	155
92	432	86	268	30	265	34	276	32	278	39	301	77	411	78
44	303	41	284	33	283	40	296	37	295	38	267	30	267	38
83	423	163	591	160
62	338	52	330	50	332	71	398	114	498	113	499	122	532	121
97	231	19	222	16	210	11	197	9	200	163
44	312	94	445	95
28	259	36	294	159	586	161	595	164	255	25	205	10	202	12	198	9	182	5	175	2
78	411	77	301	39	278	32	276	34
34	287	37	295	38	298	162	599	166	594	160	591	163	200	9	194	8	194	9	197	11	183	5	175	2
144	404	73	328	49	327	48	323	47	324	96	450	99
26	256	56	360	70	350	54	340	53	344	93	442	95
33	282	39	301	77	411	78	413	79	414	80
83	190	7	186	6
118	521	129	554	136	561	140	525	119	516	117	239	21	232	20	213	12	212	14	209	11
33	284	41	303	44	312	94	445	95	447	105	461	101
16	210	11	197	9	194	8	194	9	200	163	423	83	422	90	437	88	438	92
20	234	97	316	45	313	46	320	48	320	46	322	148	322	46	320	48	327	49	328	73	404	144
80	414	79	413	78
144	404	73	328	49	327	48	320	46	322	148	322	46	320	48	320	46	313	45	316	97	234	20
99	235	20	233	22	243	25	255	164	595	161	586	159	587	162	587	159	294	36	281	33
101	460	104	384	63	382	62	338	52	330	50	330	52	339	142	507	114	505	131
16	221	17	223	18	227	45	315	96
33	283	40	261	28	259	36	294	159	586	161	595	164	253	24	242	22	214	12	198	9	182	5	175	2
83	423	163	200	9	194	8	194	9	197	11	210	16	221	17	223	18	227	45	316	97
61	363	57	247	23	241	22	214	12	211	13	208	11	210	16	176	2	169	1	172	149	574	147	571	146	406	74	405	144
148	322	46	313	45	315	96	450	99	457	138
106	466	120	527	125	517	117	248	23	245	25	255	164	601	165
158	584	155	580	152	577	151	579	157
62	338	52	339	142	507	114	505	131	534	121
6	187	9	197	11
29	262	35	286	34	287	37	295	38	298	162	587	159	586	161	595	164	206	10	203	22
104	384	63	335	51	337	67	331	50	332	71	391	68
22	243	25	249	24	252	161	586	159	587	162	587	159	294	36	259	28	261	40	283	33	284	41	303	44
46	313	45	316	97	453	99	456	111	479	109	478	110
92	438	88	439	166	597	161	257	26	246	23	248	117
20	232	21	239	117	517	125	527	120	531	141	515	116	508	115	401	72	392	68	389	67	337	51	334	62	371	59	373	101
165	603	166	439	88	438	92	436	87	435	91	440	89	441	150	576	156	582	153	583	157
144	404	73	328	49	327	48	320	46	322	148	322	46	320	48	320	46	313	45	316	97	453	99	457	138	562	140	561	136
83	421	88	439	166	597	161	362	56	359	64	353	55
118	521	129	554	136	545	125	543	127	395	69	354	55	353	64	359	56	292	36	281	33
33	281	36	292	56	359	64	353	55	354	69	395	127	543	125	545	136	551	128	552	139
136	519	117	518	127	395	69	354	55	353	64	359	56	292	36	259	28	258	31	273	37	295	38	267	30
62	338	52	330	50	332	71	398	114	498	113	501	131	534	121	474	107	477	134	560	139
55	356	115	508	116	512	124	468	106	471	134
